# MagicaVoxel @ Ephtracy

# group
o 

# material
mtllib OBL1.mtl
usemtl palette

# normals
vn -1 0 0
vn 1 0 0
vn 0 0 1
vn 0 0 -1
vn 0 -1 0
vn 0 1 0

# texcoords
vt 0.525391 0.5
vt 0.552734 0.5
vt 0.556641 0.5
vt 0.837891 0.5
vt 0.849609 0.5
vt 0.865234 0.5
vt 0.916016 0.5
vt 0.955078 0.5
vt 0.978516 0.5
vt 0.982422 0.5
vt 0.986328 0.5
vt 0.990234 0.5
vt 0.994141 0.5

# verts
v -2.2 4.9 0.9
v -2.2 4.9 0.7
v -2.2 5 0.9
v -2.2 5 0.8
v -2.2 5.1 0.8
v -2.2 5.1 0.7
v -2.2 5.1 0.6
v -2.2 5.2 0.6
v -2.2 5.2 0.4
v -2.2 5.3 0.7
v -2.2 5.3 0.4
v -2.1 4.7 0.2
v -2.1 4.7 0.1
v -2.1 4.8 1.1
v -2.1 4.8 0.9
v -2.1 4.8 0.2
v -2.1 4.8 0.1
v -2.1 4.8 0
v -2.1 4.9 1.1
v -2.1 4.9 0.9
v -2.1 4.9 0.1
v -2.1 4.9 0
v -2.1 4.9 -0.0999999
v -2.1 5.1 0.2
v -2.1 5.1 0
v -2.1 5.1 -0.0999999
v -2.1 5.2 0.4
v -2.1 5.2 0.3
v -2.1 5.2 0.2
v -2.1 5.2 0.1
v -2.1 5.2 0
v -2.1 5.3 0.4
v -2.1 5.3 0.3
v -2.1 5.3 0.1
v -2.1 5.4 0.4
v -2.1 5.4 0.3
v -2 4.4 2.3
v -2 4.4 2.2
v -2 4.6 1.3
v -2 4.6 1.2
v -2 4.6 0.3
v -2 4.6 0.2
v -2 4.7 1.3
v -2 4.7 1.2
v -2 4.7 1
v -2 4.7 0.3
v -2 4.7 0.2
v -2 4.8 1.2
v -2 4.8 1.1
v -2 4.8 1
v -2 4.8 0
v -2 4.8 -0.0999999
v -2 4.9 2.3
v -2 4.9 2.2
v -2 4.9 0
v -2 4.9 -0.0999999
v -2 5.4 0.4
v -2 5.4 0.3
v -2 5.5 0.4
v -2 5.5 0.3
v -1.9 4.3 2.3
v -1.9 4.3 2.2
v -1.9 4.4 2.3
v -1.9 4.4 2.2
v -1.9 4.4 2.1
v -1.9 4.4 1.6
v -1.9 4.4 1.4
v -1.9 4.4 1.3
v -1.9 4.5 1.6
v -1.9 4.5 1.4
v -1.9 4.5 1.3
v -1.9 4.5 1.1
v -1.9 4.6 1.3
v -1.9 4.6 1.2
v -1.9 4.7 1.3
v -1.9 4.7 1.2
v -1.9 4.7 1.1
v -1.9 4.8 1.3
v -1.9 4.8 1.2
v -1.9 4.8 -0.0999999
v -1.9 4.8 -0.3
v -1.9 4.9 2.3
v -1.9 4.9 2.2
v -1.9 4.9 2.1
v -1.9 4.9 1.4
v -1.9 4.9 1.3
v -1.9 4.9 -0.0999999
v -1.9 4.9 -0.3
v -1.9 5 2.3
v -1.9 5 2.2
v -1.9 5.4 0.3
v -1.9 5.4 0.2
v -1.9 5.5 0.3
v -1.9 5.5 0.2
v -1.8 4.2 2.3
v -1.8 4.2 2.2
v -1.8 4.3 2.3
v -1.8 4.3 2.2
v -1.8 4.3 2.1
v -1.8 4.3 1.5
v -1.8 4.3 1.4
v -1.8 4.3 1.2
v -1.8 4.4 2.2
v -1.8 4.4 2.1
v -1.8 4.4 1.6
v -1.8 4.4 1.5
v -1.8 4.4 1.4
v -1.8 4.4 1.3
v -1.8 4.5 1.3
v -1.8 4.5 1.2
v -1.8 4.5 1.1
v -1.8 4.5 1
v -1.8 4.5 0.7
v -1.8 4.5 0.6
v -1.8 4.6 0.8
v -1.8 4.6 0.7
v -1.8 4.6 0.6
v -1.8 4.6 0.5
v -1.8 4.6 0.4
v -1.8 4.6 0.3
v -1.8 4.7 1.1
v -1.8 4.7 0.4
v -1.8 4.7 0.3
v -1.8 4.8 1.3
v -1.8 4.8 1.2
v -1.8 4.8 1.1
v -1.8 4.8 1
v -1.8 4.8 0.8
v -1.8 4.8 0.5
v -1.8 4.8 -0.3
v -1.8 4.8 -0.4
v -1.8 4.9 2.2
v -1.8 4.9 2.1
v -1.8 4.9 1.4
v -1.8 4.9 1.3
v -1.8 4.9 1.2
v -1.8 4.9 -0.3
v -1.8 4.9 -0.4
v -1.8 5 2.2
v -1.8 5 2.1
v -1.8 5 1.4
v -1.8 5 1.3
v -1.8 5.5 0.3
v -1.8 5.5 0.2
v -1.8 5.5 0.1
v -1.8 5.6 0.3
v -1.8 5.6 0.1
v -1.7 0 -0.8
v -1.7 0 -0.9
v -1.7 0.1 -0.8
v -1.7 0.1 -0.9
v -1.7 4.2 0.7
v -1.7 4.2 0.4
v -1.7 4.3 0.9
v -1.7 4.3 0.7
v -1.7 4.3 0.6
v -1.7 4.3 0.5
v -1.7 4.3 0.4
v -1.7 4.3 0.3
v -1.7 4.4 1.2
v -1.7 4.4 1.1
v -1.7 4.4 1
v -1.7 4.4 0.9
v -1.7 4.4 0.8
v -1.7 4.4 0.6
v -1.7 4.4 0.5
v -1.7 4.4 0.3
v -1.7 4.5 1.2
v -1.7 4.5 1.1
v -1.7 4.5 1
v -1.7 4.5 0.9
v -1.7 4.5 0.8
v -1.7 4.5 0.7
v -1.7 4.5 0.6
v -1.7 4.5 0.5
v -1.7 4.6 0.8
v -1.7 4.6 0.7
v -1.7 4.6 0.6
v -1.7 4.6 0.5
v -1.7 4.6 0.4
v -1.7 4.7 1.2
v -1.7 4.7 1.1
v -1.7 4.7 0.4
v -1.7 4.7 -0.5
v -1.7 4.7 -0.6
v -1.7 4.8 1.1
v -1.7 4.8 1
v -1.7 4.8 0.9
v -1.7 4.8 0.8
v -1.7 4.8 0.6
v -1.7 4.8 0.5
v -1.7 4.8 -0.4
v -1.7 4.8 -0.5
v -1.7 4.9 1.3
v -1.7 4.9 1.2
v -1.7 4.9 1
v -1.7 4.9 0.9
v -1.7 4.9 0.7
v -1.7 4.9 0.5
v -1.7 4.9 0.4
v -1.7 4.9 -0.4
v -1.7 4.9 -0.6
v -1.7 5 2.3
v -1.7 5 2.1
v -1.7 5 1.4
v -1.7 5 1.3
v -1.7 5 1.2
v -1.7 5 0.7
v -1.7 5 0.6
v -1.7 5.1 2.3
v -1.7 5.1 2.1
v -1.7 5.1 1.4
v -1.7 5.1 1.3
v -1.7 5.5 0.1
v -1.7 5.5 0
v -1.7 5.6 0.1
v -1.7 5.6 0
v -1.6 0 -0.7
v -1.6 0 -0.8
v -1.6 0.1 -0.7
v -1.6 0.1 -0.8
v -1.6 0.1 -0.9
v -1.6 0.2 -0.8
v -1.6 0.2 -0.9
v -1.6 4.1 1
v -1.6 4.1 0.8
v -1.6 4.2 1.1
v -1.6 4.2 1
v -1.6 4.2 0.8
v -1.6 4.3 1.2
v -1.6 4.3 1.1
v -1.6 4.3 1
v -1.6 4.4 1.2
v -1.6 4.4 1.1
v -1.6 4.4 0.8
v -1.6 4.4 0.6
v -1.6 4.4 0.5
v -1.6 4.4 0.4
v -1.6 4.4 0.3
v -1.6 4.5 0.8
v -1.6 4.5 0.7
v -1.6 4.5 0.5
v -1.6 4.5 0.4
v -1.6 4.5 0.3
v -1.6 4.6 0.5
v -1.6 4.6 0.4
v -1.6 4.6 0.3
v -1.6 4.6 0.2
v -1.6 4.6 -0.6
v -1.6 4.6 -0.7
v -1.6 4.7 0.4
v -1.6 4.7 0.3
v -1.6 4.7 -0.6
v -1.6 4.8 0.6
v -1.6 4.8 0.5
v -1.6 4.8 -0.6
v -1.6 4.8 -0.7
v -1.6 4.9 0.5
v -1.6 4.9 0.4
v -1.6 4.9 0.2
v -1.6 5 1.3
v -1.6 5 1.2
v -1.6 5 1
v -1.6 5 0.9
v -1.6 5 0.6
v -1.6 5 0.5
v -1.6 5.1 1.3
v -1.6 5.1 1.2
v -1.6 5.1 1
v -1.6 5.1 0.9
v -1.6 5.4 0.1
v -1.6 5.4 -0.0999999
v -1.6 5.5 0.1
v -1.6 5.5 0
v -1.6 5.5 -0.0999999
v -1.5 0 -0.9
v -1.5 0 -1
v -1.5 0.1 -0.7
v -1.5 0.1 -0.8
v -1.5 0.2 -0.7
v -1.5 0.2 -0.8
v -1.5 0.2 -0.9
v -1.5 0.2 -1
v -1.5 4.5 0.4
v -1.5 4.5 0.3
v -1.5 4.6 0.4
v -1.5 4.6 0.3
v -1.5 4.6 0.2
v -1.5 4.6 0.1
v -1.5 4.6 -0.7
v -1.5 4.6 -0.8
v -1.5 4.7 0.1
v -1.5 4.7 0
v -1.5 4.7 -0.7
v -1.5 4.7 -0.8
v -1.5 4.8 0.2
v -1.5 4.8 0.1
v -1.5 4.9 0.5
v -1.5 4.9 0.4
v -1.5 4.9 0.3
v -1.5 4.9 0.2
v -1.5 4.9 0
v -1.5 5 0.5
v -1.5 5 0.4
v -1.5 5 0.3
v -1.5 5 0.2
v -1.5 5.1 1
v -1.5 5.1 0.9
v -1.5 5.1 0.8
v -1.5 5.2 1
v -1.5 5.2 0.9
v -1.5 5.2 0.8
v -1.5 5.2 0.6
v -1.5 5.3 0.9
v -1.5 5.3 0.7
v -1.5 5.3 0
v -1.5 5.3 -0.2
v -1.5 5.4 0.7
v -1.5 5.4 0.6
v -1.5 5.4 0
v -1.5 5.4 -0.0999999
v -1.5 5.4 -0.2
v -1.4 0 -0.4
v -1.4 0 -0.6
v -1.4 0 -0.7
v -1.4 0 -1
v -1.4 0 -1.1
v -1.4 0.1 -0.4
v -1.4 0.1 -0.5
v -1.4 0.2 -0.5
v -1.4 0.2 -0.6
v -1.4 0.2 -0.7
v -1.4 0.2 -0.8
v -1.4 0.2 -0.9
v -1.4 0.2 -1
v -1.4 0.2 -1.1
v -1.4 0.3 -0.7
v -1.4 0.3 -0.8
v -1.4 0.3 -0.9
v -1.4 0.3 -1
v -1.4 4.1 0.8
v -1.4 4.1 0.6
v -1.4 4.2 0.8
v -1.4 4.2 0.6
v -1.4 4.4 0.3
v -1.4 4.4 0.2
v -1.4 4.5 0.3
v -1.4 4.5 0.2
v -1.4 4.5 0.1
v -1.4 4.5 0
v -1.4 4.6 0.3
v -1.4 4.6 0.1
v -1.4 4.6 0
v -1.4 4.6 -0.0999999
v -1.4 4.7 0.1
v -1.4 4.7 0
v -1.4 4.7 -0.0999999
v -1.4 4.8 0
v -1.4 4.8 -0.0999999
v -1.4 4.9 2.2
v -1.4 4.9 2.1
v -1.4 4.9 0
v -1.4 4.9 -0.0999999
v -1.4 5 2.2
v -1.4 5 2.1
v -1.4 5 0.4
v -1.4 5 0.3
v -1.4 5.1 0.4
v -1.4 5.1 0.3
v -1.4 5.2 -0.2
v -1.4 5.2 -0.3
v -1.4 5.3 0.6
v -1.4 5.3 0.3
v -1.4 5.3 -0.2
v -1.4 5.3 -0.3
v -1.4 5.4 0.6
v -1.4 5.4 0.3
v -1.3 0 -1.1
v -1.3 0 -1.2
v -1.3 0.1 -0.4
v -1.3 0.1 -0.5
v -1.3 0.1 -1.1
v -1.3 0.1 -1.2
v -1.3 0.2 -0.4
v -1.3 0.2 -0.5
v -1.3 0.2 -0.6
v -1.3 0.2 -1
v -1.3 0.2 -1.1
v -1.3 0.3 -0.5
v -1.3 0.3 -0.6
v -1.3 0.3 -0.9
v -1.3 0.3 -1
v -1.3 0.4 -0.9
v -1.3 0.4 -1.1
v -1.3 0.5 -1.2
v -1.3 0.5 -1.3
v -1.3 0.7 -1.2
v -1.3 0.7 -1.3
v -1.3 4 0.7
v -1.3 4 0.5
v -1.3 4.1 0.7
v -1.3 4.1 0.6
v -1.3 4.1 0.5
v -1.3 4.3 2.3
v -1.3 4.3 2.2
v -1.3 4.4 2.3
v -1.3 4.4 2.2
v -1.3 4.4 2.1
v -1.3 4.4 0.5
v -1.3 4.4 0.4
v -1.3 4.5 2.2
v -1.3 4.5 2.1
v -1.3 4.5 0.5
v -1.3 4.5 0.4
v -1.3 4.5 -0.8
v -1.3 4.5 -0.9
v -1.3 4.6 -0.8
v -1.3 4.7 -0.8
v -1.3 4.7 -0.9
v -1.3 4.8 2.2
v -1.3 4.8 2.1
v -1.3 4.9 2.3
v -1.3 4.9 2.2
v -1.3 4.9 2.1
v -1.3 4.9 0.2
v -1.3 4.9 0
v -1.3 4.9 -0.0999999
v -1.3 5 2.3
v -1.3 5 2.2
v -1.3 5 0.3
v -1.3 5 0.2
v -1.3 5.1 0.3
v -1.3 5.1 0.2
v -1.3 5.1 0.1
v -1.3 5.1 -0.0999999
v -1.3 5.1 -0.3
v -1.3 5.2 0.3
v -1.3 5.2 0.2
v -1.3 5.2 0.1
v -1.3 5.2 -0.0999999
v -1.3 5.2 -0.2
v -1.3 5.2 -0.3
v -1.3 5.3 0.3
v -1.3 5.3 0.2
v -1.3 5.4 0.3
v -1.3 5.4 0.2
v -1.2 0.1 -1.1
v -1.2 0.1 -1.2
v -1.2 0.2 -0.6
v -1.2 0.2 -0.7
v -1.2 0.2 -1.2
v -1.2 0.2 -1.3
v -1.2 0.3 -0.6
v -1.2 0.3 -0.7
v -1.2 0.3 -0.8
v -1.2 0.3 -0.9
v -1.2 0.4 -0.9
v -1.2 0.4 -1.1
v -1.2 0.4 -1.2
v -1.2 0.4 -1.3
v -1.2 0.4 -1.4
v -1.2 0.4 -1.5
v -1.2 0.5 -0.8
v -1.2 0.5 -0.9
v -1.2 0.5 -1.1
v -1.2 0.5 -1.2
v -1.2 0.5 -1.3
v -1.2 0.5 -1.4
v -1.2 0.5 -1.5
v -1.2 0.6 -0.9
v -1.2 0.6 -1.1
v -1.2 0.6 -1.2
v -1.2 0.6 -1.3
v -1.2 0.6 -1.4
v -1.2 3.9 0.6
v -1.2 3.9 0.4
v -1.2 4 0.6
v -1.2 4 0.5
v -1.2 4 0.4
v -1.2 4 0.3
v -1.2 4.1 0.4
v -1.2 4.1 0.3
v -1.2 4.4 2.3
v -1.2 4.4 2.2
v -1.2 4.5 2.3
v -1.2 4.5 2.2
v -1.2 4.5 2.1
v -1.2 4.5 0
v -1.2 4.5 -0.0999999
v -1.2 4.5 -0.9
v -1.2 4.5 -1
v -1.2 4.6 0
v -1.2 4.6 -0.0999999
v -1.2 4.6 -0.9
v -1.2 4.6 -1
v -1.2 4.7 0.7
v -1.2 4.7 0.6
v -1.2 4.8 2.3
v -1.2 4.8 2.2
v -1.2 4.8 2.1
v -1.2 4.8 0.7
v -1.2 4.8 0.6
v -1.2 4.8 -0.0999999
v -1.2 4.8 -0.2
v -1.2 4.9 2.3
v -1.2 4.9 2.2
v -1.2 4.9 0.4
v -1.2 4.9 0.3
v -1.2 4.9 -0.0999999
v -1.2 4.9 -0.2
v -1.2 5 0.4
v -1.2 5 0.3
v -1.2 5.1 0.4
v -1.2 5.1 0.3
v -1.2 5.1 0.2
v -1.2 5.1 0.1
v -1.2 5.1 -0.0999999
v -1.2 5.1 -0.2
v -1.2 5.2 0.2
v -1.2 5.2 0.1
v -1.2 5.2 0
v -1.2 5.2 -0.0999999
v -1.2 5.3 0.2
v -1.2 5.3 0
v -1.2 5.3 -0.0999999
v -1.1 0.1 -1.2
v -1.1 0.1 -1.3
v -1.1 0.2 -1.2
v -1.1 0.2 -1.3
v -1.1 0.2 -1.5
v -1.1 0.3 -0.7
v -1.1 0.3 -0.8
v -1.1 0.3 -1.4
v -1.1 0.3 -1.5
v -1.1 0.4 -0.7
v -1.1 0.4 -0.8
v -1.1 0.4 -1.2
v -1.1 0.4 -1.3
v -1.1 0.4 -1.4
v -1.1 0.4 -1.5
v -1.1 0.4 -1.6
v -1.1 0.5 -0.8
v -1.1 0.5 -0.9
v -1.1 0.5 -1.2
v -1.1 0.5 -1.3
v -1.1 0.5 -1.5
v -1.1 0.5 -1.6
v -1.1 0.6 -0.8
v -1.1 0.6 -0.9
v -1.1 0.6 -1
v -1.1 0.6 -1.1
v -1.1 0.6 -1.2
v -1.1 0.6 -1.3
v -1.1 0.6 -1.4
v -1.1 0.7 -0.9
v -1.1 0.7 -1
v -1.1 0.7 -1.1
v -1.1 0.7 -1.2
v -1.1 0.7 -1.3
v -1.1 0.7 -1.4
v -1.1 0.8 -0.9
v -1.1 0.8 -1
v -1.1 0.8 -1.1
v -1.1 0.8 -1.2
v -1.1 0.8 -1.3
v -1.1 0.9 -0.9
v -1.1 0.9 -1
v -1.1 0.9 -1.1
v -1.1 0.9 -1.2
v -1.1 1 -0.9
v -1.1 1 -1
v -1.1 4 0.3
v -1.1 4 0.1
v -1.1 4.1 0.3
v -1.1 4.1 0.2
v -1.1 4.2 0.2
v -1.1 4.2 0.1
v -1.1 4.2 0
v -1.1 4.3 0.1
v -1.1 4.3 0
v -1.1 4.3 -0.0999999
v -1.1 4.4 0
v -1.1 4.4 -0.0999999
v -1.1 4.5 2.3
v -1.1 4.5 2.2
v -1.1 4.5 0.4
v -1.1 4.5 0.3
v -1.1 4.5 0.1
v -1.1 4.5 0
v -1.1 4.5 -0.0999999
v -1.1 4.5 -0.3
v -1.1 4.5 -1
v -1.1 4.5 -1.1
v -1.1 4.6 0.4
v -1.1 4.6 0.3
v -1.1 4.6 0.1
v -1.1 4.6 0
v -1.1 4.6 -0.0999999
v -1.1 4.6 -0.3
v -1.1 4.6 -1
v -1.1 4.6 -1.1
v -1.1 4.7 -0.0999999
v -1.1 4.7 -0.3
v -1.1 4.8 2.3
v -1.1 4.8 2.2
v -1.1 4.8 0.7
v -1.1 4.8 0.6
v -1.1 4.8 0.5
v -1.1 4.8 -0.0999999
v -1.1 4.8 -0.2
v -1.1 4.9 0.7
v -1.1 4.9 0.5
v -1.1 4.9 -0.2
v -1.1 4.9 -0.3
v -1.1 5 0.5
v -1.1 5 0.4
v -1.1 5.1 0.5
v -1.1 5.1 0.4
v -1.1 5.1 0.3
v -1.1 5.1 0.2
v -1.1 5.2 0.3
v -1.1 5.2 0.2
v -1 0 -1.1
v -1 0 -1.2
v -1 0 -1.3
v -1 0 -1.4
v -1 0.1 -0.8
v -1 0.1 -1.1
v -1 0.1 -1.2
v -1 0.1 -1.3
v -1 0.1 -1.4
v -1 0.1 -1.5
v -1 0.2 -0.8
v -1 0.2 -1.1
v -1 0.2 -1.3
v -1 0.2 -1.5
v -1 0.2 -1.6
v -1 0.3 -1.5
v -1 0.3 -1.6
v -1 0.4 -0.7
v -1 0.4 -0.8
v -1 0.5 -0.7
v -1 0.5 -0.8
v -1 0.5 -1
v -1 0.5 -1.1
v -1 0.6 -1
v -1 0.6 -1.1
v -1 0.7 -0.8
v -1 0.7 -0.9
v -1 0.7 -1
v -1 0.7 -1.1
v -1 0.7 -1.2
v -1 0.8 -0.8
v -1 0.8 -0.9
v -1 0.8 -1
v -1 0.8 -1.1
v -1 0.8 -1.2
v -1 0.9 -0.8
v -1 0.9 -0.9
v -1 0.9 -1
v -1 0.9 -1.1
v -1 0.9 -1.2
v -1 1 -0.8
v -1 1 -0.9
v -1 1 -1
v -1 1.1 -0.8
v -1 1.1 -0.9
v -1 1.1 -1
v -1 1.1 -1.1
v -1 1.1 -1.2
v -1 1.2 -0.9
v -1 1.2 -1.1
v -1 1.2 -1.2
v -1 1.8 -1
v -1 1.8 -1.2
v -1 1.9 -0.8
v -1 1.9 -1
v -1 2 -0.8
v -1 2 -1.2
v -1 4.3 -0.0999999
v -1 4.3 -0.2
v -1 4.4 -0.0999999
v -1 4.4 -1
v -1 4.4 -1.1
v -1 4.5 -0.0999999
v -1 4.5 -0.2
v -1 4.5 -1
v -1 4.5 -1.1
v -1 4.9 0.6
v -1 4.9 0.5
v -1 4.9 -0.2
v -1 4.9 -0.3
v -1 5 0.5
v -1 5 -0.2
v -1 5 -0.3
v -1 5.1 0.6
v -1 5.1 0.5
v -0.9 0 -0.6
v -0.9 0 -0.8
v -0.9 0 -0.9
v -0.9 0 -1.1
v -0.9 0 -1.2
v -0.9 0 -1.3
v -0.9 0.1 -0.6
v -0.9 0.1 -0.8
v -0.9 0.1 -0.9
v -0.9 0.1 -1.1
v -0.9 0.1 -1.2
v -0.9 0.1 -1.3
v -0.9 0.2 -0.5
v -0.9 0.2 -0.6
v -0.9 0.2 -1.6
v -0.9 0.2 -1.7
v -0.9 0.3 -0.5
v -0.9 0.3 -0.6
v -0.9 0.3 -0.7
v -0.9 0.3 -1.5
v -0.9 0.3 -1.6
v -0.9 0.4 -0.6
v -0.9 0.4 -0.7
v -0.9 0.5 -1.3
v -0.9 0.5 -1.4
v -0.9 0.5 -1.5
v -0.9 0.5 -1.6
v -0.9 0.5 -1.7
v -0.9 0.6 -1.3
v -0.9 0.6 -1.4
v -0.9 0.7 -1.3
v -0.9 0.7 -1.4
v -0.9 0.7 -1.5
v -0.9 0.8 -1.2
v -0.9 0.8 -1.3
v -0.9 0.9 -0.7
v -0.9 0.9 -0.8
v -0.9 0.9 -1.3
v -0.9 0.9 -1.4
v -0.9 1 -0.7
v -0.9 1 -0.8
v -0.9 1.1 -0.7
v -0.9 1.1 -0.8
v -0.9 1.1 -1.2
v -0.9 1.1 -1.3
v -0.9 1.2 -0.9
v -0.9 1.2 -1.1
v -0.9 1.2 -1.2
v -0.9 1.3 -0.8
v -0.9 1.3 -0.9
v -0.9 1.3 -1
v -0.9 1.3 -1.1
v -0.9 1.3 -1.2
v -0.9 1.5 -1
v -0.9 1.5 -1.1
v -0.9 1.6 -0.7
v -0.9 1.6 -0.8
v -0.9 1.6 -1
v -0.9 1.6 -1.1
v -0.9 1.7 -0.7
v -0.9 1.7 -0.8
v -0.9 1.7 -1
v -0.9 1.7 -1.2
v -0.9 1.8 -0.7
v -0.9 1.8 -0.8
v -0.9 1.8 -0.9
v -0.9 1.8 -1
v -0.9 1.8 -1.2
v -0.9 1.8 -1.3
v -0.9 1.9 -0.8
v -0.9 1.9 -0.9
v -0.9 2 -0.8
v -0.9 2 -1.2
v -0.9 2 -1.3
v -0.9 2.1 -0.7
v -0.9 2.1 -0.8
v -0.9 2.2 -0.8
v -0.9 2.2 -1.2
v -0.9 4.5 0.3
v -0.9 4.5 0.2
v -0.9 4.5 0.1
v -0.9 4.5 -0.3
v -0.9 4.5 -0.4
v -0.9 4.5 -0.6
v -0.9 4.5 -1
v -0.9 4.5 -1.1
v -0.9 4.6 0.3
v -0.9 4.6 0.2
v -0.9 4.6 0.1
v -0.9 4.6 0
v -0.9 4.6 -0.5
v -0.9 4.6 -0.6
v -0.9 4.7 0.4
v -0.9 4.7 0.3
v -0.9 4.7 0.2
v -0.9 4.7 0.1
v -0.9 4.7 0
v -0.9 4.7 -0.5
v -0.9 4.7 -0.6
v -0.9 4.7 -1
v -0.9 4.7 -1.1
v -0.9 4.8 0.2
v -0.9 4.8 0.1
v -0.9 4.9 0.4
v -0.9 4.9 0.3
v -0.9 4.9 0.2
v -0.9 4.9 0.1
v -0.9 4.9 -0.3
v -0.9 4.9 -0.4
v -0.9 4.9 -0.6
v -0.9 5 0.3
v -0.9 5 0.2
v -0.9 5 0.1
v -0.9 5 0
v -0.9 5.1 0.2
v -0.9 5.1 0
v -0.9 5.3 0.5
v -0.9 5.3 0.4
v -0.9 5.3 0.3
v -0.9 5.5 0.5
v -0.9 5.5 0.4
v -0.9 5.5 0.3
v -0.8 0 -0.5
v -0.8 0 -0.6
v -0.8 0.1 -0.4
v -0.8 0.1 -0.5
v -0.8 0.1 -0.6
v -0.8 0.1 -1.5
v -0.8 0.1 -1.6
v -0.8 0.2 -0.4
v -0.8 0.2 -0.5
v -0.8 0.2 -1.5
v -0.8 0.2 -1.6
v -0.8 0.2 -1.7
v -0.8 0.2 -1.9
v -0.8 0.3 -1.7
v -0.8 0.3 -1.9
v -0.8 0.5 -1.5
v -0.8 0.5 -1.6
v -0.8 0.7 -1.4
v -0.8 0.7 -1.5
v -0.8 0.7 -1.6
v -0.8 0.8 -1.4
v -0.8 0.8 -1.5
v -0.8 0.9 -1.3
v -0.8 0.9 -1.4
v -0.8 1 -1.3
v -0.8 1 -1.4
v -0.8 1.1 -0.8
v -0.8 1.1 -0.9
v -0.8 1.1 -1.2
v -0.8 1.1 -1.3
v -0.8 1.2 -0.8
v -0.8 1.2 -0.9
v -0.8 1.2 -1.2
v -0.8 1.2 -1.3
v -0.8 1.3 -0.8
v -0.8 1.3 -0.9
v -0.8 1.3 -1.1
v -0.8 1.3 -1.2
v -0.8 1.4 -1.1
v -0.8 1.4 -1.2
v -0.8 1.4 -1.3
v -0.8 1.6 -1
v -0.8 1.6 -1.1
v -0.8 1.6 -1.2
v -0.8 1.7 -0.7
v -0.8 1.7 -0.8
v -0.8 1.7 -1
v -0.8 1.7 -1.2
v -0.8 1.8 -0.7
v -0.8 1.8 -0.8
v -0.8 1.8 -0.9
v -0.8 1.8 -1
v -0.8 1.9 -0.9
v -0.8 1.9 -1
v -0.8 2.1 -0.7
v -0.8 2.1 -0.8
v -0.8 2.1 -1.2
v -0.8 2.1 -1.3
v -0.8 2.2 -0.6
v -0.8 2.2 -0.7
v -0.8 2.2 -0.8
v -0.8 2.2 -1.2
v -0.8 2.3 -0.4
v -0.8 2.3 -0.5
v -0.8 2.3 -0.6
v -0.8 2.3 -0.7
v -0.8 2.3 -1.2
v -0.8 2.3 -1.3
v -0.8 2.4 -0.3
v -0.8 2.4 -0.4
v -0.8 2.4 -0.5
v -0.8 2.4 -0.7
v -0.8 2.4 -0.8
v -0.8 2.4 -1.1
v -0.8 2.4 -1.2
v -0.8 2.5 -0.3
v -0.8 2.5 -0.6
v -0.8 2.5 -0.8
v -0.8 2.5 -1.1
v -0.8 2.6 -0.7
v -0.8 2.6 -0.8
v -0.8 4.2 0.1
v -0.8 4.2 0
v -0.8 4.2 -0.2
v -0.8 4.3 0
v -0.8 4.3 -0.2
v -0.8 4.4 0.3
v -0.8 4.4 0.1
v -0.8 4.4 0
v -0.8 4.4 -0.2
v -0.8 4.4 -0.7
v -0.8 4.5 0.3
v -0.8 4.5 0.2
v -0.8 4.5 0.1
v -0.8 4.5 -0.3
v -0.8 4.5 -0.4
v -0.8 4.5 -0.6
v -0.8 4.5 -0.7
v -0.8 4.5 -0.8
v -0.8 4.6 -0.6
v -0.8 4.6 -0.8
v -0.8 4.7 -0.6
v -0.8 4.7 -0.8
v -0.8 4.7 -1
v -0.8 4.7 -1.1
v -0.8 4.8 -1
v -0.8 4.8 -1.1
v -0.8 4.9 0.4
v -0.8 4.9 0.3
v -0.8 4.9 -0.3
v -0.8 4.9 -0.4
v -0.8 4.9 -0.6
v -0.8 5 0.4
v -0.8 5 0.3
v -0.8 5 -0.3
v -0.8 5 -0.4
v -0.8 5 -0.6
v -0.8 5.2 0.5
v -0.8 5.2 0.4
v -0.8 5.2 0.3
v -0.8 5.3 0.6
v -0.8 5.3 0.5
v -0.8 5.3 0.4
v -0.8 5.3 0.3
v -0.8 5.3 0.2
v -0.8 5.5 0.6
v -0.8 5.5 0.5
v -0.8 5.5 0.4
v -0.8 5.5 0.3
v -0.8 5.6 0.6
v -0.8 5.6 0.5
v -0.8 5.6 0.2
v -0.8 5.9 1.1
v -0.8 5.9 1
v -0.8 6.1 1.1
v -0.8 6.1 1
v -0.7 0 -0.4
v -0.7 0 -0.5
v -0.7 0 -0.7
v -0.7 0 -0.8
v -0.7 0 -0.9
v -0.7 0 -1
v -0.7 0.1 -0.4
v -0.7 0.1 -0.5
v -0.7 0.1 -0.7
v -0.7 0.1 -0.8
v -0.7 0.1 -0.9
v -0.7 0.1 -1
v -0.7 0.1 -1.6
v -0.7 0.1 -1.8
v -0.7 0.2 -1.6
v -0.7 0.2 -1.8
v -0.7 0.3 -1.7
v -0.7 0.3 -1.8
v -0.7 0.4 -1.6
v -0.7 0.4 -1.7
v -0.7 0.5 -1.6
v -0.7 0.5 -1.8
v -0.7 0.8 -1.4
v -0.7 0.8 -1.5
v -0.7 0.9 -1.4
v -0.7 0.9 -1.5
v -0.7 1.4 -0.7
v -0.7 1.4 -0.8
v -0.7 1.4 -1.1
v -0.7 1.4 -1.2
v -0.7 1.6 -0.7
v -0.7 1.6 -0.8
v -0.7 1.6 -1.1
v -0.7 1.6 -1.2
v -0.7 1.6 -1.3
v -0.7 1.7 -1.2
v -0.7 1.7 -1.3
v -0.7 1.9 -0.6
v -0.7 1.9 -0.7
v -0.7 2 -1.2
v -0.7 2 -1.3
v -0.7 2 -1.4
v -0.7 2.1 -0.6
v -0.7 2.1 -0.7
v -0.7 2.1 -1.2
v -0.7 2.1 -1.3
v -0.7 2.1 -1.4
v -0.7 2.2 -0.5
v -0.7 2.2 -0.6
v -0.7 2.2 -0.7
v -0.7 2.3 -0.5
v -0.7 2.3 -0.6
v -0.7 2.3 -0.7
v -0.7 2.4 -0.6
v -0.7 2.4 -0.7
v -0.7 2.4 -1.1
v -0.7 2.4 -1.2
v -0.7 2.5 -0.4
v -0.7 2.5 -0.5
v -0.7 2.5 -0.6
v -0.7 2.5 -0.7
v -0.7 2.5 -0.8
v -0.7 2.5 -1
v -0.7 2.5 -1.1
v -0.7 2.5 -1.2
v -0.7 2.6 -0.4
v -0.7 2.6 -0.5
v -0.7 2.6 -0.7
v -0.7 2.6 -0.8
v -0.7 2.6 -1
v -0.7 2.6 -1.1
v -0.7 2.7 -0.5
v -0.7 2.7 -0.6
v -0.7 2.8 -0.6
v -0.7 2.8 -1
v -0.7 4.1 0.3
v -0.7 4.1 0.2
v -0.7 4.1 0.1
v -0.7 4.1 0
v -0.7 4.1 -0.2
v -0.7 4.1 -0.3
v -0.7 4.1 -0.5
v -0.7 4.2 0.4
v -0.7 4.2 0.3
v -0.7 4.2 0.2
v -0.7 4.2 0.1
v -0.7 4.2 0
v -0.7 4.2 -0.2
v -0.7 4.2 -0.3
v -0.7 4.2 -0.5
v -0.7 4.3 0.4
v -0.7 4.3 0.3
v -0.7 4.3 0.1
v -0.7 4.3 -0.2
v -0.7 4.3 -0.5
v -0.7 4.4 0.4
v -0.7 4.4 0.3
v -0.7 4.4 0.1
v -0.7 4.4 -0.2
v -0.7 4.4 -0.5
v -0.7 4.4 -0.7
v -0.7 4.4 -0.8
v -0.7 4.5 -0.7
v -0.7 4.5 -0.8
v -0.7 4.6 0.3
v -0.7 4.7 0.4
v -0.7 4.7 0.3
v -0.7 4.7 -0.6
v -0.7 4.7 -0.8
v -0.7 4.7 -0.9
v -0.7 4.7 -1
v -0.7 4.8 -0.8
v -0.7 4.8 -0.9
v -0.7 4.8 -1
v -0.7 4.9 -0.6
v -0.7 4.9 -0.8
v -0.7 5 0.3
v -0.7 5 -0.4
v -0.7 5 -0.5
v -0.7 5.1 0.3
v -0.7 5.1 -0.5
v -0.7 5.4 0.2
v -0.7 5.4 -0.2
v -0.7 5.6 0.5
v -0.7 5.6 0.4
v -0.7 5.6 0.3
v -0.7 5.6 0.2
v -0.7 5.6 -0.2
v -0.7 5.6 -0.3
v -0.7 5.7 0.5
v -0.7 5.7 0.4
v -0.7 5.7 0.3
v -0.7 5.8 1.1
v -0.7 5.8 1
v -0.7 5.8 0.4
v -0.7 5.8 -0.3
v -0.7 5.9 1.2
v -0.7 5.9 1.1
v -0.7 5.9 1
v -0.7 5.9 0.9
v -0.7 6.1 1.2
v -0.7 6.1 1.1
v -0.7 6.1 1
v -0.7 6.1 0.9
v -0.7 6.2 1.1
v -0.7 6.2 1
v -0.7 6.4 1.1
v -0.7 6.4 1
v -0.7 6.4 0.8
v -0.7 6.5 1
v -0.7 6.5 0.8
v -0.6 0.1 -1.4
v -0.6 0.1 -1.5
v -0.6 0.1 -1.8
v -0.6 0.1 -1.9
v -0.6 0.2 -1.4
v -0.6 0.2 -1.5
v -0.6 0.2 -1.8
v -0.6 0.2 -1.9
v -0.6 0.2 -2
v -0.6 0.3 -1.8
v -0.6 0.3 -1.9
v -0.6 0.3 -2
v -0.6 0.4 -1.8
v -0.6 0.4 -1.9
v -0.6 1.3 -0.7
v -0.6 1.3 -0.8
v -0.6 1.4 -0.7
v -0.6 1.4 -0.8
v -0.6 1.9 -1.3
v -0.6 1.9 -1.4
v -0.6 2 -1.3
v -0.6 2 -1.4
v -0.6 2.2 -0.4
v -0.6 2.2 -0.5
v -0.6 2.3 -0.3
v -0.6 2.3 -0.4
v -0.6 2.3 -0.5
v -0.6 2.4 -0.3
v -0.6 2.4 -0.4
v -0.6 2.5 -0.3
v -0.6 2.5 -0.4
v -0.6 2.6 -0.3
v -0.6 2.6 -0.4
v -0.6 2.6 -0.5
v -0.6 2.6 -1
v -0.6 2.6 -1.1
v -0.6 2.7 -0.4
v -0.6 2.7 -0.5
v -0.6 2.7 -0.6
v -0.6 2.7 -1
v -0.6 2.7 -1.1
v -0.6 2.8 -0.6
v -0.6 2.8 -0.9
v -0.6 2.9 -0.2
v -0.6 2.9 -0.3
v -0.6 2.9 -0.4
v -0.6 2.9 -0.5
v -0.6 2.9 -0.6
v -0.6 3 -0.4
v -0.6 3 -0.5
v -0.6 3 -0.6
v -0.6 3 -0.9
v -0.6 3.1 -0.2
v -0.6 3.1 -0.3
v -0.6 3.1 -0.5
v -0.6 3.9 0.1
v -0.6 3.9 -0.3
v -0.6 3.9 -0.6
v -0.6 3.9 -0.7
v -0.6 4 0.2
v -0.6 4 0.1
v -0.6 4 -0.2
v -0.6 4.1 0.2
v -0.6 4.1 0.1
v -0.6 4.1 0
v -0.6 4.1 -0.2
v -0.6 4.1 -0.3
v -0.6 4.1 -0.5
v -0.6 4.2 -0.5
v -0.6 4.2 -0.6
v -0.6 4.3 -0.5
v -0.6 4.3 -0.7
v -0.6 4.3 -0.8
v -0.6 4.4 -0.5
v -0.6 4.4 -0.7
v -0.6 4.4 -0.8
v -0.6 4.9 -0.6
v -0.6 4.9 -0.7
v -0.6 5 -0.6
v -0.6 5 -0.7
v -0.6 5.1 0.2
v -0.6 5.1 -0.5
v -0.6 5.2 0.2
v -0.6 5.2 -0.3
v -0.6 5.2 -0.4
v -0.6 5.2 -0.5
v -0.6 5.3 0.2
v -0.6 5.3 0.1
v -0.6 5.3 -0.2
v -0.6 5.3 -0.3
v -0.6 5.3 -0.4
v -0.6 5.4 0.1
v -0.6 5.4 -0.2
v -0.6 5.4 -0.4
v -0.6 5.5 -0.4
v -0.6 5.5 -0.5
v -0.6 5.6 -0.2
v -0.6 5.6 -0.3
v -0.6 5.8 0.3
v -0.6 5.8 -0.3
v -0.6 5.8 -0.5
v -0.6 5.9 0.3
v -0.6 5.9 -0.3
v -0.6 6.5 0.9
v -0.6 6.5 0.8
v -0.6 6.5 0.5
v -0.6 6.6 0.9
v -0.6 6.6 0.5
v -0.5 0 -1.6
v -0.5 0 -1.8
v -0.5 0 -2
v -0.5 0.1 -1.6
v -0.5 0.1 -1.8
v -0.5 0.1 -1.9
v -0.5 0.2 -1.9
v -0.5 0.2 -2
v -0.5 1.6 -0.7
v -0.5 1.6 -0.8
v -0.5 1.7 -0.7
v -0.5 1.7 -0.8
v -0.5 2 -0.5
v -0.5 2 -0.6
v -0.5 2.2 -0.5
v -0.5 2.2 -0.6
v -0.5 2.6 -0.3
v -0.5 2.6 -0.4
v -0.5 2.7 -0.3
v -0.5 2.7 -0.4
v -0.5 2.8 -0.2
v -0.5 2.8 -0.3
v -0.5 2.8 -0.4
v -0.5 2.9 -0.2
v -0.5 2.9 -0.3
v -0.5 2.9 -0.4
v -0.5 2.9 -0.5
v -0.5 2.9 -0.6
v -0.5 3 -0.5
v -0.5 3 -0.6
v -0.5 3 -0.9
v -0.5 3.1 -0.3
v -0.5 3.1 -0.5
v -0.5 3.1 -0.7
v -0.5 3.1 -0.8
v -0.5 3.1 -0.9
v -0.5 3.2 -0.3
v -0.5 3.2 -0.5
v -0.5 3.2 -0.7
v -0.5 3.2 -0.8
v -0.5 3.3 -0.7
v -0.5 3.3 -0.8
v -0.5 3.4 -0.4
v -0.5 3.4 -0.5
v -0.5 3.5 -0.3
v -0.5 3.5 -0.4
v -0.5 3.5 -0.5
v -0.5 3.7 -0.0999999
v -0.5 3.7 -0.7
v -0.5 3.8 -0.0999999
v -0.5 3.8 -0.2
v -0.5 3.8 -0.3
v -0.5 3.8 -0.6
v -0.5 3.9 -0.0999999
v -0.5 3.9 -0.2
v -0.5 3.9 -0.3
v -0.5 3.9 -0.6
v -0.5 3.9 -0.7
v -0.5 4.6 -0.8
v -0.5 4.6 -0.9
v -0.5 4.7 -0.8
v -0.5 4.7 -0.9
v -0.5 5 -0.5
v -0.5 5 -0.6
v -0.5 5.1 0.3
v -0.5 5.1 0.2
v -0.5 5.1 -0.6
v -0.5 5.1 -0.7
v -0.5 5.2 0.3
v -0.5 5.2 0.2
v -0.5 5.2 -0.4
v -0.5 5.2 -0.5
v -0.5 5.3 0.2
v -0.5 5.3 0.1
v -0.5 5.3 -0.4
v -0.5 5.3 -0.5
v -0.5 5.3 -0.6
v -0.5 5.3 -0.7
v -0.5 5.4 0.2
v -0.5 5.4 0.1
v -0.5 5.4 -0.4
v -0.5 5.4 -0.5
v -0.5 5.4 -0.6
v -0.5 5.5 -0.4
v -0.5 5.5 -0.5
v -0.5 5.5 -0.6
v -0.5 5.8 0.4
v -0.5 5.8 0.3
v -0.5 5.8 -0.3
v -0.5 5.8 -0.5
v -0.5 5.8 -0.6
v -0.5 5.9 0.4
v -0.5 5.9 0.3
v -0.5 5.9 -0.3
v -0.5 5.9 -0.5
v -0.5 6 0.3
v -0.5 6 -0.3
v -0.5 6.4 0.5
v -0.5 6.4 0.4
v -0.5 6.5 0.5
v -0.5 6.6 0.5
v -0.5 6.6 0.4
v -0.4 0 -2
v -0.4 0 -2.1
v -0.4 0.1 -2
v -0.4 0.1 -2.1
v -0.4 0.2 -1.9
v -0.4 0.2 -2
v -0.4 0.3 -1.9
v -0.4 0.3 -2
v -0.4 1.5 -1.2
v -0.4 1.5 -1.3
v -0.4 1.6 -1.2
v -0.4 1.6 -1.3
v -0.4 3 -0.0999999
v -0.4 3 -0.2
v -0.4 3.1 -0.0999999
v -0.4 3.1 -0.2
v -0.4 3.1 -0.3
v -0.4 3.1 -0.5
v -0.4 3.1 -0.7
v -0.4 3.1 -0.8
v -0.4 3.1 -0.9
v -0.4 3.2 -0.0999999
v -0.4 3.2 -0.3
v -0.4 3.2 -0.5
v -0.4 3.2 -0.7
v -0.4 3.2 -0.8
v -0.4 3.2 -0.9
v -0.4 3.3 -0.5
v -0.4 3.3 -0.7
v -0.4 3.3 -0.8
v -0.4 3.3 -0.9
v -0.4 3.4 -0.0999999
v -0.4 3.4 -0.2
v -0.4 3.4 -0.5
v -0.4 3.4 -0.6
v -0.4 3.4 -0.8
v -0.4 3.5 -0.0999999
v -0.4 3.5 -0.2
v -0.4 3.5 -0.3
v -0.4 3.5 -0.4
v -0.4 3.5 -0.5
v -0.4 3.5 -0.6
v -0.4 3.5 -0.7
v -0.4 3.6 -0.3
v -0.4 3.6 -0.4
v -0.4 3.6 -0.5
v -0.4 3.6 -0.6
v -0.4 3.6 -0.7
v -0.4 3.7 0
v -0.4 3.7 -0.0999999
v -0.4 3.7 -0.2
v -0.4 3.7 -0.3
v -0.4 3.7 -0.4
v -0.4 3.7 -0.5
v -0.4 3.7 -0.6
v -0.4 3.7 -0.7
v -0.4 3.7 -0.8
v -0.4 3.8 0
v -0.4 3.8 -0.0999999
v -0.4 3.9 0
v -0.4 3.9 -0.0999999
v -0.4 4 -0.7
v -0.4 4 -0.8
v -0.4 4.4 -0.8
v -0.4 4.4 -0.9
v -0.4 4.5 -0.8
v -0.4 4.5 -0.9
v -0.4 4.6 -0.8
v -0.4 4.6 -0.9
v -0.4 4.8 -0.8
v -0.4 4.8 -0.9
v -0.4 4.9 -0.8
v -0.4 4.9 -0.9
v -0.4 5.2 0.3
v -0.4 5.2 0.2
v -0.4 5.3 0.3
v -0.4 5.3 0.2
v -0.4 5.4 0.3
v -0.4 5.4 0.2
v -0.4 5.4 -0.6
v -0.4 5.4 -0.7
v -0.4 5.5 -0.6
v -0.4 5.5 -0.7
v -0.4 5.7 0.5
v -0.4 5.7 0.4
v -0.4 5.8 0.5
v -0.4 5.8 0.4
v -0.4 6 0.2
v -0.4 6 -0.2
v -0.4 6.1 0.2
v -0.4 6.1 -0.2
v -0.4 6.2 0.3
v -0.4 6.2 0.2
v -0.4 6.3 0.4
v -0.4 6.3 0.3
v -0.4 6.4 0.4
v -0.4 6.4 0.3
v -0.4 6.4 0.2
v -0.4 6.5 0.4
v -0.4 6.5 0.3
v -0.3 0 -2.1
v -0.3 0 -2.2
v -0.3 0.1 -1.6
v -0.3 0.1 -1.7
v -0.3 0.1 -2
v -0.3 0.1 -2.1
v -0.3 0.1 -2.2
v -0.3 0.2 -1.6
v -0.3 0.2 -1.7
v -0.3 0.2 -2
v -0.3 0.2 -2.1
v -0.3 2.7 -0.3
v -0.3 2.7 -0.4
v -0.3 2.8 -0.0999999
v -0.3 2.8 -0.2
v -0.3 2.8 -0.3
v -0.3 2.8 -0.4
v -0.3 3 0
v -0.3 3 -0.0999999
v -0.3 3 -0.2
v -0.3 3.1 0
v -0.3 3.1 -0.0999999
v -0.3 3.2 0
v -0.3 3.2 -0.0999999
v -0.3 3.4 -0.6
v -0.3 3.4 -0.8
v -0.3 3.5 -0.6
v -0.3 3.5 -0.7
v -0.3 3.5 -0.8
v -0.3 3.6 -0.6
v -0.3 3.6 -0.7
v -0.3 3.7 -0.6
v -0.3 3.7 -0.7
v -0.3 5 0.4
v -0.3 5 0.3
v -0.3 5.1 0.3
v -0.3 5.2 0.4
v -0.3 5.2 0.3
v -0.3 6.1 0.2
v -0.3 6.1 0.1
v -0.3 6.2 0.2
v -0.3 6.2 0.1
v -0.2 2.7 -0.0999999
v -0.2 2.7 -0.3
v -0.2 2.8 0.1
v -0.2 2.8 -0.0999999
v -0.2 2.8 -0.3
v -0.2 3 0.1
v -0.2 3 0
v -0.2 3 -0.0999999
v -0.2 3.2 0
v -0.2 3.2 -0.0999999
v -0.2 3.3 -0.0999999
v -0.2 3.4 0
v -0.2 3.4 -0.0999999
v -0.2 3.6 0
v -0.2 3.6 -0.0999999
v -0.1 3 0.1
v -0.1 3 0
v -0.1 3.1 0.1
v -0.1 3.1 0
v -2.38419e-07 2.1 0.3
v -2.38419e-07 2.1 0
v -2.38419e-07 2.2 0.3
v -2.38419e-07 2.2 0.1
v -2.38419e-07 2.2 0
v -2.38419e-07 2.2 -0.0999999
v -2.38419e-07 2.3 0.2
v -2.38419e-07 2.3 0.1
v -2.38419e-07 2.3 0
v -2.38419e-07 2.3 -0.0999999
v -2.38419e-07 2.4 0.2
v -2.38419e-07 2.4 0
v -2.38419e-07 2.5 0.1
v -2.38419e-07 2.5 -0.3
v -2.38419e-07 2.6 0.1
v -2.38419e-07 2.6 0
v -2.38419e-07 2.6 -0.0999999
v -2.38419e-07 2.6 -0.3
v -2.38419e-07 2.7 -0.0999999
v -2.38419e-07 2.8 0.2
v -2.38419e-07 2.8 0.1
v -2.38419e-07 2.8 0
v -2.38419e-07 2.8 -0.0999999
v -2.38419e-07 3.1 0.2
v -2.38419e-07 3.1 0.1
v -2.38419e-07 3.1 0
v -2.38419e-07 3.2 0.1
v -2.38419e-07 3.2 0
v -2.38419e-07 3.6 -0.7
v -2.38419e-07 3.6 -0.8
v -2.38419e-07 3.7 -0.7
v -2.38419e-07 3.7 -0.8
v -2.38419e-07 5 0.4
v -2.38419e-07 5 0.3
v -2.38419e-07 5.1 0.4
v -2.38419e-07 5.1 0.3
v 0.0999999 2 0.2
v 0.0999999 2 -0.0999999
v 0.0999999 2.1 0.2
v 0.0999999 2.1 0
v 0.0999999 2.1 -0.0999999
v 0.0999999 2.1 -0.2
v 0.0999999 2.2 0.3
v 0.0999999 2.2 0.1
v 0.0999999 2.2 0
v 0.0999999 2.2 -0.0999999
v 0.0999999 2.2 -0.2
v 0.0999999 2.2 -0.3
v 0.0999999 2.3 0.3
v 0.0999999 2.3 0.2
v 0.0999999 2.3 0.1
v 0.0999999 2.3 0
v 0.0999999 2.3 -0.0999999
v 0.0999999 2.3 -0.3
v 0.0999999 2.3 -0.4
v 0.0999999 2.4 0.2
v 0.0999999 2.4 0
v 0.0999999 2.4 -0.3
v 0.0999999 2.4 -0.4
v 0.0999999 2.5 0.2
v 0.0999999 2.5 0.1
v 0.0999999 2.5 -0.3
v 0.0999999 2.5 -0.4
v 0.0999999 2.6 0.1
v 0.0999999 2.6 0
v 0.0999999 2.6 -0.0999999
v 0.0999999 2.6 -0.3
v 0.0999999 2.6 -0.4
v 0.0999999 2.7 0.3
v 0.0999999 2.7 0.2
v 0.0999999 2.7 -0.0999999
v 0.0999999 2.7 -0.3
v 0.0999999 2.8 0.2
v 0.0999999 2.8 0
v 0.0999999 2.8 -0.5
v 0.0999999 2.8 -0.6
v 0.0999999 2.8 -0.8
v 0.0999999 2.9 0.3
v 0.0999999 2.9 0.2
v 0.0999999 2.9 -0.5
v 0.0999999 2.9 -0.6
v 0.0999999 2.9 -0.8
v 0.0999999 3.1 -0.7
v 0.0999999 3.1 -0.8
v 0.0999999 3.2 -0.7
v 0.0999999 3.2 -0.8
v 0.0999999 3.3 -0.7
v 0.0999999 3.3 -0.8
v 0.0999999 3.7 -0.7
v 0.0999999 3.7 -0.8
v 0.0999999 3.8 -0.7
v 0.0999999 3.8 -0.8
v 0.0999999 6.1 0.3
v 0.0999999 6.1 0.2
v 0.0999999 6.2 0.3
v 0.0999999 6.2 0.2
v 0.2 0 -0.4
v 0.2 0 -0.8
v 0.2 0.1 -0.2
v 0.2 0.1 -0.3
v 0.2 0.1 -0.5
v 0.2 0.1 -0.6
v 0.2 0.1 -0.7
v 0.2 0.1 -0.8
v 0.2 0.2 0
v 0.2 0.2 -0.2
v 0.2 0.2 -0.3
v 0.2 0.2 -0.4
v 0.2 0.2 -0.5
v 0.2 0.2 -0.6
v 0.2 0.2 -0.7
v 0.2 0.3 0
v 0.2 0.3 -0.2
v 0.2 0.3 -0.3
v 0.2 0.3 -0.4
v 0.2 0.4 -0.2
v 0.2 0.4 -0.3
v 0.2 1.2 0.4
v 0.2 1.2 0.2
v 0.2 1.3 0.4
v 0.2 1.3 0.3
v 0.2 1.4 0.2
v 0.2 1.4 0.1
v 0.2 1.5 0.3
v 0.2 1.5 0.2
v 0.2 1.5 0.1
v 0.2 1.5 0
v 0.2 1.6 0.2
v 0.2 1.6 0
v 0.2 1.9 0.5
v 0.2 1.9 0.3
v 0.2 1.9 0.1
v 0.2 2 0.5
v 0.2 2 0.4
v 0.2 2 0.2
v 0.2 2 0.1
v 0.2 2.1 0.4
v 0.2 2.1 0.3
v 0.2 2.1 0.2
v 0.2 2.1 -0.2
v 0.2 2.1 -0.3
v 0.2 2.2 -0.2
v 0.2 2.2 -0.3
v 0.2 2.2 -0.4
v 0.2 2.3 0.3
v 0.2 2.3 0.2
v 0.2 2.3 -0.3
v 0.2 2.3 -0.4
v 0.2 2.3 -0.5
v 0.2 2.4 0.3
v 0.2 2.4 0.2
v 0.2 2.4 -0.3
v 0.2 2.4 -0.4
v 0.2 2.4 -0.5
v 0.2 2.5 -0.3
v 0.2 2.5 -0.4
v 0.2 6.2 0.4
v 0.2 6.2 0.3
v 0.2 6.3 0.4
v 0.2 6.3 0.3
v 0.3 0 -0.3
v 0.3 0 -0.4
v 0.3 0.1 -0.0999999
v 0.3 0.1 -0.2
v 0.3 0.1 -0.3
v 0.3 0.1 -0.4
v 0.3 0.1 -0.5
v 0.3 0.1 -0.6
v 0.3 0.2 0.4
v 0.3 0.2 0
v 0.3 0.2 -0.0999999
v 0.3 0.2 -0.2
v 0.3 0.2 -0.3
v 0.3 0.2 -0.4
v 0.3 0.2 -0.5
v 0.3 0.2 -0.6
v 0.3 0.2 -0.7
v 0.3 0.3 0.3
v 0.3 0.3 0.2
v 0.3 0.3 0
v 0.3 0.3 -0.2
v 0.3 0.3 -0.3
v 0.3 0.3 -0.4
v 0.3 0.3 -0.5
v 0.3 0.3 -0.7
v 0.3 0.4 0.4
v 0.3 0.4 0.3
v 0.3 0.4 0
v 0.3 0.4 -0.0999999
v 0.3 0.4 -0.2
v 0.3 0.4 -0.3
v 0.3 0.4 -0.5
v 0.3 0.5 0.2
v 0.3 0.5 0
v 0.3 0.5 -0.0999999
v 0.3 0.5 -0.3
v 0.3 1.1 0.4
v 0.3 1.1 0.3
v 0.3 1.1 0.2
v 0.3 1.1 0.1
v 0.3 1.2 0.5
v 0.3 1.2 0.4
v 0.3 1.2 0.3
v 0.3 1.2 0.2
v 0.3 1.2 0.1
v 0.3 1.3 0.5
v 0.3 1.3 0.4
v 0.3 1.3 0.3
v 0.3 1.4 0.2
v 0.3 1.4 0.1
v 0.3 1.5 0.4
v 0.3 1.5 0.3
v 0.3 1.5 0.2
v 0.3 1.6 0.2
v 0.3 1.6 0
v 0.3 1.7 0.3
v 0.3 1.7 0.2
v 0.3 1.8 0.4
v 0.3 1.8 0.3
v 0.3 1.8 0
v 0.3 1.8 -0.0999999
v 0.3 1.9 0.4
v 0.3 1.9 0.3
v 0.3 1.9 0.1
v 0.3 2 0.1
v 0.3 2 0
v 0.3 2 -0.0999999
v 0.3 2 -0.3
v 0.3 2.1 0
v 0.3 2.1 -0.3
v 0.3 2.1 -0.4
v 0.3 2.2 -0.3
v 0.3 2.2 -0.4
v 0.3 4.5 -0.8
v 0.3 4.5 -0.9
v 0.3 4.6 -0.8
v 0.3 4.6 -0.9
v 0.3 5.2 0.5
v 0.3 5.2 0.4
v 0.3 5.2 0.3
v 0.3 5.3 0.6
v 0.3 5.3 0.5
v 0.3 5.3 0.4
v 0.3 5.3 0.3
v 0.3 5.4 0.5
v 0.3 5.4 0.3
v 0.3 5.4 0.2
v 0.3 5.4 0.1
v 0.3 5.5 0.6
v 0.3 5.5 0.5
v 0.3 5.5 0.4
v 0.3 5.5 0.3
v 0.3 5.6 0.6
v 0.3 5.6 0.5
v 0.3 5.6 0.4
v 0.3 5.6 0.1
v 0.3 6.2 0.5
v 0.3 6.2 0.4
v 0.3 6.3 0.5
v 0.3 6.3 0.4
v 0.4 0 -0.2
v 0.4 0 -0.3
v 0.4 0.1 0.3
v 0.4 0.1 0.2
v 0.4 0.1 0.1
v 0.4 0.1 -0.0999999
v 0.4 0.1 -0.2
v 0.4 0.1 -0.3
v 0.4 0.2 0.3
v 0.4 0.2 0.2
v 0.4 0.2 0.1
v 0.4 0.2 -0.0999999
v 0.4 0.3 0.3
v 0.4 0.3 0.2
v 0.4 0.4 0.3
v 0.4 0.4 0
v 0.4 0.4 -0.0999999
v 0.4 0.5 0.3
v 0.4 0.5 0.2
v 0.4 0.5 0.1
v 0.4 0.5 0
v 0.4 0.5 -0.0999999
v 0.4 0.6 0.1
v 0.4 0.6 0
v 0.4 0.8 0.3
v 0.4 0.8 0
v 0.4 0.9 0.5
v 0.4 0.9 0.4
v 0.4 0.9 0.3
v 0.4 0.9 0.1
v 0.4 0.9 0
v 0.4 1 0.2
v 0.4 1 0.1
v 0.4 1.1 0.5
v 0.4 1.1 0.4
v 0.4 1.1 0.3
v 0.4 1.1 0.2
v 0.4 1.1 0.1
v 0.4 1.2 0.1
v 0.4 1.2 0
v 0.4 1.4 0.5
v 0.4 1.4 0.4
v 0.4 1.4 0
v 0.4 1.4 -0.0999999
v 0.4 1.5 0.4
v 0.4 1.5 0.3
v 0.4 1.5 0.1
v 0.4 1.5 0
v 0.4 1.5 -0.0999999
v 0.4 1.6 0.5
v 0.4 1.6 0.3
v 0.4 1.6 0
v 0.4 1.6 -0.0999999
v 0.4 1.7 0.5
v 0.4 1.7 0.4
v 0.4 1.7 0.3
v 0.4 1.7 -0.0999999
v 0.4 1.7 -0.2
v 0.4 1.8 0.4
v 0.4 1.8 0.3
v 0.4 1.8 0
v 0.4 1.8 -0.0999999
v 0.4 1.8 -0.2
v 0.4 1.9 -0.2
v 0.4 1.9 -0.3
v 0.4 2 -0.0999999
v 0.4 2 -0.3
v 0.4 2 -0.4
v 0.4 2.1 0.4
v 0.4 2.1 0.3
v 0.4 2.1 -0.3
v 0.4 2.1 -0.4
v 0.4 2.2 0.3
v 0.4 2.2 -0.4
v 0.4 2.2 -0.5
v 0.4 2.3 0.4
v 0.4 2.3 0.3
v 0.4 2.3 0.2
v 0.4 2.3 -0.4
v 0.4 2.3 -0.5
v 0.4 2.4 0.2
v 0.4 2.5 0.3
v 0.4 2.5 0.2
v 0.4 2.5 -0.4
v 0.4 2.5 -0.5
v 0.4 2.6 -0.3
v 0.4 2.6 -0.4
v 0.4 2.6 -0.5
v 0.4 2.7 -0.3
v 0.4 2.7 -0.4
v 0.4 2.8 0.1
v 0.4 2.8 0
v 0.4 2.9 0.1
v 0.4 2.9 0
v 0.4 4.3 -0.7
v 0.4 4.3 -0.8
v 0.4 4.4 -0.7
v 0.4 4.4 -0.8
v 0.4 4.8 -0.7
v 0.4 4.8 -0.8
v 0.4 4.9 -0.7
v 0.4 4.9 -0.8
v 0.4 5.3 0.3
v 0.4 5.3 0.2
v 0.4 5.4 0.3
v 0.4 5.4 0.2
v 0.4 5.4 0.1
v 0.4 5.4 -0.3
v 0.4 5.5 1.1
v 0.4 5.5 1
v 0.4 5.5 0.1
v 0.4 5.5 -0.2
v 0.4 5.6 1.1
v 0.4 5.6 1
v 0.4 5.6 0.9
v 0.4 5.6 -0.3
v 0.4 5.6 -0.5
v 0.4 5.7 1
v 0.4 5.7 0.9
v 0.4 5.7 -0.2
v 0.4 5.7 -0.5
v 0.4 6.1 0.6
v 0.4 6.1 0.5
v 0.4 6.2 0.6
v 0.4 6.2 0.5
v 0.5 0 0.7
v 0.5 0 0.6
v 0.5 0 0.4
v 0.5 0 0.3
v 0.5 0.1 0.7
v 0.5 0.1 0.6
v 0.5 0.1 0.5
v 0.5 0.1 0.4
v 0.5 0.1 0.3
v 0.5 0.1 0.2
v 0.5 0.1 0.1
v 0.5 0.2 0.6
v 0.5 0.2 0.5
v 0.5 0.2 0.4
v 0.5 0.2 0.3
v 0.5 0.2 0.2
v 0.5 0.2 0.1
v 0.5 0.3 0.6
v 0.5 0.3 0.4
v 0.5 0.4 0.6
v 0.5 0.4 0.5
v 0.5 0.4 0.4
v 0.5 0.4 0.3
v 0.5 0.4 -0.2
v 0.5 0.4 -0.3
v 0.5 0.5 0.5
v 0.5 0.5 0.4
v 0.5 0.5 0.3
v 0.5 0.5 0.1
v 0.5 0.5 0
v 0.5 0.5 -0.0999999
v 0.5 0.5 -0.2
v 0.5 0.5 -0.3
v 0.5 0.6 0.3
v 0.5 0.6 0.1
v 0.5 0.6 0
v 0.5 0.7 0.5
v 0.5 0.7 0
v 0.5 0.7 -0.0999999
v 0.5 0.8 0.5
v 0.5 0.8 0.4
v 0.5 0.8 0.3
v 0.5 0.8 0
v 0.5 0.9 0.7
v 0.5 0.9 0.5
v 0.5 0.9 0.4
v 0.5 0.9 0.3
v 0.5 0.9 0.1
v 0.5 0.9 0
v 0.5 1 0.1
v 0.5 1 0
v 0.5 1.1 0.7
v 0.5 1.1 0.6
v 0.5 1.1 0.5
v 0.5 1.1 0.4
v 0.5 1.1 0.1
v 0.5 1.1 0
v 0.5 1.2 0.6
v 0.5 1.2 0.5
v 0.5 1.2 0.4
v 0.5 1.2 0.1
v 0.5 1.2 0
v 0.5 1.3 0.5
v 0.5 1.3 0.4
v 0.5 1.3 0
v 0.5 1.3 -0.0999999
v 0.5 1.4 0.5
v 0.5 1.4 0.4
v 0.5 1.4 0
v 0.5 1.4 -0.0999999
v 0.5 1.5 0
v 0.5 1.5 -0.0999999
v 0.5 1.6 0
v 0.5 1.6 -0.0999999
v 0.5 1.8 0.6
v 0.5 1.8 0.4
v 0.5 1.9 0.5
v 0.5 1.9 0.4
v 0.5 2 0.6
v 0.5 2 0.5
v 0.5 5.4 1.2
v 0.5 5.4 1
v 0.5 5.5 1.1
v 0.5 5.5 1
v 0.5 5.5 0.9
v 0.5 5.5 0.1
v 0.5 5.5 -0.2
v 0.5 5.6 1.2
v 0.5 5.6 1.1
v 0.5 5.6 1
v 0.5 5.6 0.9
v 0.5 5.6 0.8
v 0.5 5.6 0.4
v 0.5 5.6 0.2
v 0.5 5.6 0.1
v 0.5 5.7 1.1
v 0.5 5.7 1
v 0.5 5.7 0.9
v 0.5 5.7 0.4
v 0.5 5.7 -0.2
v 0.5 5.8 1
v 0.5 5.8 0.8
v 0.5 5.8 0.7
v 0.5 5.9 0.8
v 0.5 5.9 0.7
v 0.5 5.9 0.6
v 0.5 6 0.7
v 0.5 6 0.6
v 0.5 6 0.5
v 0.5 6.1 0.6
v 0.5 6.1 0.5
v 0.6 0 1.2
v 0.6 0 0.8
v 0.6 0 0.7
v 0.6 0 0.3
v 0.6 0 0.2
v 0.6 0.1 1.2
v 0.6 0.1 1.1
v 0.6 0.1 0.9
v 0.6 0.1 0.8
v 0.6 0.1 0.7
v 0.6 0.1 0.6
v 0.6 0.1 0.5
v 0.6 0.1 0.3
v 0.6 0.1 0.2
v 0.6 0.1 -0.4
v 0.6 0.1 -0.5
v 0.6 0.2 1.1
v 0.6 0.2 0.9
v 0.6 0.2 0.6
v 0.6 0.2 0.5
v 0.6 0.2 -0.4
v 0.6 0.2 -0.5
v 0.6 0.3 0.9
v 0.6 0.3 0.8
v 0.6 0.3 0.6
v 0.6 0.4 0.8
v 0.6 0.4 0.7
v 0.6 0.4 0.6
v 0.6 0.4 0.5
v 0.6 0.5 0.6
v 0.6 0.5 0.5
v 0.6 0.6 0.7
v 0.6 0.6 0.6
v 0.6 0.6 0.5
v 0.6 0.6 0.3
v 0.6 0.6 0.1
v 0.6 0.6 0
v 0.6 0.7 0.5
v 0.6 0.7 0.1
v 0.6 0.7 0
v 0.7 0 0.4
v 0.7 0 0.3
v 0.7 0 0.2
v 0.7 0 0
v 0.7 0.1 0.4
v 0.7 0.1 0.3
v 0.7 0.1 0.2
v 0.7 0.1 0
v 0.7 0.2 1
v 0.7 0.2 0.9
v 0.7 0.3 1
v 0.7 0.3 0.9
v 0.7 0.5 0.5
v 0.7 0.5 0.3
v 0.7 0.6 0.6
v 0.7 0.6 0.5
v 0.7 0.6 0.3
v 0.7 0.8 0.6
v 0.7 0.8 0.5
v 0.7 0.9 0.6
v 0.7 0.9 0.5
v 0.8 0.1 0.6
v 0.8 0.1 0.5
v 0.8 0.2 1.1
v 0.8 0.2 1
v 0.8 0.2 0.6
v 0.8 0.2 0.5
v 0.8 0.3 1.1
v 0.8 0.3 1
v 0.8 0.3 0.9
v 0.8 0.3 0.8
v 0.8 0.4 0.9
v 0.8 0.4 0.8
v 0.8 0.4 0.7
v 0.8 0.5 0.8
v 0.8 0.5 0.7
v 0.8 0.5 0.6
v 0.8 0.5 0.5
v 0.8 0.6 0.6
v 0.8 0.6 0.5
v 0.8 1.9 0
v 0.8 1.9 -0.0999999
v 0.8 2 0
v 0.8 2 -0.0999999
v 0.8 4.9 -0.3
v 0.8 4.9 -0.4
v 0.8 5 0
v 0.8 5 -0.3
v 0.8 5.1 0
v 0.8 5.1 -0.3
v 0.8 5.1 -0.4
v 0.9 0 0.5
v 0.9 0 0.4
v 0.9 0 0.1
v 0.9 0 -0.0999999
v 0.9 0.1 0.5
v 0.9 0.1 0.4
v 0.9 0.1 0.1
v 0.9 0.1 0
v 0.9 0.3 0
v 0.9 0.3 -0.0999999
v 0.9 0.4 0.9
v 0.9 0.4 0.8
v 0.9 0.4 0
v 0.9 0.4 -0.0999999
v 0.9 0.5 0.9
v 0.9 0.5 0.8
v 0.9 3.1 0.4
v 0.9 3.1 0.3
v 0.9 3.2 0.4
v 0.9 3.2 0.3
v 0.9 4.5 -0.3
v 0.9 4.5 -0.5
v 0.9 4.6 -0.3
v 0.9 4.6 -0.5
v 0.9 4.6 -0.6
v 0.9 4.7 -0.3
v 0.9 4.7 -0.5
v 0.9 4.8 -0.5
v 0.9 4.8 -0.6
v 0.9 4.9 -0.5
v 0.9 4.9 -0.6
v 0.9 5.1 -0.0999999
v 0.9 5.1 -0.3
v 0.9 5.1 -0.4
v 0.9 5.2 -0.0999999
v 0.9 5.2 -0.4
v 1 0 1.1
v 1 0 1
v 1 0 0.6
v 1 0 0.5
v 1 0.1 0.7
v 1 0.1 0.6
v 1 0.1 0.5
v 1 0.2 1.1
v 1 0.2 1
v 1 0.2 0.9
v 1 0.2 0.7
v 1 0.2 0.6
v 1 0.3 1
v 1 0.3 0.9
v 1 3 0.4
v 1 3 0.3
v 1 3.1 0.4
v 1 3.1 0.3
v 1 3.1 0.1
v 1 3.2 0.3
v 1 3.2 0.1
v 1 3.4 0.7
v 1 3.4 0.6
v 1 3.5 0.7
v 1 3.5 0.6
v 1 3.5 0.5
v 1 3.5 -0.0999999
v 1 3.5 -0.2
v 1 3.6 0.6
v 1 3.6 0.5
v 1 3.6 -0.2
v 1 3.6 -0.4
v 1 3.7 -0.0999999
v 1 3.7 -0.2
v 1 3.8 -0.2
v 1 3.8 -0.4
v 1 3.9 0.5
v 1 3.9 0.4
v 1 4 0.5
v 1 4 0.4
v 1 4.4 -0.0999999
v 1 4.4 -0.5
v 1 4.5 0
v 1 4.5 -0.0999999
v 1 4.5 -0.3
v 1 4.5 -0.5
v 1 4.6 0.1
v 1 4.6 0
v 1 4.6 -0.3
v 1 4.7 0.1
v 1 4.7 0
v 1 4.9 -0.4
v 1 4.9 -0.5
v 1 5 -0.4
v 1 5 -0.5
v 1.1 0 1.2
v 1.1 0 1.1
v 1.1 0.1 1.2
v 1.1 0.1 1.1
v 1.1 3.1 0.4
v 1.1 3.1 0.3
v 1.1 3.2 0.4
v 1.1 3.2 0.3
v 1.1 3.2 0.1
v 1.1 3.2 0
v 1.1 3.3 0.3
v 1.1 3.3 0.2
v 1.1 3.3 0.1
v 1.1 3.3 0
v 1.1 3.4 0.6
v 1.1 3.4 0.5
v 1.1 3.4 0.2
v 1.1 3.4 0.1
v 1.1 3.4 -0.2
v 1.1 3.5 0.7
v 1.1 3.5 0.6
v 1.1 3.5 0.5
v 1.1 3.5 0.4
v 1.1 3.5 -0.0999999
v 1.1 3.5 -0.2
v 1.1 3.5 -0.3
v 1.1 3.6 0.7
v 1.1 3.6 0.6
v 1.1 3.6 0.5
v 1.1 3.6 0.4
v 1.1 3.6 0.3
v 1.1 3.6 0.2
v 1.1 3.6 0.1
v 1.1 3.6 -0.2
v 1.1 3.6 -0.3
v 1.1 3.6 -0.4
v 1.1 3.6 -0.5
v 1.1 3.7 0.6
v 1.1 3.7 0.5
v 1.1 3.7 0.3
v 1.1 3.7 0.2
v 1.1 3.7 0
v 1.1 3.7 -0.0999999
v 1.1 3.7 -0.2
v 1.1 3.7 -0.4
v 1.1 3.7 -0.5
v 1.1 3.8 0.4
v 1.1 3.8 0.2
v 1.1 3.8 -0.2
v 1.1 3.8 -0.3
v 1.1 3.8 -0.4
v 1.1 3.8 -0.5
v 1.1 3.8 -0.6
v 1.1 3.9 0.4
v 1.1 3.9 0.2
v 1.1 3.9 0
v 1.1 3.9 -0.3
v 1.1 3.9 -0.4
v 1.1 3.9 -0.5
v 1.1 3.9 -0.6
v 1.1 4 -0.3
v 1.1 4 -0.5
v 1.1 4.2 -0.4
v 1.1 4.2 -0.6
v 1.1 4.2 -0.7
v 1.1 4.3 -0.0999999
v 1.1 4.3 -0.4
v 1.1 4.3 -0.6
v 1.1 4.3 -0.7
v 1.1 4.4 0
v 1.1 4.4 -0.0999999
v 1.1 4.4 -0.5
v 1.1 4.5 0
v 1.1 4.5 -0.0999999
v 1.1 4.5 -0.5
v 1.1 4.5 -0.6
v 1.2 3.2 0
v 1.2 3.2 -0.0999999
v 1.2 3.3 0.3
v 1.2 3.3 0.2
v 1.2 3.3 0.1
v 1.2 3.3 0
v 1.2 3.3 -0.0999999
v 1.2 3.3 -0.2
v 1.2 3.4 0.3
v 1.2 3.4 0.2
v 1.2 3.4 0.1
v 1.2 3.4 -0.2
v 1.2 3.4 -0.4
v 1.2 3.5 0.4
v 1.2 3.5 0.1
v 1.2 3.5 -0.2
v 1.2 3.5 -0.3
v 1.2 3.6 0.4
v 1.2 3.6 0.3
v 1.2 3.6 0.2
v 1.2 3.6 0.1
v 1.2 3.6 -0.3
v 1.2 3.6 -0.4
v 1.2 3.7 0.3
v 1.2 3.7 0.2
v 1.2 3.7 0
v 1.2 3.7 -0.5
v 1.2 3.7 -0.7
v 1.2 3.8 0.5
v 1.2 3.8 0.4
v 1.2 3.8 0.3
v 1.2 3.8 0.2
v 1.2 3.8 0.1
v 1.2 3.8 0
v 1.2 3.8 -0.3
v 1.2 3.8 -0.4
v 1.2 3.8 -0.5
v 1.2 3.8 -0.6
v 1.2 3.8 -0.7
v 1.2 3.8 -0.8
v 1.2 3.9 0.5
v 1.2 3.9 0.4
v 1.2 3.9 0.3
v 1.2 3.9 0.2
v 1.2 3.9 0.1
v 1.2 3.9 -0.0999999
v 1.2 3.9 -0.3
v 1.2 3.9 -0.4
v 1.2 3.9 -0.5
v 1.2 3.9 -0.6
v 1.2 4 0.4
v 1.2 4 0.3
v 1.2 4 0.2
v 1.2 4 -0.0999999
v 1.2 4 -0.3
v 1.2 4 -0.5
v 1.2 4 -0.6
v 1.2 4 -0.8
v 1.2 4.1 -0.6
v 1.2 4.1 -0.7
v 1.2 4.2 -0.2
v 1.2 4.2 -0.3
v 1.2 4.2 -0.4
v 1.2 4.2 -0.5
v 1.2 4.2 -0.6
v 1.2 4.2 -0.7
v 1.2 4.3 -0.2
v 1.2 4.3 -0.4
v 1.2 4.3 -0.6
v 1.2 4.3 -0.7
v 1.2 4.4 -0.6
v 1.2 4.4 -0.7
v 1.3 4 -0.0999999
v 1.3 4 -0.3
v 1.3 4 -0.6
v 1.3 4 -0.7
v 1.3 4.1 -0.0999999
v 1.3 4.1 -0.2
v 1.3 4.1 -0.6
v 1.3 4.1 -0.7
v 1.3 4.2 -0.2
v 1.3 4.2 -0.3
v 1.4 3.8 -0.2
v 1.4 3.8 -0.3
v 1.4 3.9 -0.2
v 1.4 3.9 -0.3
v -2.1 4.9 0.9
v -2.1 4.9 0.7
v -2.1 5 0.9
v -2.1 5 0.8
v -2.1 5.1 0.8
v -2.1 5.1 0.7
v -2.1 5.1 0.6
v -2.1 5.2 0.6
v -2.1 5.2 0.4
v -2.1 5.3 0.7
v -2.1 5.3 0.4
v -2 4.7 0.2
v -2 4.7 0.1
v -2 4.8 1.1
v -2 4.8 1
v -2 4.8 0.9
v -2 4.8 0.2
v -2 4.8 0.1
v -2 4.8 0
v -2 4.9 1.1
v -2 4.9 0.9
v -2 4.9 0.1
v -2 4.9 0
v -2 4.9 -0.0999999
v -2 5.1 0.2
v -2 5.1 0
v -2 5.1 -0.0999999
v -2 5.2 0.4
v -2 5.2 0.3
v -2 5.2 0.2
v -2 5.2 0.1
v -2 5.2 0
v -2 5.3 0.4
v -2 5.3 0.3
v -2 5.3 0.1
v -1.9 4.4 2.3
v -1.9 4.4 2.2
v -1.9 4.7 1.2
v -1.9 4.7 1.1
v -1.9 4.7 1
v -1.9 4.8 1.2
v -1.9 4.8 1
v -1.9 4.9 2.3
v -1.9 4.9 2.2
v -1.9 5.3 0.4
v -1.9 5.3 0.3
v -1.9 5.4 0.4
v -1.9 5.4 0.3
v -1.8 4.3 2.3
v -1.8 4.3 2.2
v -1.8 4.4 2.3
v -1.8 4.4 2.2
v -1.8 4.4 2.1
v -1.8 4.6 0.3
v -1.8 4.6 0.2
v -1.8 4.7 0.3
v -1.8 4.7 0.2
v -1.8 4.8 0
v -1.8 4.8 -0.2
v -1.8 4.9 2.2
v -1.8 4.9 2.1
v -1.8 4.9 0
v -1.8 4.9 -0.2
v -1.8 5.4 0.4
v -1.8 5.4 0.2
v -1.8 5.5 0.4
v -1.8 5.5 0.3
v -1.8 5.5 0.2
v -1.7 4.8 -0.2
v -1.7 4.8 -0.3
v -1.7 4.9 2.3
v -1.7 4.9 2.1
v -1.7 4.9 -0.2
v -1.7 4.9 -0.3
v -1.7 5 2.3
v -1.7 5 2.1
v -1.7 5.5 0.3
v -1.7 5.5 0.2
v -1.7 5.6 0.3
v -1.7 5.6 0.2
v -1.6 4.2 0.7
v -1.6 4.2 0.4
v -1.6 4.3 0.9
v -1.6 4.3 0.7
v -1.6 4.3 0.6
v -1.6 4.3 0.5
v -1.6 4.3 0.4
v -1.6 4.4 1
v -1.6 4.4 0.9
v -1.6 4.4 0.6
v -1.6 4.4 0.5
v -1.6 4.4 0.4
v -1.6 4.5 1
v -1.6 4.5 0.9
v -1.6 4.7 -0.5
v -1.6 4.7 -0.6
v -1.6 4.8 1
v -1.6 4.8 0.9
v -1.6 4.8 -0.3
v -1.6 4.8 -0.5
v -1.6 4.8 -0.6
v -1.6 4.9 1
v -1.6 4.9 0.9
v -1.6 4.9 -0.3
v -1.6 4.9 -0.6
v -1.6 5.5 0.2
v -1.6 5.5 0.1
v -1.6 5.5 0
v -1.6 5.6 0.2
v -1.6 5.6 0
v -1.5 4.1 1
v -1.5 4.1 0.9
v -1.5 4.2 1.1
v -1.5 4.2 1
v -1.5 4.2 0.9
v -1.5 4.3 1.2
v -1.5 4.3 1.1
v -1.5 4.3 1
v -1.5 4.3 0.4
v -1.5 4.3 0.3
v -1.5 4.4 1.2
v -1.5 4.4 1.1
v -1.5 4.4 0.9
v -1.5 4.4 0.8
v -1.5 4.4 0.4
v -1.5 4.4 0.3
v -1.5 4.5 0.9
v -1.5 4.5 0.8
v -1.5 4.6 -0.6
v -1.5 4.6 -0.7
v -1.5 4.7 -0.7
v -1.5 4.8 -0.6
v -1.5 4.8 -0.7
v -1.5 5 1.6
v -1.5 5 1.4
v -1.5 5 1.2
v -1.5 5.1 1.6
v -1.5 5.1 1.4
v -1.5 5.1 1.2
v -1.5 5.4 0.1
v -1.5 5.4 0
v -1.5 5.4 -0.0999999
v -1.5 5.5 0.1
v -1.5 5.5 -0.0999999
v -1.4 4.8 0.9
v -1.4 4.8 0.8
v -1.4 4.8 0.7
v -1.4 4.8 0.6
v -1.4 4.8 0.5
v -1.4 4.9 0.9
v -1.4 4.9 0.7
v -1.4 4.9 0.6
v -1.4 4.9 0.5
v -1.4 5 2.2
v -1.4 5 2.1
v -1.4 5 1.6
v -1.4 5 1
v -1.4 5 0.9
v -1.4 5 0.7
v -1.4 5 0.5
v -1.4 5.1 2.2
v -1.4 5.1 2.1
v -1.4 5.1 1.6
v -1.4 5.1 0.9
v -1.4 5.1 0.8
v -1.4 5.2 1
v -1.4 5.2 0.9
v -1.4 5.2 0.8
v -1.4 5.2 0.6
v -1.4 5.3 0.9
v -1.4 5.3 0.7
v -1.4 5.3 0.6
v -1.4 5.3 0
v -1.4 5.3 -0.2
v -1.4 5.4 0.7
v -1.4 5.4 0.6
v -1.4 5.4 0
v -1.4 5.4 -0.2
v -1.3 4.1 0.9
v -1.3 4.1 0.7
v -1.3 4.2 2.3
v -1.3 4.2 2.2
v -1.3 4.2 0.9
v -1.3 4.2 0.7
v -1.3 4.3 2.3
v -1.3 4.3 2.2
v -1.3 4.3 2.1
v -1.3 4.3 1.4
v -1.3 4.3 1.2
v -1.3 4.4 2.2
v -1.3 4.4 2.1
v -1.3 4.4 1.4
v -1.3 4.4 1.2
v -1.3 4.4 1.1
v -1.3 4.4 0.8
v -1.3 4.4 0.5
v -1.3 4.5 1.2
v -1.3 4.5 1.1
v -1.3 4.5 0.8
v -1.3 4.5 0.5
v -1.3 4.6 0.8
v -1.3 4.6 0.6
v -1.3 4.6 -0.7
v -1.3 4.6 -0.8
v -1.3 4.7 0.8
v -1.3 4.7 0.7
v -1.3 4.7 0.6
v -1.3 4.7 0.5
v -1.3 4.7 0.4
v -1.3 4.7 -0.7
v -1.3 4.7 -0.8
v -1.3 4.8 2
v -1.3 4.8 1.9
v -1.3 4.8 1.2
v -1.3 4.8 1.1
v -1.3 4.8 1
v -1.3 4.8 0.8
v -1.3 4.8 0.7
v -1.3 4.8 0.5
v -1.3 4.8 0.4
v -1.3 4.9 2.2
v -1.3 4.9 2.1
v -1.3 4.9 2
v -1.3 4.9 1.9
v -1.3 4.9 1.4
v -1.3 4.9 1.2
v -1.3 4.9 1
v -1.3 4.9 0.5
v -1.3 4.9 0.4
v -1.3 4.9 0.3
v -1.3 5 2.3
v -1.3 5 2.2
v -1.3 5 2.1
v -1.3 5 1.4
v -1.3 5 1.2
v -1.3 5 0.5
v -1.3 5 0.4
v -1.3 5 0.3
v -1.3 5.1 2.3
v -1.3 5.1 2.2
v -1.3 5.1 0.4
v -1.3 5.1 0.3
v -1.3 5.2 -0.2
v -1.3 5.2 -0.3
v -1.3 5.3 0.6
v -1.3 5.3 0.4
v -1.3 5.3 -0.2
v -1.3 5.3 -0.3
v -1.3 5.4 0.6
v -1.3 5.4 0.4
v -1.2 0 -0.4
v -1.2 0 -0.5
v -1.2 0 -0.9
v -1.2 0 -1.1
v -1.2 0 -1.2
v -1.2 0.1 -0.5
v -1.2 0.1 -0.9
v -1.2 0.1 -1.1
v -1.2 0.1 -1.2
v -1.2 0.2 -0.4
v -1.2 0.2 -0.5
v -1.2 0.2 -0.6
v -1.2 0.3 -0.5
v -1.2 0.3 -0.6
v -1.2 4 0.7
v -1.2 4 0.6
v -1.2 4.1 0.6
v -1.2 4.2 0.7
v -1.2 4.2 0.6
v -1.2 4.3 2.3
v -1.2 4.3 2.2
v -1.2 4.4 2.3
v -1.2 4.4 2.2
v -1.2 4.4 2.1
v -1.2 4.4 1.4
v -1.2 4.4 1.2
v -1.2 4.4 0.5
v -1.2 4.4 0.2
v -1.2 4.5 2.2
v -1.2 4.5 2.1
v -1.2 4.5 1.4
v -1.2 4.5 1.2
v -1.2 4.5 1.1
v -1.2 4.5 0.8
v -1.2 4.5 0.5
v -1.2 4.5 0.4
v -1.2 4.5 0.2
v -1.2 4.5 0
v -1.2 4.5 -0.8
v -1.2 4.5 -0.9
v -1.2 4.6 0.8
v -1.2 4.6 0.6
v -1.2 4.6 0.5
v -1.2 4.6 0.4
v -1.2 4.6 0.3
v -1.2 4.6 0.1
v -1.2 4.6 0
v -1.2 4.6 -0.9
v -1.2 4.7 1.3
v -1.2 4.7 1.2
v -1.2 4.7 0.6
v -1.2 4.7 0.4
v -1.2 4.7 0.3
v -1.2 4.7 -0.8
v -1.2 4.7 -0.9
v -1.2 4.8 2.2
v -1.2 4.8 2.1
v -1.2 4.8 2
v -1.2 4.8 1.9
v -1.2 4.8 1.4
v -1.2 4.8 1.3
v -1.2 4.8 1.2
v -1.2 4.8 1.1
v -1.2 4.9 2.3
v -1.2 4.9 2.2
v -1.2 4.9 2.1
v -1.2 4.9 2
v -1.2 4.9 1.9
v -1.2 4.9 1.4
v -1.2 4.9 1.2
v -1.2 5 2.3
v -1.2 5 2.2
v -1.2 5.1 -0.2
v -1.2 5.1 -0.3
v -1.2 5.2 0.3
v -1.2 5.2 0.2
v -1.2 5.2 -0.2
v -1.2 5.2 -0.3
v -1.2 5.3 0.4
v -1.2 5.3 0.3
v -1.2 5.3 0.2
v -1.2 5.4 0.4
v -1.2 5.4 0.2
v -1.1 0 -0.5
v -1.1 0 -0.6
v -1.1 0 -0.8
v -1.1 0 -0.9
v -1.1 0.1 -0.5
v -1.1 0.1 -0.6
v -1.1 0.1 -0.9
v -1.1 0.1 -1.1
v -1.1 0.2 -0.8
v -1.1 0.2 -1.1
v -1.1 0.5 -1
v -1.1 0.5 -1.1
v -1.1 0.6 -1
v -1.1 0.6 -1.1
v -1.1 3.9 0.6
v -1.1 3.9 0.4
v -1.1 4 0.5
v -1.1 4 0.4
v -1.1 4.1 0.6
v -1.1 4.1 0.5
v -1.1 4.4 2.3
v -1.1 4.4 2.2
v -1.1 4.5 2.3
v -1.1 4.5 2.2
v -1.1 4.5 2.1
v -1.1 4.5 1.4
v -1.1 4.5 1.2
v -1.1 4.5 0.5
v -1.1 4.5 0.4
v -1.1 4.6 0.5
v -1.1 4.6 0.4
v -1.1 4.7 1.3
v -1.1 4.7 1.2
v -1.1 4.7 0.8
v -1.1 4.7 0.7
v -1.1 4.7 0.4
v -1.1 4.7 0.3
v -1.1 4.8 2.3
v -1.1 4.8 2.2
v -1.1 4.8 2.1
v -1.1 4.8 1.4
v -1.1 4.8 1.3
v -1.1 4.8 0.8
v -1.1 4.8 0.7
v -1.1 4.8 0.4
v -1.1 4.8 0.3
v -1.1 4.9 2.3
v -1.1 4.9 2.2
v -1.1 4.9 0.4
v -1.1 4.9 0.3
v -1.1 5 0.4
v -1.1 5 0.3
v -1.1 5.1 0.4
v -1.1 5.1 0.3
v -1.1 5.2 0.2
v -1.1 5.2 0.1
v -1.1 5.3 0.2
v -1.1 5.3 0.1
v -1 0 -0.6
v -1 0 -0.8
v -1 0.1 -0.6
v -1 0.1 -0.8
v -1 0.4 -1.5
v -1 0.4 -1.6
v -1 0.5 -1.3
v -1 0.5 -1.4
v -1 0.5 -1.5
v -1 0.5 -1.6
v -1 0.6 -1.3
v -1 0.6 -1.4
v -1 4 0.4
v -1 4 0.1
v -1 4.1 0.4
v -1 4.1 0.2
v -1 4.2 0.2
v -1 4.2 0.1
v -1 4.2 0
v -1 4.3 0.1
v -1 4.3 0
v -1 4.3 -0.0999999
v -1 4.4 0
v -1 4.4 -0.0999999
v -1 4.5 2.3
v -1 4.5 2.2
v -1 4.5 0.4
v -1 4.5 0.3
v -1 4.5 -0.9
v -1 4.5 -1
v -1 4.5 -1.1
v -1 4.6 0.4
v -1 4.6 0.3
v -1 4.6 0.2
v -1 4.6 0.1
v -1 4.6 0
v -1 4.6 -0.9
v -1 4.6 -1.1
v -1 4.7 0.7
v -1 4.7 0.6
v -1 4.7 0.3
v -1 4.7 0.2
v -1 4.7 0.1
v -1 4.7 0
v -1 4.8 2.3
v -1 4.8 2.2
v -1 4.8 0.6
v -1 4.8 0.2
v -1 4.8 0.1
v -1 4.9 0.7
v -1 4.9 0.6
v -1 4.9 0.2
v -1 4.9 0.1
v -1 5 0.3
v -1 5 0.2
v -1 5 0.1
v -1 5 0
v -1 5.1 0.2
v -1 5.1 0
v -1 5.1 -0.0999999
v -1 5.1 -0.2
v -1 5.2 0.1
v -1 5.2 -0.0999999
v -1 5.2 -0.2
v -1 5.3 0.1
v -1 5.3 -0.0999999
v -0.9 0 -1.3
v -0.9 0 -1.4
v -0.9 0.1 -1.3
v -0.9 0.1 -1.4
v -0.9 0.7 -0.8
v -0.9 0.7 -0.9
v -0.9 0.7 -1
v -0.9 0.8 -0.8
v -0.9 0.8 -1
v -0.9 4.3 -0.0999999
v -0.9 4.3 -0.2
v -0.9 4.4 -1
v -0.9 4.4 -1.1
v -0.9 4.5 -0.0999999
v -0.9 4.5 -0.2
v -0.9 4.5 -1
v -0.9 4.5 -1.1
v -0.9 4.8 0.6
v -0.9 4.8 0.5
v -0.9 5 0.5
v -0.9 5 0.4
v -0.9 5 0.3
v -0.9 5 0.2
v -0.9 5 0
v -0.9 5 -0.2
v -0.9 5.1 0.6
v -0.9 5.1 0.4
v -0.9 5.1 0.2
v -0.9 5.1 0
v -0.9 5.1 -0.0999999
v -0.9 5.1 -0.2
v -0.9 5.2 0.3
v -0.9 5.2 0.2
v -0.9 5.2 -0.0999999
v -0.8 0 -0.7
v -0.8 0 -0.8
v -0.8 0 -0.9
v -0.8 0 -1
v -0.8 0.1 -0.7
v -0.8 0.1 -0.8
v -0.8 0.1 -0.9
v -0.8 0.1 -1
v -0.8 0.4 -1.6
v -0.8 0.4 -1.7
v -0.8 0.5 -0.8
v -0.8 0.5 -0.9
v -0.8 0.5 -1.6
v -0.8 0.5 -1.7
v -0.8 0.6 -0.8
v -0.8 0.6 -0.9
v -0.8 0.6 -1
v -0.8 0.7 -0.9
v -0.8 0.7 -1
v -0.8 4.5 -1
v -0.8 4.5 -1.1
v -0.8 4.7 -1
v -0.8 4.7 -1.1
v -0.8 5 0.2
v -0.8 5 0
v -0.8 5.1 0.2
v -0.8 5.1 0
v -0.7 0.1 -1.4
v -0.7 0.1 -1.5
v -0.7 0.2 -1.4
v -0.7 0.2 -1.5
v -0.7 0.3 -0.6
v -0.7 0.3 -0.7
v -0.7 0.4 -0.6
v -0.7 0.4 -0.7
v -0.7 0.4 -0.9
v -0.7 0.5 -0.7
v -0.7 0.5 -0.9
v -0.7 0.5 -1
v -0.7 0.6 -0.9
v -0.7 0.6 -1
v -0.7 0.7 -1
v -0.7 0.7 -1.1
v -0.7 0.8 -1
v -0.7 0.8 -1.1
v -0.7 0.9 -1.3
v -0.7 0.9 -1.4
v -0.7 1 -1.3
v -0.7 1 -1.4
v -0.7 1.6 -0.7
v -0.7 1.6 -0.8
v -0.7 1.7 -0.7
v -0.7 1.7 -0.8
v -0.7 4.7 -1
v -0.7 4.7 -1.1
v -0.7 4.8 -1
v -0.7 4.8 -1.1
v -0.6 0 -0.6
v -0.6 0 -0.7
v -0.6 0 -0.8
v -0.6 0 -0.9
v -0.6 0 -1
v -0.6 0 -1.2
v -0.6 0 -1.3
v -0.6 0.1 -0.4
v -0.6 0.1 -0.5
v -0.6 0.1 -0.7
v -0.6 0.1 -0.8
v -0.6 0.1 -0.9
v -0.6 0.1 -1
v -0.6 0.1 -1.2
v -0.6 0.1 -1.3
v -0.6 0.1 -1.4
v -0.6 0.2 -0.4
v -0.6 0.2 -0.5
v -0.6 0.2 -0.6
v -0.6 0.2 -1.3
v -0.6 0.2 -1.4
v -0.6 0.3 -0.5
v -0.6 0.3 -0.7
v -0.6 0.4 -0.9
v -0.6 0.4 -1.1
v -0.6 0.5 -0.9
v -0.6 0.5 -1
v -0.6 0.5 -1.1
v -0.6 0.5 -1.2
v -0.6 0.5 -1.5
v -0.6 0.5 -1.6
v -0.6 0.6 -1
v -0.6 0.6 -1.1
v -0.6 0.6 -1.2
v -0.6 0.6 -1.4
v -0.6 0.7 -1
v -0.6 0.7 -1.1
v -0.6 0.7 -1.2
v -0.6 0.7 -1.4
v -0.6 0.7 -1.5
v -0.6 0.7 -1.6
v -0.6 0.8 -0.8
v -0.6 0.8 -1
v -0.6 0.8 -1.1
v -0.6 0.8 -1.4
v -0.6 0.8 -1.5
v -0.6 0.9 -0.7
v -0.6 0.9 -0.8
v -0.6 0.9 -0.9
v -0.6 0.9 -1
v -0.6 0.9 -1.1
v -0.6 0.9 -1.2
v -0.6 0.9 -1.3
v -0.6 0.9 -1.5
v -0.6 1 -0.7
v -0.6 1 -0.8
v -0.6 1 -0.9
v -0.6 1.1 -0.7
v -0.6 1.1 -0.8
v -0.6 1.1 -1.2
v -0.6 1.1 -1.3
v -0.6 1.8 -1.2
v -0.6 1.8 -1.3
v -0.6 1.9 -1.2
v -0.6 1.9 -1.3
v -0.6 4.7 -0.9
v -0.6 4.7 -1
v -0.6 4.8 -0.9
v -0.6 4.8 -1
v -0.6 5.5 0.1
v -0.6 5.5 -0.0999999
v -0.6 5.6 0.3
v -0.6 5.6 0.2
v -0.6 5.6 0.1
v -0.6 5.6 -0.0999999
v -0.6 5.6 -0.3
v -0.6 5.7 0.3
v -0.6 5.7 -0.3
v -0.6 5.8 1.1
v -0.6 5.8 1
v -0.6 5.9 1.2
v -0.6 5.9 1.1
v -0.6 5.9 1
v -0.6 5.9 0.9
v -0.6 6.1 1.2
v -0.6 6.1 1.1
v -0.6 6.1 1
v -0.6 6.1 0.9
v -0.6 6.2 1.1
v -0.6 6.2 1
v -0.6 6.4 1.1
v -0.6 6.4 1
v -0.6 6.4 0.8
v -0.6 6.5 1
v -0.6 6.5 0.9
v -0.6 6.5 0.8
v -0.5 0 -0.4
v -0.5 0 -0.6
v -0.5 0 -1
v -0.5 0 -1.1
v -0.5 0.1 -0.4
v -0.5 0.1 -0.5
v -0.5 0.1 -0.7
v -0.5 0.1 -0.9
v -0.5 0.1 -1
v -0.5 0.1 -1.2
v -0.5 0.1 -1.3
v -0.5 0.1 -1.4
v -0.5 0.1 -1.6
v -0.5 0.2 -0.5
v -0.5 0.2 -0.6
v -0.5 0.2 -0.7
v -0.5 0.2 -0.9
v -0.5 0.2 -1.3
v -0.5 0.2 -1.4
v -0.5 0.2 -1.6
v -0.5 0.2 -1.9
v -0.5 0.2 -2
v -0.5 0.3 -0.7
v -0.5 0.3 -0.9
v -0.5 0.3 -1.9
v -0.5 0.3 -2
v -0.5 0.4 -0.7
v -0.5 0.4 -0.9
v -0.5 0.4 -1
v -0.5 0.4 -1.1
v -0.5 0.4 -1.2
v -0.5 0.4 -1.5
v -0.5 0.4 -1.6
v -0.5 0.4 -1.7
v -0.5 0.4 -1.8
v -0.5 0.5 -1
v -0.5 0.5 -1.1
v -0.5 0.5 -1.2
v -0.5 0.5 -1.4
v -0.5 0.5 -1.5
v -0.5 0.5 -1.6
v -0.5 0.5 -1.7
v -0.5 0.5 -1.8
v -0.5 0.6 -1
v -0.5 0.6 -1.1
v -0.5 0.6 -1.2
v -0.5 0.6 -1.3
v -0.5 0.6 -1.4
v -0.5 0.7 -1.1
v -0.5 0.7 -1.2
v -0.5 0.7 -1.4
v -0.5 0.7 -1.5
v -0.5 0.8 -1
v -0.5 0.8 -1.1
v -0.5 0.9 -0.9
v -0.5 0.9 -1
v -0.5 0.9 -1.1
v -0.5 0.9 -1.2
v -0.5 1 -0.8
v -0.5 1 -0.9
v -0.5 1 -1
v -0.5 1 -1.2
v -0.5 1.1 -0.8
v -0.5 1.1 -0.9
v -0.5 1.1 -1
v -0.5 1.1 -1.2
v -0.5 1.1 -1.3
v -0.5 1.2 -1.2
v -0.5 1.2 -1.3
v -0.5 1.3 -0.7
v -0.5 1.3 -0.8
v -0.5 1.4 -0.7
v -0.5 1.4 -0.8
v -0.5 5.2 0.5
v -0.5 5.2 0.4
v -0.5 5.2 0.3
v -0.5 5.3 0.6
v -0.5 5.3 0.5
v -0.5 5.3 0.4
v -0.5 5.3 0.3
v -0.5 5.3 0.2
v -0.5 5.4 0.6
v -0.5 5.4 0.5
v -0.5 5.4 0.3
v -0.5 5.4 0.2
v -0.5 5.4 0.1
v -0.5 5.4 -0.3
v -0.5 5.5 0.1
v -0.5 5.5 -0.0999999
v -0.5 5.6 0.4
v -0.5 5.6 0.3
v -0.5 5.6 -0.0999999
v -0.5 5.6 -0.3
v -0.5 5.6 -0.5
v -0.5 5.7 0.4
v -0.5 5.7 0.3
v -0.5 5.7 -0.3
v -0.5 5.7 -0.5
v -0.5 5.9 1.1
v -0.5 5.9 1
v -0.5 6.1 1.1
v -0.5 6.1 1
v -0.5 6.5 0.9
v -0.5 6.5 0.6
v -0.5 6.6 0.9
v -0.5 6.6 0.6
v -0.4 0 -1.1
v -0.4 0 -1.2
v -0.4 0 -1.6
v -0.4 0 -1.8
v -0.4 0.1 -0.9
v -0.4 0.1 -1
v -0.4 0.1 -1.7
v -0.4 0.1 -1.8
v -0.4 0.2 -0.7
v -0.4 0.2 -0.9
v -0.4 0.2 -1.3
v -0.4 0.2 -1.5
v -0.4 0.2 -1.6
v -0.4 0.2 -1.7
v -0.4 0.3 -0.7
v -0.4 0.3 -0.9
v -0.4 0.3 -1.7
v -0.4 0.3 -1.8
v -0.4 0.4 -0.9
v -0.4 0.4 -1
v -0.4 0.4 -1.1
v -0.4 0.4 -1.2
v -0.4 0.4 -1.5
v -0.4 0.4 -1.6
v -0.4 0.4 -1.7
v -0.4 0.4 -1.8
v -0.4 0.5 -1.4
v -0.4 0.5 -1.5
v -0.4 0.5 -1.6
v -0.4 0.5 -1.7
v -0.4 0.6 -1.3
v -0.4 0.6 -1.4
v -0.4 1 -1
v -0.4 1 -1.2
v -0.4 1.1 -0.8
v -0.4 1.1 -1
v -0.4 1.1 -1.2
v -0.4 1.2 -0.9
v -0.4 1.2 -1.1
v -0.4 1.2 -1.2
v -0.4 1.2 -1.3
v -0.4 1.3 -0.8
v -0.4 1.3 -0.9
v -0.4 1.3 -1.1
v -0.4 1.3 -1.2
v -0.4 1.4 -0.7
v -0.4 1.4 -0.8
v -0.4 1.4 -1.2
v -0.4 1.4 -1.3
v -0.4 1.5 -0.7
v -0.4 1.5 -0.8
v -0.4 2.3 -0.3
v -0.4 2.3 -0.4
v -0.4 2.4 -0.3
v -0.4 2.4 -0.4
v -0.4 5.4 0.6
v -0.4 5.4 0.5
v -0.4 5.4 0.3
v -0.4 5.4 0.2
v -0.4 5.4 0.1
v -0.4 5.5 0.6
v -0.4 5.5 0.5
v -0.4 5.5 0.4
v -0.4 5.5 0.3
v -0.4 5.6 0.6
v -0.4 5.6 0.5
v -0.4 5.6 0.4
v -0.4 5.6 0.1
v -0.4 6.5 0.6
v -0.4 6.5 0.5
v -0.4 6.5 0.4
v -0.4 6.6 0.6
v -0.4 6.6 0.4
v -0.3 0.1 -1.7
v -0.3 0.1 -1.8
v -0.3 0.2 -1.5
v -0.3 0.2 -1.6
v -0.3 0.2 -1.7
v -0.3 0.2 -1.8
v -0.3 0.3 -1.6
v -0.3 0.3 -1.7
v -0.3 0.3 -1.8
v -0.3 0.3 -1.9
v -0.3 0.4 -1.5
v -0.3 0.4 -1.7
v -0.3 0.4 -1.8
v -0.3 0.4 -1.9
v -0.3 1.3 -0.8
v -0.3 1.3 -0.9
v -0.3 1.3 -1.2
v -0.3 1.4 -0.8
v -0.3 1.4 -0.9
v -0.3 1.4 -1
v -0.3 1.5 -0.7
v -0.3 1.5 -0.8
v -0.3 1.5 -0.9
v -0.3 1.5 -1
v -0.3 1.5 -1.2
v -0.3 1.5 -1.3
v -0.3 1.6 -0.9
v -0.3 1.6 -1
v -0.3 1.6 -1.2
v -0.3 1.6 -1.3
v -0.3 1.7 -0.7
v -0.3 1.7 -1
v -0.3 1.7 -1.1
v -0.3 1.7 -1.2
v -0.3 1.8 -0.7
v -0.3 1.8 -1.1
v -0.3 1.8 -1.2
v -0.3 2 -0.5
v -0.3 2 -0.6
v -0.3 2.1 -0.5
v -0.3 2.1 -0.6
v -0.3 2.1 -0.7
v -0.3 2.2 -0.4
v -0.3 2.2 -0.5
v -0.3 2.3 -0.4
v -0.3 2.3 -0.5
v -0.3 2.3 -0.6
v -0.3 2.3 -0.7
v -0.3 2.3 -1.1
v -0.3 2.3 -1.2
v -0.3 2.4 -0.3
v -0.3 2.4 -0.4
v -0.3 2.4 -1.1
v -0.3 2.4 -1.2
v -0.3 2.5 -0.3
v -0.3 2.5 -0.4
v -0.3 2.5 -0.5
v -0.3 2.5 -0.6
v -0.3 2.5 -0.8
v -0.3 2.5 -1
v -0.3 2.5 -1.1
v -0.3 2.7 -0.3
v -0.3 2.7 -0.4
v -0.3 2.7 -1
v -0.3 2.7 -1.1
v -0.3 2.8 -0.8
v -0.3 2.8 -0.9
v -0.3 2.8 -1
v -0.3 2.9 -0.8
v -0.3 2.9 -0.9
v -0.3 3.1 -0.8
v -0.3 3.2 -0.8
v -0.3 3.2 -0.9
v -0.3 3.3 -0.8
v -0.3 3.3 -0.9
v -0.3 6.3 0.4
v -0.3 6.3 0.3
v -0.3 6.3 0.2
v -0.3 6.4 0.5
v -0.3 6.4 0.4
v -0.3 6.4 0.3
v -0.3 6.4 0.2
v -0.3 6.5 0.5
v -0.3 6.5 0.3
v -0.2 0 -1.8
v -0.2 0 -2
v -0.2 0.1 -1.6
v -0.2 0.1 -1.7
v -0.2 0.1 -1.8
v -0.2 0.1 -2
v -0.2 0.1 -2.1
v -0.2 0.2 -1.7
v -0.2 0.2 -1.8
v -0.2 0.2 -2
v -0.2 0.2 -2.1
v -0.2 0.3 -1.6
v -0.2 0.3 -1.7
v -0.2 0.3 -2
v -0.2 1.4 -0.8
v -0.2 1.4 -1
v -0.2 1.5 -0.8
v -0.2 1.5 -0.9
v -0.2 1.5 -1
v -0.2 1.5 -1.2
v -0.2 1.6 -0.9
v -0.2 1.6 -1
v -0.2 1.6 -1.2
v -0.2 1.6 -1.3
v -0.2 1.7 -1
v -0.2 1.7 -1.3
v -0.2 1.8 -0.7
v -0.2 1.8 -1.2
v -0.2 1.9 -0.6
v -0.2 1.9 -0.7
v -0.2 1.9 -0.9
v -0.2 1.9 -1.2
v -0.2 1.9 -1.3
v -0.2 1.9 -1.4
v -0.2 2 -1.3
v -0.2 2 -1.4
v -0.2 2.1 -0.6
v -0.2 2.1 -0.7
v -0.2 2.1 -0.9
v -0.2 2.1 -1.3
v -0.2 2.1 -1.4
v -0.2 2.2 -0.7
v -0.2 2.2 -0.8
v -0.2 2.2 -0.9
v -0.2 2.2 -1.1
v -0.2 2.3 -0.6
v -0.2 2.3 -0.7
v -0.2 2.3 -0.8
v -0.2 2.3 -1.1
v -0.2 2.3 -1.3
v -0.2 2.4 -0.6
v -0.2 2.4 -0.7
v -0.2 2.4 -1.1
v -0.2 2.4 -1.2
v -0.2 2.5 -0.4
v -0.2 2.5 -0.5
v -0.2 2.5 -0.8
v -0.2 2.5 -1.2
v -0.2 2.6 -0.5
v -0.2 2.6 -0.7
v -0.2 2.7 -0.4
v -0.2 2.7 -0.5
v -0.2 2.7 -0.7
v -0.2 2.8 -0.7
v -0.2 2.8 -0.8
v -0.2 2.8 -0.9
v -0.2 2.9 -0.7
v -0.2 2.9 -0.8
v -0.2 2.9 -0.9
v -0.2 6.1 0.2
v -0.2 6.1 0.1
v -0.2 6.2 0.3
v -0.2 6.2 0.2
v -0.2 6.2 0.1
v -0.2 6.3 0.3
v -0.2 6.3 0.2
v -0.1 0 -2
v -0.1 0 -2.2
v -0.1 0.1 -1.8
v -0.1 0.1 -2
v -0.1 0.1 -2.2
v -0.1 0.2 -1.8
v -0.1 0.2 -2
v -0.1 1.9 -0.9
v -0.1 1.9 -1.3
v -0.1 2.1 -0.7
v -0.1 2.1 -0.9
v -0.1 2.1 -1.3
v -0.1 2.2 -0.7
v -0.1 2.2 -0.8
v -0.1 2.2 -0.9
v -0.1 2.2 -1.1
v -0.1 2.3 -0.8
v -0.1 2.3 -1.1
v -0.1 2.4 -0.6
v -0.1 2.4 -0.7
v -0.1 2.5 -0.5
v -0.1 2.5 -0.6
v -0.1 2.6 -0.5
v -0.1 2.6 -0.7
v -0.1 2.7 -0.6
v -0.1 2.7 -0.7
v -0.1 2.8 -0.5
v -0.1 2.8 -0.6
v -0.1 2.8 -0.7
v -0.1 2.9 -0.5
v -0.1 2.9 -0.6
v -0.1 2.9 -0.7
v -0.1 3.1 -0.7
v -0.1 3.1 -0.8
v -0.1 3.2 -0.7
v -0.1 3.2 -0.8
v -0.1 4.4 -0.8
v -0.1 4.4 -0.9
v -0.1 4.5 -0.8
v -0.1 4.5 -0.9
v -0.1 5 0.4
v -0.1 5 0.3
v -0.1 5.1 0.4
v -0.1 5.1 0.3
v -2.38419e-07 2.7 -0.5
v -2.38419e-07 2.7 -0.6
v -2.38419e-07 2.8 -0.5
v -2.38419e-07 2.8 -0.6
v -2.38419e-07 3.2 -0.7
v -2.38419e-07 3.2 -0.8
v -2.38419e-07 3.3 -0.7
v -2.38419e-07 3.3 -0.8
v -2.38419e-07 3.4 -0.7
v -2.38419e-07 3.4 -0.8
v -2.38419e-07 3.5 -0.7
v -2.38419e-07 3.5 -0.8
v -2.38419e-07 3.7 -0.7
v -2.38419e-07 3.7 -0.8
v -2.38419e-07 3.8 -0.7
v -2.38419e-07 3.8 -0.8
v 0.0999999 2.7 -0.4
v 0.0999999 2.7 -0.5
v 0.0999999 2.8 -0.4
v 0.0999999 2.8 -0.5
v 0.0999999 3.6 -0.7
v 0.0999999 3.6 -0.8
v 0.0999999 3.7 -0.7
v 0.0999999 3.7 -0.8
v 0.0999999 4.8 -0.8
v 0.0999999 4.8 -0.9
v 0.0999999 4.9 -0.8
v 0.0999999 4.9 -0.9
v 0.2 2 0
v 0.2 2 -0.0999999
v 0.2 2.1 0
v 0.2 2.1 -0.0999999
v 0.2 2.7 0.3
v 0.2 2.7 0.2
v 0.2 2.7 0.1
v 0.2 2.8 0.2
v 0.2 2.8 0.1
v 0.2 2.8 -0.6
v 0.2 2.8 -0.8
v 0.2 2.9 0.3
v 0.2 2.9 0.2
v 0.2 2.9 0.1
v 0.2 2.9 -0.6
v 0.2 2.9 -0.8
v 0.2 3.1 0.2
v 0.2 3.1 0.1
v 0.2 3.2 0
v 0.2 3.2 -0.0999999
v 0.2 3.3 0
v 0.2 3.3 -0.0999999
v 0.2 3.4 0
v 0.2 3.4 -0.0999999
v 0.2 3.6 0
v 0.2 3.6 -0.0999999
v 0.2 3.7 -0.7
v 0.2 3.7 -0.8
v 0.2 3.8 -0.7
v 0.2 3.8 -0.8
v 0.2 4.5 -0.8
v 0.2 4.5 -0.9
v 0.2 4.6 -0.8
v 0.2 4.6 -0.9
v 0.2 5 0.4
v 0.2 5 0.3
v 0.2 5.1 0.4
v 0.2 5.1 0.3
v 0.2 5.2 0.3
v 0.2 5.2 0.2
v 0.2 5.3 0.3
v 0.2 5.3 0.2
v 0.2 6.1 0.3
v 0.2 6.1 0.2
v 0.2 6.2 0.3
v 0.2 6.2 0.2
v 0.3 2.3 0.3
v 0.3 2.3 0.2
v 0.3 2.4 0.3
v 0.3 2.4 0.2
v 0.3 2.8 0.2
v 0.3 2.8 0.1
v 0.3 2.8 0
v 0.3 2.9 0.2
v 0.3 2.9 0.1
v 0.3 2.9 -0.7
v 0.3 2.9 -0.8
v 0.3 3 -0.7
v 0.3 3 -0.8
v 0.3 3.1 0.1
v 0.3 3.1 0
v 0.3 3.1 -0.4
v 0.3 3.1 -0.5
v 0.3 3.2 0.1
v 0.3 3.2 0
v 0.3 3.2 -0.0999999
v 0.3 3.2 -0.4
v 0.3 3.2 -0.5
v 0.3 3.2 -0.7
v 0.3 3.2 -0.8
v 0.3 3.3 -0.5
v 0.3 3.3 -0.7
v 0.3 3.3 -0.8
v 0.3 3.4 -0.0999999
v 0.3 3.4 -0.7
v 0.3 3.5 -0.2
v 0.3 3.5 -0.4
v 0.3 3.5 -0.5
v 0.3 3.5 -0.6
v 0.3 3.7 0
v 0.3 3.7 -0.0999999
v 0.3 3.7 -0.2
v 0.3 3.7 -0.4
v 0.3 3.7 -0.5
v 0.3 3.7 -0.6
v 0.3 3.7 -0.7
v 0.3 3.8 0
v 0.3 3.8 -0.0999999
v 0.3 3.8 -0.7
v 0.3 3.8 -0.8
v 0.3 3.9 0
v 0.3 3.9 -0.0999999
v 0.3 3.9 -0.7
v 0.3 3.9 -0.8
v 0.3 4.3 -0.7
v 0.3 4.3 -0.8
v 0.3 4.4 -0.7
v 0.3 4.4 -0.8
v 0.3 4.7 -0.8
v 0.3 4.7 -0.9
v 0.3 4.8 -0.7
v 0.3 4.8 -0.8
v 0.3 4.8 -0.9
v 0.3 4.9 -0.7
v 0.3 4.9 -0.8
v 0.3 5.1 0.4
v 0.3 5.1 0.3
v 0.3 5.2 0.4
v 0.3 5.2 0.3
v 0.3 5.3 0.3
v 0.3 5.3 0.2
v 0.3 5.4 0.3
v 0.3 5.4 0.2
v 0.3 5.4 -0.6
v 0.3 5.4 -0.7
v 0.3 5.5 -0.6
v 0.3 5.5 -0.7
v 0.3 5.7 0.5
v 0.3 5.7 0.4
v 0.3 5.8 0.5
v 0.3 5.8 0.4
v 0.3 6 0.2
v 0.3 6 -0.2
v 0.3 6.1 0.2
v 0.3 6.1 -0.2
v 0.3 6.2 0.4
v 0.3 6.2 0.3
v 0.3 6.3 0.4
v 0.3 6.3 0.3
v 0.4 0 -0.6
v 0.4 0 -0.8
v 0.4 0.1 -0.6
v 0.4 0.1 -0.7
v 0.4 0.1 -0.8
v 0.4 0.2 -0.6
v 0.4 0.2 -0.7
v 0.4 0.3 -0.6
v 0.4 0.3 -0.7
v 0.4 0.4 -0.2
v 0.4 0.4 -0.3
v 0.4 0.5 -0.2
v 0.4 0.5 -0.3
v 0.4 2.8 -0.5
v 0.4 2.8 -0.6
v 0.4 2.9 -0.5
v 0.4 2.9 -0.6
v 0.4 2.9 -0.7
v 0.4 3 -0.3
v 0.4 3 -0.4
v 0.4 3 -0.5
v 0.4 3 -0.6
v 0.4 3 -0.7
v 0.4 3 -0.8
v 0.4 3.1 0
v 0.4 3.1 -0.2
v 0.4 3.1 -0.3
v 0.4 3.1 -0.4
v 0.4 3.1 -0.5
v 0.4 3.1 -0.8
v 0.4 3.2 0
v 0.4 3.2 -0.4
v 0.4 3.2 -0.5
v 0.4 3.2 -0.7
v 0.4 3.2 -0.8
v 0.4 3.3 -0.5
v 0.4 3.3 -0.7
v 0.4 3.7 -0.0999999
v 0.4 3.7 -0.7
v 0.4 3.8 -0.3
v 0.4 3.8 -0.5
v 0.4 3.9 0.1
v 0.4 3.9 0
v 0.4 3.9 -0.0999999
v 0.4 3.9 -0.2
v 0.4 3.9 -0.3
v 0.4 3.9 -0.5
v 0.4 3.9 -0.7
v 0.4 3.9 -0.8
v 0.4 4 0.1
v 0.4 4 0
v 0.4 4 -0.7
v 0.4 4 -0.8
v 0.4 4.5 -0.8
v 0.4 4.5 -0.9
v 0.4 4.6 -0.8
v 0.4 4.7 -0.8
v 0.4 4.7 -0.9
v 0.4 5 -0.5
v 0.4 5 -0.6
v 0.4 5.1 0.3
v 0.4 5.1 0.2
v 0.4 5.1 -0.5
v 0.4 5.1 -0.6
v 0.4 5.1 -0.7
v 0.4 5.2 0.3
v 0.4 5.2 0.2
v 0.4 5.2 -0.4
v 0.4 5.2 -0.5
v 0.4 5.2 -0.6
v 0.4 5.3 0.2
v 0.4 5.3 0.1
v 0.4 5.3 -0.4
v 0.4 5.3 -0.5
v 0.4 5.3 -0.6
v 0.4 5.3 -0.7
v 0.4 5.4 -0.4
v 0.4 5.4 -0.5
v 0.4 5.4 -0.6
v 0.4 5.5 0.2
v 0.4 5.5 0.1
v 0.4 5.5 -0.5
v 0.4 5.5 -0.6
v 0.4 5.8 -0.5
v 0.4 5.8 -0.6
v 0.4 5.9 0.3
v 0.4 5.9 -0.3
v 0.4 6 0.3
v 0.4 6 -0.3
v 0.4 6.2 0.5
v 0.4 6.2 0.4
v 0.4 6.3 0.5
v 0.4 6.3 0.4
v 0.5 0 -0.3
v 0.5 0 -0.4
v 0.5 0 -0.6
v 0.5 0.1 -0.4
v 0.5 0.1 -0.5
v 0.5 0.1 -0.6
v 0.5 0.2 -0.3
v 0.5 0.2 -0.4
v 0.5 0.2 -0.5
v 0.5 0.2 -0.6
v 0.5 0.3 -0.4
v 0.5 0.3 -0.5
v 0.5 0.3 -0.6
v 0.5 0.4 -0.4
v 0.5 0.4 -0.5
v 0.5 1.7 -0.0999999
v 0.5 1.7 -0.2
v 0.5 1.8 -0.0999999
v 0.5 1.8 -0.2
v 0.5 1.9 -0.2
v 0.5 1.9 -0.3
v 0.5 2 -0.2
v 0.5 2 -0.3
v 0.5 2.2 -0.4
v 0.5 2.2 -0.5
v 0.5 2.4 -0.4
v 0.5 2.4 -0.5
v 0.5 2.7 -0.3
v 0.5 2.7 -0.4
v 0.5 2.8 -0.3
v 0.5 2.8 -0.4
v 0.5 2.8 -0.5
v 0.5 2.9 -0.0999999
v 0.5 2.9 -0.2
v 0.5 2.9 -0.4
v 0.5 2.9 -0.5
v 0.5 3 0
v 0.5 3 -0.0999999
v 0.5 3 -0.2
v 0.5 3 -0.3
v 0.5 3 -0.4
v 0.5 3 -0.5
v 0.5 3.1 0
v 0.5 3.1 -0.2
v 0.5 3.1 -0.3
v 0.5 3.9 0
v 0.5 3.9 -0.0999999
v 0.5 3.9 -0.2
v 0.5 3.9 -0.6
v 0.5 3.9 -0.7
v 0.5 4 0
v 0.5 4 -0.0999999
v 0.5 4 -0.2
v 0.5 4.2 -0.6
v 0.5 4.2 -0.7
v 0.5 4.3 -0.6
v 0.5 4.3 -0.7
v 0.5 4.3 -0.8
v 0.5 4.4 -0.6
v 0.5 4.4 -0.7
v 0.5 4.6 -0.7
v 0.5 4.6 -0.8
v 0.5 4.9 -0.7
v 0.5 4.9 -0.8
v 0.5 5.1 0.2
v 0.5 5.1 -0.5
v 0.5 5.2 0.2
v 0.5 5.2 -0.3
v 0.5 5.2 -0.4
v 0.5 5.2 -0.5
v 0.5 5.3 0.2
v 0.5 5.3 0.1
v 0.5 5.3 -0.2
v 0.5 5.3 -0.3
v 0.5 5.3 -0.4
v 0.5 5.4 0.1
v 0.5 5.4 -0.2
v 0.5 5.4 -0.4
v 0.5 5.4 -0.5
v 0.5 5.5 0.2
v 0.5 5.5 0.1
v 0.5 5.6 0.2
v 0.5 5.6 0.1
v 0.5 5.7 -0.2
v 0.5 5.7 -0.3
v 0.5 5.8 0.4
v 0.5 5.8 -0.3
v 0.5 5.9 0.4
v 0.5 5.9 -0.5
v 0.5 6.1 0.6
v 0.5 6.1 0.5
v 0.5 6.2 0.6
v 0.5 6.2 0.5
v 0.6 0 0.7
v 0.6 0 0.6
v 0.6 0 0.4
v 0.6 0 0.3
v 0.6 0 -0.2
v 0.6 0 -0.3
v 0.6 0.1 0.7
v 0.6 0.1 0.6
v 0.6 0.1 0.4
v 0.6 0.1 0.3
v 0.6 0.1 -0.0999999
v 0.6 0.1 -0.2
v 0.6 0.1 -0.6
v 0.6 0.1 -0.7
v 0.6 0.2 -0.0999999
v 0.6 0.2 -0.3
v 0.6 0.2 -0.6
v 0.6 0.2 -0.7
v 0.6 0.4 -0.2
v 0.6 0.4 -0.3
v 0.6 0.5 -0.2
v 0.6 0.5 -0.3
v 0.6 0.6 0
v 0.6 0.6 -0.0999999
v 0.6 0.7 0
v 0.6 0.7 -0.0999999
v 0.6 1.1 0.1
v 0.6 1.1 0
v 0.6 1.2 0.1
v 0.6 1.2 0
v 0.6 1.6 0.5
v 0.6 1.6 0.4
v 0.6 1.6 0
v 0.6 1.6 -0.0999999
v 0.6 1.7 0.5
v 0.6 1.7 0.4
v 0.6 1.7 0
v 0.6 1.7 -0.0999999
v 0.6 1.8 -0.0999999
v 0.6 1.8 -0.2
v 0.6 1.9 0.6
v 0.6 1.9 0.5
v 0.6 1.9 0
v 0.6 1.9 -0.0999999
v 0.6 2 0.6
v 0.6 2 0.5
v 0.6 2 0
v 0.6 2 -0.0999999
v 0.6 2 -0.2
v 0.6 2 -0.4
v 0.6 2.1 -0.2
v 0.6 2.1 -0.4
v 0.6 2.2 0.4
v 0.6 2.2 0.3
v 0.6 2.3 0.4
v 0.6 2.3 0.3
v 0.6 2.3 -0.3
v 0.6 2.3 -0.4
v 0.6 2.4 0.3
v 0.6 2.4 0.2
v 0.6 2.4 -0.3
v 0.6 2.4 -0.4
v 0.6 2.5 0.3
v 0.6 2.5 0.2
v 0.6 2.5 -0.3
v 0.6 2.5 -0.4
v 0.6 2.5 -0.5
v 0.6 2.6 -0.3
v 0.6 2.6 -0.4
v 0.6 2.6 -0.5
v 0.6 2.7 -0.0999999
v 0.6 2.7 -0.2
v 0.6 2.7 -0.3
v 0.6 2.7 -0.4
v 0.6 2.8 0.1
v 0.6 2.8 0
v 0.6 2.8 -0.0999999
v 0.6 2.8 -0.3
v 0.6 2.8 -0.4
v 0.6 2.9 0.1
v 0.6 2.9 0
v 0.6 2.9 -0.0999999
v 0.6 2.9 -0.2
v 0.6 3 0
v 0.6 3 -0.0999999
v 0.6 3 -0.2
v 0.6 3 -0.4
v 0.6 3.9 -0.2
v 0.6 3.9 -0.3
v 0.6 3.9 -0.5
v 0.6 3.9 -0.6
v 0.6 4 0.2
v 0.6 4 0.1
v 0.6 4 -0.2
v 0.6 4.1 0.3
v 0.6 4.1 0.2
v 0.6 4.2 0.3
v 0.6 4.2 0.2
v 0.6 4.2 0.1
v 0.6 4.2 0
v 0.6 4.2 -0.2
v 0.6 4.2 -0.3
v 0.6 4.2 -0.5
v 0.6 4.2 -0.6
v 0.6 4.2 -0.7
v 0.6 4.3 -0.5
v 0.6 4.3 -0.6
v 0.6 4.3 -0.7
v 0.6 4.4 -0.5
v 0.6 4.4 -0.6
v 0.6 4.4 -0.7
v 0.6 4.6 -0.5
v 0.6 4.6 -0.6
v 0.6 4.9 -0.6
v 0.6 5 0.3
v 0.6 5 0.2
v 0.6 5 -0.5
v 0.6 5 -0.6
v 0.6 5 -0.7
v 0.6 5.1 0.3
v 0.6 5.1 -0.5
v 0.6 5.2 0.5
v 0.6 5.2 0.4
v 0.6 5.2 0.3
v 0.6 5.3 0.5
v 0.6 5.3 0.4
v 0.6 5.3 0.3
v 0.6 5.4 1.2
v 0.6 5.4 1
v 0.6 5.4 0.1
v 0.6 5.4 -0.2
v 0.6 5.5 1.1
v 0.6 5.5 1
v 0.6 5.5 0.9
v 0.6 5.6 1.2
v 0.6 5.6 1.1
v 0.6 5.6 1
v 0.6 5.6 0.9
v 0.6 5.6 0.8
v 0.6 5.6 0.5
v 0.6 5.6 0.4
v 0.6 5.6 0.2
v 0.6 5.6 0.1
v 0.6 5.7 1.1
v 0.6 5.7 1
v 0.6 5.7 0.9
v 0.6 5.7 0.5
v 0.6 5.7 0.4
v 0.6 5.7 -0.2
v 0.6 5.7 -0.3
v 0.6 5.8 1
v 0.6 5.8 0.8
v 0.6 5.8 0.7
v 0.6 5.8 0.4
v 0.6 5.8 -0.3
v 0.6 5.9 0.8
v 0.6 5.9 0.7
v 0.6 5.9 0.6
v 0.6 6 0.7
v 0.6 6 0.6
v 0.6 6 0.5
v 0.6 6.1 0.6
v 0.6 6.1 0.5
v 0.7 0.1 0.6
v 0.7 0.1 0.5
v 0.7 0.1 0
v 0.7 0.1 -0.0999999
v 0.7 0.1 -0.4
v 0.7 0.1 -0.5
v 0.7 0.2 0.6
v 0.7 0.2 0.5
v 0.7 0.2 0
v 0.7 0.2 -0.0999999
v 0.7 0.2 -0.2
v 0.7 0.2 -0.4
v 0.7 0.3 -0.2
v 0.7 0.3 -0.4
v 0.7 0.3 -0.5
v 0.7 0.4 -0.2
v 0.7 0.4 -0.4
v 0.7 0.5 0
v 0.7 0.5 -0.0999999
v 0.7 0.6 0
v 0.7 0.6 -0.0999999
v 0.7 0.8 0.1
v 0.7 0.8 0
v 0.7 0.9 0.7
v 0.7 0.9 0.6
v 0.7 1 0.7
v 0.7 1 0.6
v 0.7 1 0.2
v 0.7 1 0.1
v 0.7 1 0
v 0.7 1.1 0.7
v 0.7 1.1 0.6
v 0.7 1.1 0.2
v 0.7 1.1 0.1
v 0.7 1.3 0
v 0.7 1.3 -0.0999999
v 0.7 1.4 0
v 0.7 1.4 -0.0999999
v 0.7 1.5 0.5
v 0.7 1.5 0.4
v 0.7 1.5 0
v 0.7 1.5 -0.0999999
v 0.7 1.6 0.5
v 0.7 1.6 0.4
v 0.7 1.6 0.3
v 0.7 1.6 0
v 0.7 1.6 -0.0999999
v 0.7 1.7 0.4
v 0.7 1.7 0.3
v 0.7 1.7 0
v 0.7 1.7 -0.0999999
v 0.7 1.8 0.6
v 0.7 1.8 0.5
v 0.7 1.8 0
v 0.7 1.8 -0.0999999
v 0.7 1.9 0.6
v 0.7 1.9 0.5
v 0.7 2 -0.0999999
v 0.7 2 -0.2
v 0.7 2.1 0.4
v 0.7 2.1 0.3
v 0.7 2.1 -0.0999999
v 0.7 2.1 -0.2
v 0.7 2.1 -0.4
v 0.7 2.2 0.4
v 0.7 2.2 0.3
v 0.7 2.3 0.3
v 0.7 2.3 -0.0999999
v 0.7 2.3 -0.3
v 0.7 2.3 -0.4
v 0.7 2.4 0.2
v 0.7 2.4 0.1
v 0.7 2.5 0.2
v 0.7 2.5 0.1
v 0.7 2.5 -0.0999999
v 0.7 2.5 -0.3
v 0.7 2.5 -0.4
v 0.7 2.6 0.2
v 0.7 2.6 -0.2
v 0.7 2.6 -0.3
v 0.7 2.6 -0.4
v 0.7 2.7 0.2
v 0.7 2.7 0.1
v 0.7 2.7 0
v 0.7 2.7 -0.0999999
v 0.7 2.7 -0.2
v 0.7 2.7 -0.3
v 0.7 2.8 0.1
v 0.7 2.8 0
v 0.7 2.8 -0.0999999
v 0.7 4.2 0.4
v 0.7 4.2 0.3
v 0.7 4.2 0.2
v 0.7 4.2 -0.5
v 0.7 4.2 -0.6
v 0.7 4.3 0.4
v 0.7 4.3 0.3
v 0.7 4.3 0.2
v 0.7 4.3 0.1
v 0.7 4.3 -0.5
v 0.7 4.3 -0.6
v 0.7 4.4 0.4
v 0.7 4.4 0.3
v 0.7 4.4 0.2
v 0.7 4.4 0.1
v 0.7 4.4 -0.4
v 0.7 4.4 -0.5
v 0.7 4.5 0.3
v 0.7 4.5 -0.4
v 0.7 4.5 -0.5
v 0.7 4.6 -0.4
v 0.7 4.6 -0.5
v 0.7 4.7 0.4
v 0.7 4.7 0.3
v 0.7 4.7 -0.5
v 0.7 4.7 -0.6
v 0.7 4.8 0.3
v 0.7 4.9 0.3
v 0.7 4.9 -0.3
v 0.7 4.9 -0.4
v 0.7 4.9 -0.5
v 0.7 4.9 -0.6
v 0.7 5 0.4
v 0.7 5 0.3
v 0.7 5 -0.3
v 0.7 5 -0.6
v 0.7 5.3 0.6
v 0.7 5.3 0.5
v 0.7 5.3 0.3
v 0.7 5.3 0.2
v 0.7 5.5 1.1
v 0.7 5.5 1
v 0.7 5.5 0.6
v 0.7 5.5 0.5
v 0.7 5.5 0.4
v 0.7 5.5 0.3
v 0.7 5.6 1.1
v 0.7 5.6 1
v 0.7 5.6 0.9
v 0.7 5.6 0.6
v 0.7 5.6 0.5
v 0.7 5.6 0.2
v 0.7 5.7 1
v 0.7 5.7 0.9
v 0.8 0 1.2
v 0.8 0 1.1
v 0.8 0 0.1
v 0.8 0 0
v 0.8 0.1 1.2
v 0.8 0.1 1.1
v 0.8 0.1 0.7
v 0.8 0.1 0.6
v 0.8 0.1 0.1
v 0.8 0.1 0
v 0.8 0.2 0.7
v 0.8 0.2 0.6
v 0.8 0.2 0
v 0.8 0.2 -0.2
v 0.8 0.3 0
v 0.8 0.3 -0.2
v 0.8 0.4 0
v 0.8 0.4 -0.0999999
v 0.8 0.5 0.2
v 0.8 0.5 0.1
v 0.8 0.5 0
v 0.8 0.5 -0.0999999
v 0.8 0.5 -0.2
v 0.8 0.8 0.1
v 0.8 0.8 0
v 0.8 0.9 0.6
v 0.8 0.9 0.5
v 0.8 0.9 0.2
v 0.8 1 0.5
v 0.8 1 0.3
v 0.8 1 0.2
v 0.8 1 0.1
v 0.8 1.1 0.5
v 0.8 1.1 0.3
v 0.8 1.1 0.2
v 0.8 1.1 0.1
v 0.8 1.2 0.6
v 0.8 1.2 0.5
v 0.8 1.2 0.1
v 0.8 1.2 0
v 0.8 1.3 0.5
v 0.8 1.3 0.3
v 0.8 1.3 0.2
v 0.8 1.3 0.1
v 0.8 1.4 0
v 0.8 1.4 -0.0999999
v 0.8 1.5 0.4
v 0.8 1.5 0.3
v 0.8 1.5 0.2
v 0.8 1.5 0
v 0.8 1.5 -0.0999999
v 0.8 1.6 0.4
v 0.8 1.6 0.3
v 0.8 1.6 0.2
v 0.8 1.6 0.1
v 0.8 1.7 0.4
v 0.8 1.7 0.3
v 0.8 1.7 0.2
v 0.8 1.7 0.1
v 0.8 1.8 0.5
v 0.8 1.8 0.4
v 0.8 1.8 0.3
v 0.8 1.8 0.1
v 0.8 1.8 0
v 0.8 1.8 -0.0999999
v 0.8 1.9 0.5
v 0.8 1.9 0.4
v 0.8 1.9 0
v 0.8 1.9 -0.0999999
v 0.8 2 0.5
v 0.8 2 0.4
v 0.8 2 -0.0999999
v 0.8 2.1 0.4
v 0.8 2.1 -0.0999999
v 0.8 2.3 0.3
v 0.8 2.3 -0.0999999
v 0.8 2.4 0.3
v 0.8 2.4 0.1
v 0.8 2.5 0.2
v 0.8 2.5 0.1
v 0.8 2.5 -0.0999999
v 0.8 2.5 -0.3
v 0.8 2.6 0.2
v 0.8 2.6 -0.3
v 0.8 4.2 0.2
v 0.8 4.2 0.1
v 0.8 4.2 -0.5
v 0.8 4.3 0.1
v 0.8 4.3 -0.5
v 0.8 4.4 0.3
v 0.8 4.4 0.2
v 0.8 4.4 0.1
v 0.8 4.4 -0.4
v 0.8 4.4 -0.5
v 0.8 4.5 0.3
v 0.8 4.5 0.2
v 0.8 4.5 0.1
v 0.8 4.5 -0.3
v 0.8 4.5 -0.4
v 0.8 4.5 -0.5
v 0.8 4.6 0.1
v 0.8 4.6 -0.3
v 0.8 4.6 -0.4
v 0.8 4.6 -0.6
v 0.8 4.7 -0.3
v 0.8 4.7 -0.4
v 0.8 4.7 -0.5
v 0.8 4.7 -0.6
v 0.8 4.8 0.3
v 0.8 4.8 0.2
v 0.8 4.9 0.3
v 0.8 4.9 0.2
v 0.8 4.9 0.1
v 0.8 5 0.3
v 0.8 5 0.1
v 0.8 5.3 0.5
v 0.8 5.3 0.4
v 0.8 5.3 0.3
v 0.8 5.5 0.5
v 0.8 5.5 0.4
v 0.8 5.5 0.3
v 0.9 0 1.1
v 0.9 0 1
v 0.9 0 0.4
v 0.9 0 0.3
v 0.9 0.1 0.4
v 0.9 0.1 0.3
v 0.9 0.2 1
v 0.9 0.2 0.9
v 0.9 0.3 1.1
v 0.9 0.3 1
v 0.9 0.3 0.9
v 0.9 0.4 0.2
v 0.9 0.4 0.1
v 0.9 0.5 0.4
v 0.9 0.5 0.2
v 0.9 0.5 0.1
v 0.9 0.6 0.6
v 0.9 0.6 0.5
v 0.9 0.7 0.6
v 0.9 0.7 0.5
v 0.9 0.7 0.4
v 0.9 0.7 0.3
v 0.9 0.8 0.3
v 0.9 0.9 0.5
v 0.9 0.9 0.3
v 0.9 0.9 0.2
v 0.9 1 0.5
v 0.9 1 0.3
v 0.9 1 0.2
v 0.9 1.3 0.5
v 0.9 1.3 0.3
v 0.9 1.3 0.2
v 0.9 1.5 0.5
v 0.9 1.5 0.3
v 0.9 1.5 0.2
v 0.9 1.7 0.3
v 0.9 1.7 0.1
v 0.9 1.8 0.4
v 0.9 1.8 0.3
v 0.9 1.8 0.1
v 0.9 1.8 0
v 0.9 1.9 0.4
v 0.9 1.9 0.3
v 0.9 1.9 0
v 0.9 1.9 -0.0999999
v 0.9 2 0.4
v 0.9 2 -0.0999999
v 0.9 4.6 0.1
v 0.9 4.6 0
v 0.9 4.7 0.1
v 0.9 4.7 0
v 0.9 4.9 0.1
v 0.9 4.9 0
v 0.9 5 0.1
v 0.9 5 0
v 1 0 0.5
v 1 0 0.4
v 1 0 0.3
v 1 0 0.1
v 1 0 -0.0999999
v 1 0.1 0.4
v 1 0.1 0.3
v 1 0.1 0.1
v 1 0.1 0
v 1 0.3 0.9
v 1 0.3 0.8
v 1 0.3 0.5
v 1 0.3 0
v 1 0.3 -0.0999999
v 1 0.4 0.9
v 1 0.4 0.8
v 1 0.4 0.7
v 1 0.4 0.2
v 1 0.4 0.1
v 1 0.4 0
v 1 0.4 -0.0999999
v 1 0.5 0.9
v 1 0.5 0.8
v 1 0.5 0.7
v 1 0.5 0.5
v 1 0.5 0.4
v 1 0.5 0.2
v 1 0.5 0.1
v 1 0.5 0
v 1 0.6 0.7
v 1 0.6 0.5
v 1 0.7 0.6
v 1 0.7 0.5
v 1 0.7 0.4
v 1 0.7 0.3
v 1 0.8 0.6
v 1 0.8 0.3
v 1 0.9 0.6
v 1 0.9 0.3
v 1 3.1 0.4
v 1 3.1 0.3
v 1 3.2 0.4
v 1 3.2 0.3
v 1 4.7 0.1
v 1 4.7 0
v 1 4.8 0.1
v 1 4.8 0
v 1 4.9 0.1
v 1 4.9 0
v 1 5 0
v 1 5 -0.2
v 1 5.1 0
v 1 5.1 -0.0999999
v 1 5.1 -0.2
v 1 5.1 -0.4
v 1 5.2 -0.0999999
v 1 5.2 -0.4
v 1.1 0 1
v 1.1 0 0.9
v 1.1 0 0.8
v 1.1 0 0.7
v 1.1 0.1 1
v 1.1 0.1 0.9
v 1.1 0.1 0.8
v 1.1 0.1 0.7
v 1.1 0.2 1
v 1.1 0.2 0.9
v 1.1 0.3 1
v 1.1 0.3 0.9
v 1.1 0.3 0.8
v 1.1 0.3 0.7
v 1.1 0.3 0.6
v 1.1 0.4 0.8
v 1.1 0.4 0.7
v 1.1 0.4 0.6
v 1.1 0.4 0.5
v 1.1 0.5 0.7
v 1.1 0.5 0.5
v 1.1 3 0.4
v 1.1 3 0.3
v 1.1 3.1 0.4
v 1.1 3.1 0.3
v 1.1 4.6 0.1
v 1.1 4.6 0
v 1.1 4.6 -0.5
v 1.1 4.6 -0.6
v 1.1 4.7 0.1
v 1.1 4.7 0
v 1.1 4.7 -0.0999999
v 1.1 4.7 -0.5
v 1.1 4.8 -0.5
v 1.1 4.8 -0.6
v 1.1 4.9 0
v 1.1 4.9 -0.0999999
v 1.1 4.9 -0.3
v 1.1 4.9 -0.5
v 1.1 4.9 -0.6
v 1.1 5 0
v 1.1 5 -0.0999999
v 1.1 5 -0.2
v 1.1 5 -0.3
v 1.1 5 -0.4
v 1.1 5 -0.5
v 1.1 5.1 -0.2
v 1.1 5.1 -0.4
v 1.2 0 0.9
v 1.2 0 0.8
v 1.2 0.1 1.1
v 1.2 0.1 1
v 1.2 0.1 0.9
v 1.2 0.1 0.8
v 1.2 0.2 1.1
v 1.2 0.2 0.9
v 1.2 0.2 0.8
v 1.2 0.2 0.7
v 1.2 0.3 0.9
v 1.2 0.3 0.8
v 1.2 0.3 0.7
v 1.2 3.1 0.4
v 1.2 3.1 0.2
v 1.2 3.2 0.4
v 1.2 3.2 0.3
v 1.2 3.2 0.2
v 1.2 3.4 0.7
v 1.2 3.4 0.5
v 1.2 3.5 0.6
v 1.2 3.5 0.5
v 1.2 3.6 0.7
v 1.2 3.6 0.6
v 1.2 3.6 0.5
v 1.2 3.7 0.6
v 1.2 3.7 0.5
v 1.2 3.9 0.5
v 1.2 3.9 0.4
v 1.2 4 0.5
v 1.2 4 0.4
v 1.2 4.4 0
v 1.2 4.4 -0.0999999
v 1.2 4.5 0
v 1.2 4.5 -0.0999999
v 1.2 4.6 0
v 1.2 4.6 -0.0999999
v 1.2 4.7 0
v 1.2 4.7 -0.0999999
v 1.2 4.7 -0.3
v 1.2 4.7 -0.4
v 1.2 4.7 -0.5
v 1.2 4.9 -0.3
v 1.2 4.9 -0.4
v 1.2 4.9 -0.5
v 1.2 5 -0.0999999
v 1.2 5 -0.3
v 1.3 0 1.2
v 1.3 0 1
v 1.3 0.1 1.2
v 1.3 0.1 1
v 1.3 0.1 0.8
v 1.3 0.1 0.6
v 1.3 0.2 0.8
v 1.3 0.2 0.7
v 1.3 0.2 0.6
v 1.3 0.3 0.7
v 1.3 0.3 0.6
v 1.3 0.3 0.5
v 1.3 0.4 0.6
v 1.3 0.4 0.5
v 1.3 3.1 0.2
v 1.3 3.1 0.1
v 1.3 3.2 0.3
v 1.3 3.2 0.2
v 1.3 3.2 0.1
v 1.3 3.4 0.3
v 1.3 3.4 0.2
v 1.3 3.5 0.6
v 1.3 3.5 0.4
v 1.3 3.6 0.6
v 1.3 3.6 0.5
v 1.3 3.6 0.4
v 1.3 3.7 0.5
v 1.3 3.7 0.4
v 1.3 3.8 0.5
v 1.3 3.8 0.3
v 1.3 3.8 0.2
v 1.3 3.8 0.1
v 1.3 3.8 -0.2
v 1.3 3.8 -0.3
v 1.3 3.9 0.5
v 1.3 3.9 0.4
v 1.3 3.9 0.3
v 1.3 3.9 0.2
v 1.3 3.9 0.1
v 1.3 3.9 -0.2
v 1.3 3.9 -0.3
v 1.3 4 0.4
v 1.3 4 0.3
v 1.3 4 0.2
v 1.3 4.2 -0.6
v 1.3 4.2 -0.7
v 1.3 4.3 -0.0999999
v 1.3 4.3 -0.2
v 1.3 4.3 -0.6
v 1.3 4.4 -0.6
v 1.3 4.4 -0.7
v 1.3 4.5 0
v 1.3 4.5 -0.0999999
v 1.3 4.6 0
v 1.3 4.6 -0.0999999
v 1.3 4.6 -0.2
v 1.3 4.6 -0.5
v 1.3 4.7 -0.0999999
v 1.3 4.7 -0.3
v 1.3 4.7 -0.4
v 1.3 4.7 -0.5
v 1.3 4.9 -0.3
v 1.3 4.9 -0.4
v 1.4 0.2 0.6
v 1.4 0.2 0.5
v 1.4 0.3 0.6
v 1.4 0.3 0.5
v 1.4 3.2 0.2
v 1.4 3.2 -0.0999999
v 1.4 3.3 -0.0999999
v 1.4 3.3 -0.2
v 1.4 3.4 0.2
v 1.4 3.4 0.1
v 1.4 3.4 -0.2
v 1.4 3.4 -0.3
v 1.4 3.4 -0.4
v 1.4 3.5 0.4
v 1.4 3.5 0.1
v 1.4 3.5 0
v 1.4 3.5 -0.3
v 1.4 3.5 -0.4
v 1.4 3.6 -0.3
v 1.4 3.6 -0.4
v 1.4 3.6 -0.5
v 1.4 3.7 0.4
v 1.4 3.7 0.3
v 1.4 3.7 0
v 1.4 3.7 -0.2
v 1.4 3.7 -0.3
v 1.4 3.7 -0.4
v 1.4 3.7 -0.5
v 1.4 3.7 -0.7
v 1.4 3.8 0.2
v 1.4 3.8 0
v 1.4 3.8 -0.0999999
v 1.4 3.8 -0.2
v 1.4 3.8 -0.5
v 1.4 3.8 -0.6
v 1.4 3.8 -0.7
v 1.4 3.8 -0.8
v 1.4 3.9 0.3
v 1.4 3.9 0.2
v 1.4 3.9 0
v 1.4 3.9 -0.0999999
v 1.4 4 -0.7
v 1.4 4 -0.8
v 1.4 4.1 -0.6
v 1.4 4.1 -0.7
v 1.4 4.2 -0.6
v 1.4 4.2 -0.7
v 1.4 4.3 -0.2
v 1.4 4.3 -0.3
v 1.4 4.3 -0.5
v 1.4 4.3 -0.6
v 1.4 4.4 -0.2
v 1.4 4.4 -0.3
v 1.4 4.5 -0.2
v 1.4 4.5 -0.5
v 1.4 4.5 -0.6
v 1.4 4.6 -0.2
v 1.4 4.6 -0.5
v 1.5 0 0.6
v 1.5 0 0.5
v 1.5 0.2 0.6
v 1.5 0.2 0.5
v 1.5 3.4 0.1
v 1.5 3.4 -0.3
v 1.5 3.5 0.1
v 1.5 3.5 0
v 1.5 3.7 0
v 1.5 3.7 -0.2
v 1.5 3.7 -0.3
v 1.5 3.8 -0.0999999
v 1.5 3.8 -0.2
v 1.5 3.8 -0.5
v 1.5 3.8 -0.6
v 1.5 3.9 -0.2
v 1.5 3.9 -0.3
v 1.5 3.9 -0.4
v 1.5 3.9 -0.5
v 1.5 4 -0.3
v 1.5 4 -0.4
v 1.5 4 -0.5
v 1.5 4.1 -0.0999999
v 1.5 4.1 -0.2
v 1.5 4.2 -0.3
v 1.5 4.2 -0.4
v 1.5 4.3 -0.2
v 1.5 4.3 -0.3
v 1.5 4.3 -0.4
v 1.5 4.3 -0.5
v 1.5 4.3 -0.6
v 1.5 4.4 -0.2
v 1.5 4.4 -0.3
v 1.5 4.4 -0.4
v 1.5 4.4 -0.5
v 1.5 4.5 -0.2
v 1.5 4.5 -0.5
v 1.6 3.7 -0.2
v 1.6 3.7 -0.5
v 1.6 3.9 -0.2
v 1.6 3.9 -0.3
v 1.6 3.9 -0.4
v 1.6 3.9 -0.5
v 1.6 4 -0.3
v 1.6 4 -0.4
v 1.6 4 -0.5
v 1.6 4.2 -0.3
v 1.6 4.2 -0.4
v 1.6 4.3 -0.3
v 1.6 4.3 -0.4
v 1.6 4.4 -0.4
v 1.6 4.4 -0.5
v -2 4.4 2.3
v -2 4.9 2.3
v -1.9 4.3 2.3
v -1.9 4.4 2.3
v -1.9 4.9 2.3
v -1.9 5 2.3
v -1.8 4.2 2.3
v -1.8 4.3 2.3
v -1.8 4.4 2.3
v -1.7 4.9 2.3
v -1.7 5 2.3
v -1.7 5.1 2.3
v -1.3 4.2 2.3
v -1.3 4.3 2.3
v -1.3 4.4 2.3
v -1.3 4.9 2.3
v -1.3 5 2.3
v -1.3 5.1 2.3
v -1.2 4.3 2.3
v -1.2 4.4 2.3
v -1.2 4.5 2.3
v -1.2 4.8 2.3
v -1.2 4.9 2.3
v -1.2 5 2.3
v -1.1 4.4 2.3
v -1.1 4.5 2.3
v -1.1 4.8 2.3
v -1.1 4.9 2.3
v -1 4.5 2.3
v -1 4.8 2.3
v -1.9 4.4 2.2
v -1.9 4.9 2.2
v -1.8 4.3 2.2
v -1.8 4.4 2.2
v -1.8 4.9 2.2
v -1.4 4.9 2.2
v -1.4 5 2.2
v -1.3 4.3 2.2
v -1.3 4.4 2.2
v -1.3 4.5 2.2
v -1.3 4.8 2.2
v -1.3 4.9 2.2
v -1.3 5 2.2
v -1.2 4.4 2.2
v -1.2 4.5 2.2
v -1.2 4.8 2.2
v -1.2 4.9 2.2
v -1.1 4.5 2.2
v -1.1 4.8 2.2
v -1.8 4.4 2.1
v -1.8 4.9 2.1
v -1.7 4.9 2.1
v -1.7 5 2.1
v -1.4 4.9 2.1
v -1.4 5 2.1
v -1.3 4.4 2.1
v -1.3 4.5 2.1
v -1.3 4.8 2.1
v -1.3 4.9 2.1
v -1.2 4.5 2.1
v -1.2 4.8 2.1
v -1.3 4.8 1.9
v -1.3 4.9 1.9
v -1.2 4.8 1.9
v -1.2 4.9 1.9
v -2 4.6 1.3
v -2 4.7 1.3
v -1.9 4.6 1.3
v -1.9 4.7 1.3
v -2 4.7 1.2
v -2 4.8 1.2
v -1.9 4.7 1.2
v -1.9 4.8 1.2
v -0.7 5.9 1.2
v -0.7 6.1 1.2
v -0.6 5.9 1.2
v -0.6 6.1 1.2
v 0.5 5.4 1.2
v 0.5 5.6 1.2
v 0.6 0 1.2
v 0.6 0.1 1.2
v 0.6 5.4 1.2
v 0.6 5.6 1.2
v 0.8 0 1.2
v 0.8 0.1 1.2
v 1.1 0 1.2
v 1.1 0.1 1.2
v 1.3 0 1.2
v 1.3 0.1 1.2
v -2.1 4.8 1.1
v -2.1 4.9 1.1
v -2 4.8 1.1
v -2 4.9 1.1
v -1.8 4.7 1.1
v -1.8 4.8 1.1
v -1.7 4.7 1.1
v -1.7 4.8 1.1
v -1.6 4.2 1.1
v -1.6 4.3 1.1
v -1.5 4.2 1.1
v -1.5 4.3 1.1
v -0.8 5.9 1.1
v -0.8 6.1 1.1
v -0.7 5.8 1.1
v -0.7 5.9 1.1
v -0.7 6.1 1.1
v -0.7 6.2 1.1
v -0.7 6.4 1.1
v -0.6 5.8 1.1
v -0.6 5.9 1.1
v -0.6 6.1 1.1
v -0.6 6.2 1.1
v -0.6 6.4 1.1
v -0.5 5.9 1.1
v -0.5 6.1 1.1
v 0.4 5.5 1.1
v 0.4 5.6 1.1
v 0.5 5.5 1.1
v 0.5 5.6 1.1
v 0.5 5.7 1.1
v 0.6 0.1 1.1
v 0.6 0.2 1.1
v 0.6 5.5 1.1
v 0.6 5.6 1.1
v 0.6 5.7 1.1
v 0.7 5.5 1.1
v 0.7 5.6 1.1
v 0.8 0 1.1
v 0.8 0.1 1.1
v 0.8 0.2 1.1
v 0.8 0.3 1.1
v 0.9 0 1.1
v 0.9 0.3 1.1
v 1 0 1.1
v 1 0.2 1.1
v 1.1 0 1.1
v 1.1 0.1 1.1
v 1.2 0.1 1.1
v 1.2 0.2 1.1
v -1.7 4.4 1
v -1.7 4.5 1
v -1.6 4.1 1
v -1.6 4.2 1
v -1.6 4.4 1
v -1.6 4.5 1
v -1.6 5 1
v -1.6 5.1 1
v -1.5 4.1 1
v -1.5 4.2 1
v -1.5 5.1 1
v -1.5 5.2 1
v -1.4 5 1
v -1.4 5.2 1
v -0.7 6.4 1
v -0.7 6.5 1
v -0.6 6.4 1
v -0.6 6.5 1
v 0.4 5.6 1
v 0.4 5.7 1
v 0.5 5.6 1
v 0.5 5.7 1
v 0.5 5.8 1
v 0.6 5.6 1
v 0.6 5.7 1
v 0.6 5.8 1
v 0.7 0.2 1
v 0.7 0.3 1
v 0.7 5.6 1
v 0.7 5.7 1
v 0.8 0.2 1
v 0.8 0.3 1
v 0.9 0 1
v 0.9 0.2 1
v 1 0 1
v 1 0.2 1
v 1 0.3 1
v 1.1 0.2 1
v 1.1 0.3 1
v -2.2 4.9 0.9
v -2.2 5 0.9
v -2.1 4.9 0.9
v -2.1 5 0.9
v -1.7 4.3 0.9
v -1.7 4.4 0.9
v -1.6 4.3 0.9
v -1.6 4.4 0.9
v -1.6 4.5 0.9
v -1.6 4.8 0.9
v -1.6 4.9 0.9
v -1.5 4.1 0.9
v -1.5 4.2 0.9
v -1.5 4.4 0.9
v -1.5 4.5 0.9
v -1.5 4.8 0.9
v -1.5 4.9 0.9
v -1.5 5.2 0.9
v -1.5 5.3 0.9
v -1.4 4.8 0.9
v -1.4 4.9 0.9
v -1.4 5.2 0.9
v -1.4 5.3 0.9
v -1.3 4.1 0.9
v -1.3 4.2 0.9
v -0.6 6.5 0.9
v -0.6 6.6 0.9
v -0.5 6.5 0.9
v -0.5 6.6 0.9
v 0.6 0.2 0.9
v 0.6 0.3 0.9
v 0.7 0.2 0.9
v 0.7 0.3 0.9
v 0.8 0.3 0.9
v 0.8 0.4 0.9
v 0.9 0.2 0.9
v 0.9 0.3 0.9
v 0.9 0.4 0.9
v 0.9 0.5 0.9
v 1 0.2 0.9
v 1 0.3 0.9
v 1 0.4 0.9
v 1 0.5 0.9
v 1.1 0 0.9
v 1.1 0.1 0.9
v 1.1 0.2 0.9
v 1.1 0.3 0.9
v 1.2 0 0.9
v 1.2 0.1 0.9
v 1.2 0.2 0.9
v 1.2 0.3 0.9
v -2.2 5 0.8
v -2.2 5.1 0.8
v -2.1 5 0.8
v -2.1 5.1 0.8
v -1.8 4.6 0.8
v -1.8 4.8 0.8
v -1.7 4.6 0.8
v -1.7 4.8 0.8
v -1.5 4.4 0.8
v -1.5 4.5 0.8
v -1.3 4.4 0.8
v -1.3 4.5 0.8
v -1.3 4.6 0.8
v -1.3 4.7 0.8
v -1.3 4.8 0.8
v -1.2 4.5 0.8
v -1.2 4.6 0.8
v -1.1 4.7 0.8
v -1.1 4.8 0.8
v 0.5 5.8 0.8
v 0.5 5.9 0.8
v 0.6 0.3 0.8
v 0.6 0.4 0.8
v 0.6 5.8 0.8
v 0.6 5.9 0.8
v 0.7 0.3 0.8
v 0.7 0.4 0.8
v 0.8 0.3 0.8
v 0.8 0.4 0.8
v 0.8 0.5 0.8
v 0.9 0.4 0.8
v 0.9 0.5 0.8
v 1 0.3 0.8
v 1 0.4 0.8
v 1.1 0.3 0.8
v 1.1 0.4 0.8
v 1.2 0.1 0.8
v 1.2 0.2 0.8
v 1.3 0.1 0.8
v 1.3 0.2 0.8
v -2.2 5.1 0.7
v -2.2 5.3 0.7
v -2.1 5.1 0.7
v -2.1 5.3 0.7
v -1.8 4.5 0.7
v -1.8 4.6 0.7
v -1.7 4.2 0.7
v -1.7 4.3 0.7
v -1.7 4.5 0.7
v -1.7 4.6 0.7
v -1.7 4.9 0.7
v -1.7 5 0.7
v -1.6 4.2 0.7
v -1.6 4.3 0.7
v -1.5 4.9 0.7
v -1.5 5 0.7
v -1.5 5.3 0.7
v -1.5 5.4 0.7
v -1.4 4.9 0.7
v -1.4 5 0.7
v -1.4 5.3 0.7
v -1.4 5.4 0.7
v -1.3 4 0.7
v -1.3 4.1 0.7
v -1.3 4.2 0.7
v -1.2 4 0.7
v -1.2 4.2 0.7
v -1.1 4.7 0.7
v -1.1 4.8 0.7
v -1.1 4.9 0.7
v -1 4.7 0.7
v -1 4.9 0.7
v 0.5 0 0.7
v 0.5 0.1 0.7
v 0.5 0.9 0.7
v 0.5 1.1 0.7
v 0.5 5.9 0.7
v 0.5 6 0.7
v 0.6 0 0.7
v 0.6 0.1 0.7
v 0.6 0.4 0.7
v 0.6 0.6 0.7
v 0.6 1 0.7
v 0.6 1.1 0.7
v 0.6 5.9 0.7
v 0.6 6 0.7
v 0.7 0.4 0.7
v 0.7 0.6 0.7
v 0.7 0.9 0.7
v 0.7 1 0.7
v 0.7 1.1 0.7
v 0.8 0.4 0.7
v 0.8 0.5 0.7
v 1 0.4 0.7
v 1 0.5 0.7
v 1 0.6 0.7
v 1 3.4 0.7
v 1 3.5 0.7
v 1.1 0.4 0.7
v 1.1 0.5 0.7
v 1.1 3.5 0.7
v 1.1 3.6 0.7
v 1.2 0.2 0.7
v 1.2 0.3 0.7
v 1.2 3.4 0.7
v 1.2 3.6 0.7
v 1.3 0.2 0.7
v 1.3 0.3 0.7
v -1.4 5.3 0.6
v -1.4 5.4 0.6
v -1.3 4.6 0.6
v -1.3 4.7 0.6
v -1.3 5.3 0.6
v -1.3 5.4 0.6
v -1.2 3.9 0.6
v -1.2 4 0.6
v -1.2 4.1 0.6
v -1.2 4.6 0.6
v -1.2 4.7 0.6
v -1.1 3.9 0.6
v -1.1 4.1 0.6
v -1 4.8 0.6
v -1 4.9 0.6
v -1 5.1 0.6
v -0.9 4.8 0.6
v -0.9 5.1 0.6
v -0.8 5.3 0.6
v -0.8 5.5 0.6
v -0.8 5.6 0.6
v -0.7 5.3 0.6
v -0.7 5.5 0.6
v -0.7 5.6 0.6
v -0.5 5.3 0.6
v -0.5 5.4 0.6
v -0.5 5.5 0.6
v -0.5 5.6 0.6
v -0.5 6.5 0.6
v -0.5 6.6 0.6
v -0.4 5.4 0.6
v -0.4 5.5 0.6
v -0.4 5.6 0.6
v -0.4 6.5 0.6
v -0.4 6.6 0.6
v 0.3 5.3 0.6
v 0.3 5.5 0.6
v 0.3 5.6 0.6
v 0.4 5.3 0.6
v 0.4 5.5 0.6
v 0.4 5.6 0.6
v 0.4 6.1 0.6
v 0.4 6.2 0.6
v 0.5 0.2 0.6
v 0.5 0.3 0.6
v 0.5 0.4 0.6
v 0.5 1.1 0.6
v 0.5 1.2 0.6
v 0.5 1.8 0.6
v 0.5 2 0.6
v 0.5 6 0.6
v 0.5 6.1 0.6
v 0.5 6.2 0.6
v 0.6 0.2 0.6
v 0.6 0.3 0.6
v 0.6 0.4 0.6
v 0.6 1.1 0.6
v 0.6 1.2 0.6
v 0.6 1.9 0.6
v 0.6 2 0.6
v 0.6 5.3 0.6
v 0.6 5.5 0.6
v 0.6 5.6 0.6
v 0.6 6 0.6
v 0.6 6.1 0.6
v 0.7 0.6 0.6
v 0.7 0.8 0.6
v 0.7 0.9 0.6
v 0.7 1 0.6
v 0.7 1.1 0.6
v 0.7 1.2 0.6
v 0.7 1.8 0.6
v 0.7 1.9 0.6
v 0.7 5.3 0.6
v 0.7 5.5 0.6
v 0.7 5.6 0.6
v 0.8 0.1 0.6
v 0.8 0.2 0.6
v 0.8 0.9 0.6
v 0.8 1.2 0.6
v 0.9 0.6 0.6
v 0.9 0.7 0.6
v 1 0 0.6
v 1 0.1 0.6
v 1 0.2 0.6
v 1 0.7 0.6
v 1 0.8 0.6
v 1 0.9 0.6
v 1 3.5 0.6
v 1 3.6 0.6
v 1.1 0.3 0.6
v 1.1 0.4 0.6
v 1.1 3.5 0.6
v 1.1 3.6 0.6
v 1.1 3.7 0.6
v 1.2 0.3 0.6
v 1.2 0.4 0.6
v 1.2 3.5 0.6
v 1.2 3.6 0.6
v 1.2 3.7 0.6
v 1.3 0 0.6
v 1.3 0.1 0.6
v 1.3 0.2 0.6
v 1.3 0.3 0.6
v 1.3 0.4 0.6
v 1.3 3.5 0.6
v 1.3 3.6 0.6
v 1.4 0.2 0.6
v 1.4 0.3 0.6
v 1.5 0 0.6
v 1.5 0.2 0.6
v -1.7 4.3 0.5
v -1.7 4.4 0.5
v -1.7 4.8 0.5
v -1.7 4.9 0.5
v -1.6 4.3 0.5
v -1.6 4.4 0.5
v -1.6 4.8 0.5
v -1.6 4.9 0.5
v -1.4 4.8 0.5
v -1.4 4.9 0.5
v -1.4 5 0.5
v -1.3 4.4 0.5
v -1.3 4.5 0.5
v -1.3 4.8 0.5
v -1.3 4.9 0.5
v -1.3 5 0.5
v -1.2 4.4 0.5
v -1.2 4.5 0.5
v -1.2 4.6 0.5
v -1.1 4.5 0.5
v -1.1 4.6 0.5
v -1.1 5 0.5
v -1.1 5.1 0.5
v -1 5 0.5
v -1 5.1 0.5
v -0.9 5.3 0.5
v -0.9 5.5 0.5
v -0.8 5.2 0.5
v -0.8 5.3 0.5
v -0.8 5.5 0.5
v -0.7 5.3 0.5
v -0.7 5.6 0.5
v -0.7 5.7 0.5
v -0.5 5.2 0.5
v -0.5 5.3 0.5
v -0.5 5.4 0.5
v -0.5 5.6 0.5
v -0.5 5.7 0.5
v -0.5 6.4 0.5
v -0.5 6.5 0.5
v -0.4 5.3 0.5
v -0.4 5.4 0.5
v -0.4 5.5 0.5
v -0.4 5.6 0.5
v -0.4 5.7 0.5
v -0.4 5.8 0.5
v -0.4 6.5 0.5
v -0.3 5.3 0.5
v -0.3 5.4 0.5
v -0.3 5.5 0.5
v -0.3 5.6 0.5
v -0.3 6.4 0.5
v -0.3 6.5 0.5
v -0.2 5.3 0.5
v -0.2 5.4 0.5
v -0.1 5.3 0.5
v -0.1 5.4 0.5
v -2.38419e-07 5.3 0.5
v -2.38419e-07 5.4 0.5
v 0.0999999 5.3 0.5
v 0.0999999 5.4 0.5
v 0.2 1.9 0.5
v 0.2 2 0.5
v 0.2 5.3 0.5
v 0.2 5.4 0.5
v 0.2 5.5 0.5
v 0.2 5.6 0.5
v 0.3 1.2 0.5
v 0.3 1.3 0.5
v 0.3 5.2 0.5
v 0.3 5.3 0.5
v 0.3 5.4 0.5
v 0.3 5.5 0.5
v 0.3 5.6 0.5
v 0.3 5.7 0.5
v 0.3 5.8 0.5
v 0.3 6.2 0.5
v 0.3 6.3 0.5
v 0.4 0.9 0.5
v 0.4 1.1 0.5
v 0.4 1.4 0.5
v 0.4 1.6 0.5
v 0.4 1.7 0.5
v 0.4 1.9 0.5
v 0.4 2 0.5
v 0.4 5.3 0.5
v 0.4 5.6 0.5
v 0.4 5.7 0.5
v 0.4 6.2 0.5
v 0.4 6.3 0.5
v 0.5 0.1 0.5
v 0.5 0.2 0.5
v 0.5 0.4 0.5
v 0.5 0.5 0.5
v 0.5 0.7 0.5
v 0.5 0.8 0.5
v 0.5 0.9 0.5
v 0.5 1.1 0.5
v 0.5 1.2 0.5
v 0.5 1.3 0.5
v 0.5 1.4 0.5
v 0.5 1.9 0.5
v 0.5 2 0.5
v 0.6 0.1 0.5
v 0.6 0.2 0.5
v 0.6 0.4 0.5
v 0.6 0.5 0.5
v 0.6 0.6 0.5
v 0.6 0.7 0.5
v 0.6 1.2 0.5
v 0.6 1.6 0.5
v 0.6 1.7 0.5
v 0.6 1.9 0.5
v 0.6 2 0.5
v 0.6 5.2 0.5
v 0.6 5.3 0.5
v 0.6 5.6 0.5
v 0.6 5.7 0.5
v 0.7 0.1 0.5
v 0.7 0.2 0.5
v 0.7 0.5 0.5
v 0.7 0.6 0.5
v 0.7 0.8 0.5
v 0.7 0.9 0.5
v 0.7 1.2 0.5
v 0.7 1.5 0.5
v 0.7 1.6 0.5
v 0.7 1.8 0.5
v 0.7 1.9 0.5
v 0.7 2 0.5
v 0.7 5.3 0.5
v 0.7 5.5 0.5
v 0.8 0.1 0.5
v 0.8 0.2 0.5
v 0.8 0.5 0.5
v 0.8 0.6 0.5
v 0.8 0.9 0.5
v 0.8 1 0.5
v 0.8 1.2 0.5
v 0.8 1.3 0.5
v 0.8 1.8 0.5
v 0.8 1.9 0.5
v 0.8 2 0.5
v 0.8 5.3 0.5
v 0.8 5.5 0.5
v 0.9 0 0.5
v 0.9 0.1 0.5
v 0.9 0.6 0.5
v 0.9 0.7 0.5
v 0.9 0.9 0.5
v 0.9 1 0.5
v 0.9 1.3 0.5
v 0.9 1.5 0.5
v 1 0 0.5
v 1 0.1 0.5
v 1 0.6 0.5
v 1 0.7 0.5
v 1 3.9 0.5
v 1 4 0.5
v 1.2 3.6 0.5
v 1.2 3.7 0.5
v 1.2 3.8 0.5
v 1.2 3.9 0.5
v 1.2 4 0.5
v 1.3 3.6 0.5
v 1.3 3.7 0.5
v 1.3 3.8 0.5
v 1.3 3.9 0.5
v -2.1 5.2 0.4
v -2.1 5.3 0.4
v -2.1 5.4 0.4
v -2 5.2 0.4
v -2 5.3 0.4
v -2 5.4 0.4
v -2 5.5 0.4
v -1.9 5.3 0.4
v -1.9 5.4 0.4
v -1.8 4.6 0.4
v -1.8 4.7 0.4
v -1.8 5.4 0.4
v -1.8 5.5 0.4
v -1.7 4.6 0.4
v -1.7 4.7 0.4
v -1.6 4.3 0.4
v -1.6 4.4 0.4
v -1.6 4.5 0.4
v -1.5 4.3 0.4
v -1.5 4.4 0.4
v -1.4 4.4 0.4
v -1.4 4.5 0.4
v -1.4 5 0.4
v -1.4 5.1 0.4
v -1.3 4.4 0.4
v -1.3 4.5 0.4
v -1.3 4.7 0.4
v -1.3 4.8 0.4
v -1.3 4.9 0.4
v -1.3 5 0.4
v -1.3 5.1 0.4
v -1.3 5.3 0.4
v -1.3 5.4 0.4
v -1.2 4 0.4
v -1.2 4.1 0.4
v -1.2 4.7 0.4
v -1.2 4.8 0.4
v -1.2 4.9 0.4
v -1.2 5 0.4
v -1.2 5.1 0.4
v -1.2 5.3 0.4
v -1.2 5.4 0.4
v -1.1 4 0.4
v -1.1 4.5 0.4
v -1.1 4.6 0.4
v -1.1 4.7 0.4
v -1.1 4.8 0.4
v -1.1 4.9 0.4
v -1.1 5 0.4
v -1.1 5.1 0.4
v -1 4 0.4
v -1 4.1 0.4
v -1 4.5 0.4
v -1 4.6 0.4
v -0.9 4.7 0.4
v -0.9 4.9 0.4
v -0.8 4.7 0.4
v -0.8 4.9 0.4
v -0.8 5 0.4
v -0.7 4.2 0.4
v -0.7 4.3 0.4
v -0.7 4.4 0.4
v -0.7 4.7 0.4
v -0.7 4.8 0.4
v -0.7 4.9 0.4
v -0.7 5.7 0.4
v -0.7 5.8 0.4
v -0.6 4.6 0.4
v -0.6 4.8 0.4
v -0.5 5.7 0.4
v -0.5 5.8 0.4
v -0.5 5.9 0.4
v -0.4 5.7 0.4
v -0.4 5.8 0.4
v -0.4 6.3 0.4
v -0.4 6.4 0.4
v -0.3 4.4 0.4
v -0.3 4.5 0.4
v -0.3 5 0.4
v -0.3 5.2 0.4
v -0.3 6.3 0.4
v -0.3 6.4 0.4
v -0.2 4.3 0.4
v -0.2 4.4 0.4
v -0.2 4.5 0.4
v -0.1 4.2 0.4
v -0.1 4.4 0.4
v -0.1 4.5 0.4
v -0.1 4.6 0.4
v -0.1 4.8 0.4
v -0.1 5 0.4
v -0.1 5.1 0.4
v -2.38419e-07 4.2 0.4
v -2.38419e-07 4.4 0.4
v -2.38419e-07 4.5 0.4
v -2.38419e-07 4.6 0.4
v -2.38419e-07 4.8 0.4
v -2.38419e-07 5 0.4
v -2.38419e-07 5.1 0.4
v 0.0999999 4.3 0.4
v 0.0999999 4.4 0.4
v 0.0999999 4.5 0.4
v 0.2 1.2 0.4
v 0.2 1.3 0.4
v 0.2 2 0.4
v 0.2 2.1 0.4
v 0.2 5 0.4
v 0.2 5.1 0.4
v 0.2 6.2 0.4
v 0.2 6.3 0.4
v 0.3 0.2 0.4
v 0.3 0.4 0.4
v 0.3 1.1 0.4
v 0.3 1.2 0.4
v 0.3 1.3 0.4
v 0.3 1.5 0.4
v 0.3 1.8 0.4
v 0.3 1.9 0.4
v 0.3 2 0.4
v 0.3 2.1 0.4
v 0.3 4.4 0.4
v 0.3 4.5 0.4
v 0.3 4.6 0.4
v 0.3 4.7 0.4
v 0.3 5.1 0.4
v 0.3 5.2 0.4
v 0.3 5.7 0.4
v 0.3 5.8 0.4
v 0.3 6.2 0.4
v 0.3 6.3 0.4
v 0.4 0.2 0.4
v 0.4 0.3 0.4
v 0.4 1.1 0.4
v 0.4 1.2 0.4
v 0.4 1.4 0.4
v 0.4 1.5 0.4
v 0.4 1.7 0.4
v 0.4 1.8 0.4
v 0.4 1.9 0.4
v 0.4 2 0.4
v 0.4 2.1 0.4
v 0.4 2.3 0.4
v 0.4 5.7 0.4
v 0.5 0 0.4
v 0.5 0.1 0.4
v 0.5 0.2 0.4
v 0.5 0.3 0.4
v 0.5 0.4 0.4
v 0.5 1.1 0.4
v 0.5 1.2 0.4
v 0.5 1.3 0.4
v 0.5 1.4 0.4
v 0.5 1.8 0.4
v 0.5 1.9 0.4
v 0.5 2 0.4
v 0.5 2.1 0.4
v 0.5 2.2 0.4
v 0.5 5.8 0.4
v 0.5 5.9 0.4
v 0.6 0 0.4
v 0.6 0.1 0.4
v 0.6 1.6 0.4
v 0.6 1.7 0.4
v 0.6 2.2 0.4
v 0.6 2.3 0.4
v 0.6 5.7 0.4
v 0.6 5.8 0.4
v 0.7 0 0.4
v 0.7 0.1 0.4
v 0.7 1.5 0.4
v 0.7 1.6 0.4
v 0.7 1.7 0.4
v 0.7 2 0.4
v 0.7 2.1 0.4
v 0.7 2.2 0.4
v 0.7 4.2 0.4
v 0.7 4.3 0.4
v 0.7 4.4 0.4
v 0.7 4.7 0.4
v 0.7 5 0.4
v 0.8 1.5 0.4
v 0.8 1.6 0.4
v 0.8 1.7 0.4
v 0.8 1.8 0.4
v 0.8 1.9 0.4
v 0.8 2 0.4
v 0.8 2.1 0.4
v 0.9 0 0.4
v 0.9 0.1 0.4
v 0.9 1.8 0.4
v 0.9 1.9 0.4
v 0.9 2 0.4
v 0.9 3.1 0.4
v 0.9 3.2 0.4
v 1 3 0.4
v 1 3.1 0.4
v 1 3.2 0.4
v 1.1 3 0.4
v 1.1 3.1 0.4
v 1.1 3.2 0.4
v 1.1 3.8 0.4
v 1.1 3.9 0.4
v 1.2 3.1 0.4
v 1.2 3.2 0.4
v 1.2 3.8 0.4
v 1.2 3.9 0.4
v 1.2 4 0.4
v 1.3 3.5 0.4
v 1.3 3.6 0.4
v 1.3 3.7 0.4
v 1.3 3.9 0.4
v 1.3 4 0.4
v 1.4 3.5 0.4
v 1.4 3.7 0.4
v -2 4.6 0.3
v -2 4.7 0.3
v -1.8 4.6 0.3
v -1.8 4.7 0.3
v -1.8 5.5 0.3
v -1.8 5.6 0.3
v -1.7 5.5 0.3
v -1.7 5.6 0.3
v -1.3 4.9 0.3
v -1.3 5 0.3
v -1.3 5.1 0.3
v -1.3 5.2 0.3
v -1.3 5.3 0.3
v -1.2 4.6 0.3
v -1.2 4.7 0.3
v -1.2 4.9 0.3
v -1.2 5 0.3
v -1.2 5.1 0.3
v -1.2 5.2 0.3
v -1.2 5.3 0.3
v -1.1 4.6 0.3
v -1.1 4.7 0.3
v -1.1 4.8 0.3
v -1.1 4.9 0.3
v -1.1 5 0.3
v -1.1 5.1 0.3
v -1.1 5.2 0.3
v -1 4.6 0.3
v -1 4.7 0.3
v -1 5 0.3
v -0.9 4.5 0.3
v -0.9 4.6 0.3
v -0.9 4.7 0.3
v -0.9 4.9 0.3
v -0.9 5 0.3
v -0.9 5.2 0.3
v -0.8 4.4 0.3
v -0.8 4.5 0.3
v -0.8 4.6 0.3
v -0.8 4.7 0.3
v -0.8 4.9 0.3
v -0.8 5 0.3
v -0.7 4.1 0.3
v -0.7 4.2 0.3
v -0.7 4.4 0.3
v -0.7 4.6 0.3
v -0.7 4.7 0.3
v -0.7 5 0.3
v -0.7 5.1 0.3
v -0.6 5.8 0.3
v -0.6 5.9 0.3
v -0.5 5 0.3
v -0.5 5.1 0.3
v -0.5 5.2 0.3
v -0.5 5.8 0.3
v -0.5 5.9 0.3
v -0.5 6 0.3
v -0.4 5.2 0.3
v -0.4 5.3 0.3
v -0.4 6.2 0.3
v -0.4 6.3 0.3
v -0.3 5 0.3
v -0.3 5.1 0.3
v -0.3 5.2 0.3
v -0.3 5.3 0.3
v -0.3 6.3 0.3
v -0.2 4.1 0.3
v -0.2 4.2 0.3
v -0.2 5.3 0.3
v -0.2 6.2 0.3
v -0.2 6.3 0.3
v -0.1 4.2 0.3
v -0.1 5 0.3
v -0.1 5.1 0.3
v -0.1 5.3 0.3
v -2.38419e-07 2.1 0.3
v -2.38419e-07 2.2 0.3
v -2.38419e-07 4.2 0.3
v -2.38419e-07 5 0.3
v -2.38419e-07 5.1 0.3
v -2.38419e-07 5.3 0.3
v 0.0999999 2.2 0.3
v 0.0999999 2.3 0.3
v 0.0999999 2.7 0.3
v 0.0999999 2.9 0.3
v 0.0999999 4.1 0.3
v 0.0999999 4.2 0.3
v 0.0999999 5.3 0.3
v 0.0999999 6.1 0.3
v 0.0999999 6.2 0.3
v 0.2 1.3 0.3
v 0.2 1.5 0.3
v 0.2 2.1 0.3
v 0.2 2.3 0.3
v 0.2 2.4 0.3
v 0.2 2.7 0.3
v 0.2 2.9 0.3
v 0.2 5 0.3
v 0.2 5.1 0.3
v 0.2 5.2 0.3
v 0.2 5.3 0.3
v 0.2 6.1 0.3
v 0.2 6.2 0.3
v 0.3 1.3 0.3
v 0.3 1.5 0.3
v 0.3 1.7 0.3
v 0.3 1.8 0.3
v 0.3 2.1 0.3
v 0.3 2.2 0.3
v 0.3 2.3 0.3
v 0.3 2.4 0.3
v 0.3 5.1 0.3
v 0.3 5.2 0.3
v 0.4 0.1 0.3
v 0.4 0.2 0.3
v 0.4 0.4 0.3
v 0.4 0.5 0.3
v 0.4 0.8 0.3
v 0.4 0.9 0.3
v 0.4 1.5 0.3
v 0.4 1.6 0.3
v 0.4 1.7 0.3
v 0.4 1.8 0.3
v 0.4 2.1 0.3
v 0.4 2.2 0.3
v 0.4 2.3 0.3
v 0.4 2.5 0.3
v 0.4 5 0.3
v 0.4 5.1 0.3
v 0.4 5.2 0.3
v 0.4 5.9 0.3
v 0.4 6 0.3
v 0.5 0.1 0.3
v 0.5 0.2 0.3
v 0.5 0.4 0.3
v 0.5 0.5 0.3
v 0.5 0.6 0.3
v 0.5 0.8 0.3
v 0.5 0.9 0.3
v 0.6 0 0.3
v 0.6 0.1 0.3
v 0.6 0.6 0.3
v 0.6 2.2 0.3
v 0.6 2.3 0.3
v 0.6 2.4 0.3
v 0.6 2.5 0.3
v 0.6 4.1 0.3
v 0.6 4.2 0.3
v 0.6 5 0.3
v 0.6 5.1 0.3
v 0.7 0 0.3
v 0.7 0.1 0.3
v 0.7 0.5 0.3
v 0.7 0.6 0.3
v 0.7 1.6 0.3
v 0.7 1.7 0.3
v 0.7 2.2 0.3
v 0.7 2.3 0.3
v 0.7 4.4 0.3
v 0.7 4.5 0.3
v 0.7 4.7 0.3
v 0.7 4.8 0.3
v 0.7 4.9 0.3
v 0.7 5 0.3
v 0.8 1.6 0.3
v 0.8 1.7 0.3
v 0.8 1.8 0.3
v 0.8 2.3 0.3
v 0.8 2.4 0.3
v 0.8 4.4 0.3
v 0.8 4.5 0.3
v 0.8 4.8 0.3
v 0.8 4.9 0.3
v 0.8 5 0.3
v 0.9 0 0.3
v 0.9 0.1 0.3
v 0.9 1.7 0.3
v 0.9 1.8 0.3
v 1 0 0.3
v 1 0.1 0.3
v 1 3.1 0.3
v 1 3.2 0.3
v 1.1 3.1 0.3
v 1.1 3.2 0.3
v 1.1 3.3 0.3
v 1.2 3.2 0.3
v 1.2 3.3 0.3
v 1.2 3.4 0.3
v 1.2 3.7 0.3
v 1.2 3.8 0.3
v 1.3 3.2 0.3
v 1.3 3.4 0.3
v 1.3 3.8 0.3
v 1.3 3.9 0.3
v 1.4 3.7 0.3
v 1.4 3.9 0.3
v -2.1 4.7 0.2
v -2.1 4.8 0.2
v -2.1 5.1 0.2
v -2.1 5.2 0.2
v -2 4.7 0.2
v -2 4.8 0.2
v -2 5.1 0.2
v -2 5.2 0.2
v -1.7 5.5 0.2
v -1.7 5.6 0.2
v -1.6 5.5 0.2
v -1.6 5.6 0.2
v -1.2 5.1 0.2
v -1.2 5.2 0.2
v -1.2 5.3 0.2
v -1.1 4.1 0.2
v -1.1 4.2 0.2
v -1.1 5.1 0.2
v -1.1 5.2 0.2
v -1.1 5.3 0.2
v -1 4.1 0.2
v -1 4.2 0.2
v -1 4.8 0.2
v -1 4.9 0.2
v -0.9 4.8 0.2
v -0.9 4.9 0.2
v -0.9 5 0.2
v -0.9 5.1 0.2
v -0.8 5 0.2
v -0.8 5.1 0.2
v -0.6 4 0.2
v -0.6 4.1 0.2
v -0.6 5.1 0.2
v -0.6 5.2 0.2
v -0.6 5.3 0.2
v -0.5 5.1 0.2
v -0.5 5.2 0.2
v -0.5 5.3 0.2
v -0.5 5.4 0.2
v -0.4 5.2 0.2
v -0.4 5.3 0.2
v -0.4 5.4 0.2
v -0.4 6 0.2
v -0.4 6.1 0.2
v -0.3 6.1 0.2
v -0.3 6.2 0.2
v -0.2 4 0.2
v -0.2 4.1 0.2
v -0.2 6.1 0.2
v -0.2 6.2 0.2
v -0.1 4 0.2
v -0.1 4.1 0.2
v -2.38419e-07 2.3 0.2
v -2.38419e-07 2.4 0.2
v -2.38419e-07 2.8 0.2
v -2.38419e-07 3.1 0.2
v -2.38419e-07 4 0.2
v -2.38419e-07 4.1 0.2
v 0.0999999 2 0.2
v 0.0999999 2.1 0.2
v 0.0999999 2.3 0.2
v 0.0999999 2.4 0.2
v 0.0999999 2.5 0.2
v 0.0999999 2.7 0.2
v 0.0999999 2.8 0.2
v 0.0999999 2.9 0.2
v 0.0999999 3.1 0.2
v 0.0999999 4 0.2
v 0.0999999 4.1 0.2
v 0.0999999 6.1 0.2
v 0.2 1.5 0.2
v 0.2 1.6 0.2
v 0.2 2 0.2
v 0.2 2.1 0.2
v 0.2 2.3 0.2
v 0.2 2.4 0.2
v 0.2 2.6 0.2
v 0.2 2.7 0.2
v 0.2 2.8 0.2
v 0.2 2.9 0.2
v 0.2 3.1 0.2
v 0.2 5.2 0.2
v 0.2 5.3 0.2
v 0.2 6.1 0.2
v 0.3 0.3 0.2
v 0.3 0.5 0.2
v 0.3 1.5 0.2
v 0.3 1.6 0.2
v 0.3 2.3 0.2
v 0.3 2.4 0.2
v 0.3 2.8 0.2
v 0.3 2.9 0.2
v 0.3 5.3 0.2
v 0.3 5.4 0.2
v 0.3 6 0.2
v 0.3 6.1 0.2
v 0.4 0.3 0.2
v 0.4 0.5 0.2
v 0.4 2.3 0.2
v 0.4 2.4 0.2
v 0.4 2.5 0.2
v 0.4 5.1 0.2
v 0.4 5.2 0.2
v 0.4 5.3 0.2
v 0.4 5.4 0.2
v 0.5 2.6 0.2
v 0.5 2.7 0.2
v 0.5 5.1 0.2
v 0.5 5.2 0.2
v 0.5 5.3 0.2
v 0.6 2.4 0.2
v 0.6 2.5 0.2
v 0.6 4 0.2
v 0.6 4.1 0.2
v 0.7 2.4 0.2
v 0.7 2.5 0.2
v 0.7 2.6 0.2
v 0.7 2.7 0.2
v 0.7 4.2 0.2
v 0.7 4.3 0.2
v 0.7 4.4 0.2
v 0.8 2.5 0.2
v 0.8 2.6 0.2
v 0.8 4.2 0.2
v 0.8 4.4 0.2
v 1.1 3.3 0.2
v 1.1 3.4 0.2
v 1.1 3.6 0.2
v 1.1 3.7 0.2
v 1.2 3.1 0.2
v 1.2 3.2 0.2
v 1.2 3.3 0.2
v 1.2 3.4 0.2
v 1.2 3.6 0.2
v 1.2 3.7 0.2
v 1.3 3.1 0.2
v 1.3 3.2 0.2
v 1.3 3.4 0.2
v 1.4 3.2 0.2
v 1.4 3.4 0.2
v -2.1 4.8 0.1
v -2.1 4.9 0.1
v -2 4.8 0.1
v -2 4.9 0.1
v -1.6 5.4 0.1
v -1.6 5.5 0.1
v -1.5 5.4 0.1
v -1.5 5.5 0.1
v -1.3 5.1 0.1
v -1.3 5.2 0.1
v -1.2 5.1 0.1
v -1.2 5.2 0.1
v -1.1 4.2 0.1
v -1.1 4.3 0.1
v -1.1 4.5 0.1
v -1.1 4.6 0.1
v -1.1 5.2 0.1
v -1.1 5.3 0.1
v -1 4.2 0.1
v -1 4.3 0.1
v -1 4.6 0.1
v -1 4.7 0.1
v -1 4.8 0.1
v -1 4.9 0.1
v -1 5 0.1
v -1 5.2 0.1
v -1 5.3 0.1
v -0.9 4.5 0.1
v -0.9 4.6 0.1
v -0.9 4.7 0.1
v -0.9 4.8 0.1
v -0.9 4.9 0.1
v -0.9 5 0.1
v -0.8 4.2 0.1
v -0.8 4.4 0.1
v -0.7 4.2 0.1
v -0.7 4.3 0.1
v -0.7 4.4 0.1
v -0.6 3.9 0.1
v -0.6 4 0.1
v -0.6 5.3 0.1
v -0.6 5.4 0.1
v -0.5 3.9 0.1
v -0.5 4 0.1
v -0.5 5.3 0.1
v -0.5 5.4 0.1
v -0.3 3.9 0.1
v -0.3 4 0.1
v -0.2 2.8 0.1
v -0.2 3 0.1
v -0.2 4 0.1
v -0.1 3 0.1
v -0.1 3.1 0.1
v -0.1 3.9 0.1
v -0.1 4 0.1
v -2.38419e-07 2.2 0.1
v -2.38419e-07 2.3 0.1
v -2.38419e-07 2.5 0.1
v -2.38419e-07 2.6 0.1
v -2.38419e-07 2.8 0.1
v -2.38419e-07 3.1 0.1
v -2.38419e-07 3.2 0.1
v -2.38419e-07 3.9 0.1
v -2.38419e-07 4 0.1
v 0.0999999 2.2 0.1
v 0.0999999 2.3 0.1
v 0.0999999 2.5 0.1
v 0.0999999 2.6 0.1
v 0.0999999 3.1 0.1
v 0.0999999 3.9 0.1
v 0.0999999 4 0.1
v 0.2 2.7 0.1
v 0.2 2.8 0.1
v 0.2 2.9 0.1
v 0.2 3.1 0.1
v 0.3 2.8 0.1
v 0.3 2.9 0.1
v 0.3 3.1 0.1
v 0.3 3.2 0.1
v 0.4 0.1 0.1
v 0.4 0.2 0.1
v 0.4 0.5 0.1
v 0.4 0.6 0.1
v 0.4 2.7 0.1
v 0.4 2.8 0.1
v 0.4 2.9 0.1
v 0.4 3.9 0.1
v 0.4 4 0.1
v 0.4 5.3 0.1
v 0.4 5.5 0.1
v 0.5 0.1 0.1
v 0.5 0.2 0.1
v 0.5 0.5 0.1
v 0.5 0.6 0.1
v 0.5 2.7 0.1
v 0.5 2.8 0.1
v 0.5 2.9 0.1
v 0.5 5.3 0.1
v 0.5 5.4 0.1
v 0.5 5.5 0.1
v 0.5 5.6 0.1
v 0.6 2.8 0.1
v 0.6 2.9 0.1
v 0.6 5.4 0.1
v 0.6 5.6 0.1
v 0.7 2.4 0.1
v 0.7 2.5 0.1
v 0.7 2.7 0.1
v 0.7 2.8 0.1
v 0.8 2.4 0.1
v 0.8 2.5 0.1
v 0.8 4.6 0.1
v 0.8 4.9 0.1
v 0.8 5 0.1
v 0.9 0.4 0.1
v 0.9 0.5 0.1
v 0.9 4.6 0.1
v 0.9 4.7 0.1
v 0.9 4.8 0.1
v 0.9 4.9 0.1
v 0.9 5 0.1
v 1 0.4 0.1
v 1 0.5 0.1
v 1 4.6 0.1
v 1 4.7 0.1
v 1 4.8 0.1
v 1 4.9 0.1
v 1.1 3.4 0.1
v 1.1 3.6 0.1
v 1.1 4.6 0.1
v 1.1 4.7 0.1
v 1.2 3.4 0.1
v 1.2 3.5 0.1
v 1.2 3.6 0.1
v 1.4 3.4 0.1
v 1.4 3.5 0.1
v 1.5 3.4 0.1
v 1.5 3.5 0.1
v -2.1 4.9 0
v -2.1 5.1 0
v -2 4.8 0
v -2 4.9 0
v -2 5.1 0
v -1.8 4.8 0
v -1.8 4.9 0
v -1.5 5.3 0
v -1.5 5.4 0
v -1.4 5.3 0
v -1.4 5.4 0
v -1.2 4.5 0
v -1.2 4.6 0
v -1.1 4.3 0
v -1.1 4.4 0
v -1.1 4.5 0
v -1.1 4.6 0
v -1 4.3 0
v -1 4.4 0
v -1 4.6 0
v -1 4.7 0
v -1 5 0
v -1 5.1 0
v -0.9 4.6 0
v -0.9 4.7 0
v -0.9 5 0
v -0.9 5.1 0
v -0.4 3.7 0
v -0.4 3.8 0
v -0.4 3.9 0
v -0.3 3 0
v -0.3 3.1 0
v -0.3 3.2 0
v -0.3 3.9 0
v -0.2 3 0
v -0.2 3.2 0
v -0.2 3.4 0
v -0.2 3.6 0
v -0.2 3.7 0
v -0.2 3.8 0
v -0.2 3.9 0
v -0.1 3 0
v -0.1 3.1 0
v -0.1 3.3 0
v -0.1 3.4 0
v -0.1 3.6 0
v -0.1 3.7 0
v -0.1 3.8 0
v -0.1 3.9 0
v -2.38419e-07 2.6 0
v -2.38419e-07 2.8 0
v -2.38419e-07 3.1 0
v -2.38419e-07 3.2 0
v -2.38419e-07 3.3 0
v -2.38419e-07 3.4 0
v -2.38419e-07 3.6 0
v -2.38419e-07 3.7 0
v -2.38419e-07 3.8 0
v -2.38419e-07 3.9 0
v 0.0999999 2.6 0
v 0.0999999 2.8 0
v 0.0999999 3.3 0
v 0.0999999 3.4 0
v 0.0999999 3.6 0
v 0.0999999 3.7 0
v 0.0999999 3.8 0
v 0.0999999 3.9 0
v 0.2 0.2 0
v 0.2 0.3 0
v 0.2 3.2 0
v 0.2 3.3 0
v 0.2 3.4 0
v 0.2 3.6 0
v 0.3 0.2 0
v 0.3 0.3 0
v 0.3 2.8 0
v 0.3 3.1 0
v 0.3 3.2 0
v 0.3 3.7 0
v 0.3 3.8 0
v 0.3 3.9 0
v 0.4 2.8 0
v 0.4 2.9 0
v 0.4 3.1 0
v 0.4 3.2 0
v 0.4 3.9 0
v 0.4 4 0
v 0.5 0.6 0
v 0.5 0.7 0
v 0.5 2.9 0
v 0.5 3 0
v 0.5 3.1 0
v 0.5 3.9 0
v 0.5 4 0
v 0.6 0.6 0
v 0.6 0.7 0
v 0.6 2.9 0
v 0.6 3 0
v 0.8 5 0
v 0.8 5.1 0
v 0.9 4.6 0
v 0.9 4.7 0
v 0.9 4.9 0
v 0.9 5 0
v 1 4.5 0
v 1 4.6 0
v 1 4.7 0
v 1 4.8 0
v 1 4.9 0
v 1 5 0
v 1 5.1 0
v 1.1 3.7 0
v 1.1 3.9 0
v 1.1 4.4 0
v 1.1 4.5 0
v 1.1 4.6 0
v 1.1 4.7 0
v 1.1 4.9 0
v 1.1 5 0
v 1.2 3.7 0
v 1.2 3.8 0
v 1.2 4.4 0
v 1.2 4.5 0
v 1.2 4.6 0
v 1.2 4.7 0
v 1.3 4.5 0
v 1.3 4.6 0
v 1.4 3.5 0
v 1.4 3.7 0
v 1.4 3.8 0
v 1.4 3.9 0
v 1.5 3.5 0
v 1.5 3.7 0
v -1 4.3 -0.0999999
v -1 4.4 -0.0999999
v -1 4.5 -0.0999999
v -0.9 4.3 -0.0999999
v -0.9 4.5 -0.0999999
v -0.6 5.5 -0.0999999
v -0.6 5.6 -0.0999999
v -0.5 3.7 -0.0999999
v -0.5 3.8 -0.0999999
v -0.5 3.9 -0.0999999
v -0.5 5.5 -0.0999999
v -0.5 5.6 -0.0999999
v -0.4 3 -0.0999999
v -0.4 3.1 -0.0999999
v -0.4 3.2 -0.0999999
v -0.4 3.4 -0.0999999
v -0.4 3.5 -0.0999999
v -0.4 3.7 -0.0999999
v -0.4 3.8 -0.0999999
v -0.4 3.9 -0.0999999
v -0.3 2.8 -0.0999999
v -0.3 3 -0.0999999
v -0.3 3.1 -0.0999999
v -0.3 3.2 -0.0999999
v -0.3 3.3 -0.0999999
v -0.3 3.4 -0.0999999
v -0.3 3.5 -0.0999999
v -0.2 2.7 -0.0999999
v -0.2 2.8 -0.0999999
v -0.2 3 -0.0999999
v -0.2 3.2 -0.0999999
v -0.2 3.3 -0.0999999
v -0.2 3.4 -0.0999999
v -0.2 3.6 -0.0999999
v -0.2 3.7 -0.0999999
v -0.1 3.6 -0.0999999
v -0.1 3.7 -0.0999999
v -2.38419e-07 2.7 -0.0999999
v -2.38419e-07 2.8 -0.0999999
v -2.38419e-07 3.6 -0.0999999
v -2.38419e-07 3.7 -0.0999999
v 0.0999999 3.6 -0.0999999
v 0.0999999 3.7 -0.0999999
v 0.2 3.2 -0.0999999
v 0.2 3.3 -0.0999999
v 0.2 3.4 -0.0999999
v 0.2 3.6 -0.0999999
v 0.2 3.7 -0.0999999
v 0.3 0.1 -0.0999999
v 0.3 0.2 -0.0999999
v 0.3 0.4 -0.0999999
v 0.3 0.5 -0.0999999
v 0.3 3.2 -0.0999999
v 0.3 3.4 -0.0999999
v 0.3 3.7 -0.0999999
v 0.3 3.8 -0.0999999
v 0.3 3.9 -0.0999999
v 0.4 0.1 -0.0999999
v 0.4 0.2 -0.0999999
v 0.4 0.4 -0.0999999
v 0.4 0.5 -0.0999999
v 0.4 3.7 -0.0999999
v 0.4 3.9 -0.0999999
v 0.9 5.1 -0.0999999
v 0.9 5.2 -0.0999999
v 1 3.5 -0.0999999
v 1 3.7 -0.0999999
v 1 4.4 -0.0999999
v 1 4.5 -0.0999999
v 1 5.1 -0.0999999
v 1 5.2 -0.0999999
v 1.1 3.5 -0.0999999
v 1.1 3.7 -0.0999999
v 1.1 4.3 -0.0999999
v 1.1 4.4 -0.0999999
v 1.1 4.5 -0.0999999
v 1.1 4.7 -0.0999999
v 1.1 4.9 -0.0999999
v 1.1 5 -0.0999999
v 1.2 3.9 -0.0999999
v 1.2 4 -0.0999999
v 1.2 4.4 -0.0999999
v 1.2 4.5 -0.0999999
v 1.2 4.6 -0.0999999
v 1.2 4.7 -0.0999999
v 1.2 5 -0.0999999
v 1.3 4 -0.0999999
v 1.3 4.1 -0.0999999
v 1.3 4.3 -0.0999999
v 1.3 4.5 -0.0999999
v 1.3 4.6 -0.0999999
v 1.3 4.7 -0.0999999
v 1.4 3.8 -0.0999999
v 1.4 3.9 -0.0999999
v 1.5 3.8 -0.0999999
v 1.5 4.1 -0.0999999
v -1.8 4.8 -0.2
v -1.8 4.9 -0.2
v -1.7 4.8 -0.2
v -1.7 4.9 -0.2
v -1.4 5.2 -0.2
v -1.4 5.3 -0.2
v -1.3 5.2 -0.2
v -1.3 5.3 -0.2
v -0.6 2.9 -0.2
v -0.6 3.1 -0.2
v -0.5 2.8 -0.2
v -0.5 2.9 -0.2
v -0.5 3 -0.2
v -0.5 3.1 -0.2
v -0.4 3 -0.2
v -0.4 3.1 -0.2
v -0.3 2.8 -0.2
v -0.3 3 -0.2
v 0.2 0.1 -0.2
v 0.2 0.2 -0.2
v 0.2 0.3 -0.2
v 0.2 0.4 -0.2
v 0.3 0.1 -0.2
v 0.3 0.2 -0.2
v 0.3 0.3 -0.2
v 0.3 0.4 -0.2
v 0.4 0 -0.2
v 0.4 0.1 -0.2
v 0.4 5.5 -0.2
v 0.4 5.7 -0.2
v 0.5 2.9 -0.2
v 0.5 3 -0.2
v 0.5 3.9 -0.2
v 0.5 4 -0.2
v 0.5 5.5 -0.2
v 0.5 5.7 -0.2
v 0.6 0 -0.2
v 0.6 0.1 -0.2
v 0.6 2.9 -0.2
v 0.6 3 -0.2
v 0.6 3.9 -0.2
v 0.6 4 -0.2
v 1 3.7 -0.2
v 1 3.8 -0.2
v 1 5 -0.2
v 1 5.1 -0.2
v 1.1 3.7 -0.2
v 1.1 3.8 -0.2
v 1.1 5 -0.2
v 1.1 5.1 -0.2
v 1.2 4.2 -0.2
v 1.2 4.3 -0.2
v 1.3 4.1 -0.2
v 1.3 4.2 -0.2
v 1.3 4.3 -0.2
v 1.3 4.6 -0.2
v 1.4 3.7 -0.2
v 1.4 3.8 -0.2
v 1.4 4.3 -0.2
v 1.4 4.4 -0.2
v 1.4 4.5 -0.2
v 1.4 4.6 -0.2
v 1.5 3.7 -0.2
v 1.5 3.8 -0.2
v 1.5 3.9 -0.2
v 1.5 4.1 -0.2
v 1.5 4.3 -0.2
v 1.5 4.4 -0.2
v 1.5 4.5 -0.2
v 1.6 3.7 -0.2
v 1.6 3.9 -0.2
v -1.7 4.8 -0.3
v -1.7 4.9 -0.3
v -1.6 4.8 -0.3
v -1.6 4.9 -0.3
v -0.8 2.4 -0.3
v -0.8 2.5 -0.3
v -0.6 2.3 -0.3
v -0.6 2.4 -0.3
v -0.6 2.5 -0.3
v -0.6 2.6 -0.3
v -0.6 5.6 -0.3
v -0.6 5.7 -0.3
v -0.5 2.3 -0.3
v -0.5 2.4 -0.3
v -0.5 2.6 -0.3
v -0.5 2.7 -0.3
v -0.5 3.1 -0.3
v -0.5 3.2 -0.3
v -0.5 3.5 -0.3
v -0.5 5.4 -0.3
v -0.5 5.6 -0.3
v -0.5 5.7 -0.3
v -0.4 2.3 -0.3
v -0.4 2.4 -0.3
v -0.4 2.5 -0.3
v -0.4 2.7 -0.3
v -0.4 3.1 -0.3
v -0.4 3.2 -0.3
v -0.4 3.5 -0.3
v -0.3 2.4 -0.3
v -0.3 2.5 -0.3
v -0.3 2.7 -0.3
v -0.3 2.8 -0.3
v -0.2 2.7 -0.3
v -0.2 2.8 -0.3
v 0.3 0 -0.3
v 0.3 0.1 -0.3
v 0.4 0 -0.3
v 0.4 0.1 -0.3
v 0.4 5.4 -0.3
v 0.4 5.6 -0.3
v 0.9 4.5 -0.3
v 0.9 4.6 -0.3
v 1 4.5 -0.3
v 1 4.6 -0.3
v 1.1 3.9 -0.3
v 1.1 4 -0.3
v 1.2 3.9 -0.3
v 1.2 4 -0.3
v 1.2 4.2 -0.3
v 1.2 4.7 -0.3
v 1.2 4.9 -0.3
v 1.3 3.8 -0.3
v 1.3 3.9 -0.3
v 1.3 4 -0.3
v 1.3 4.2 -0.3
v 1.3 4.7 -0.3
v 1.3 4.9 -0.3
v 1.4 3.8 -0.3
v 1.4 3.9 -0.3
v 1.4 4.3 -0.3
v 1.4 4.4 -0.3
v 1.5 3.9 -0.3
v 1.5 4 -0.3
v 1.5 4.2 -0.3
v 1.5 4.3 -0.3
v 1.5 4.4 -0.3
v 1.6 3.9 -0.3
v 1.6 4 -0.3
v 1.6 4.2 -0.3
v 1.6 4.3 -0.3
v -1.4 0 -0.4
v -1.4 0.1 -0.4
v -1.3 0.1 -0.4
v -1.3 0.2 -0.4
v -1.2 0 -0.4
v -1.2 0.2 -0.4
v -0.8 0.1 -0.4
v -0.8 0.2 -0.4
v -0.8 2.3 -0.4
v -0.8 2.4 -0.4
v -0.7 0 -0.4
v -0.7 0.1 -0.4
v -0.7 2.5 -0.4
v -0.7 2.6 -0.4
v -0.6 0.1 -0.4
v -0.6 0.2 -0.4
v -0.6 2.2 -0.4
v -0.6 2.3 -0.4
v -0.6 2.4 -0.4
v -0.6 2.5 -0.4
v -0.6 2.6 -0.4
v -0.6 2.7 -0.4
v -0.6 2.9 -0.4
v -0.5 0 -0.4
v -0.5 0.1 -0.4
v -0.5 2.3 -0.4
v -0.5 2.6 -0.4
v -0.5 2.7 -0.4
v -0.5 2.8 -0.4
v -0.5 2.9 -0.4
v -0.4 2.2 -0.4
v -0.4 2.3 -0.4
v -0.4 2.4 -0.4
v -0.4 2.7 -0.4
v -0.4 2.8 -0.4
v -0.3 2.2 -0.4
v -0.3 2.3 -0.4
v -0.3 2.4 -0.4
v -0.3 2.5 -0.4
v -0.3 2.7 -0.4
v -0.3 2.8 -0.4
v -0.2 2.5 -0.4
v -0.2 2.7 -0.4
v 0.2 0 -0.4
v 0.2 0.2 -0.4
v 0.3 0 -0.4
v 0.3 0.1 -0.4
v 0.3 0.2 -0.4
v 0.6 0.1 -0.4
v 0.6 0.2 -0.4
v 0.7 0.1 -0.4
v 0.7 0.2 -0.4
v 1.1 3.8 -0.4
v 1.1 3.9 -0.4
v 1.1 4.2 -0.4
v 1.1 4.3 -0.4
v 1.2 3.8 -0.4
v 1.2 3.9 -0.4
v 1.2 4.2 -0.4
v 1.2 4.3 -0.4
v 1.5 4 -0.4
v 1.5 4.2 -0.4
v 1.5 4.3 -0.4
v 1.5 4.4 -0.4
v 1.6 4 -0.4
v 1.6 4.2 -0.4
v 1.6 4.3 -0.4
v 1.6 4.4 -0.4
v -1.7 4.7 -0.5
v -1.7 4.8 -0.5
v -1.6 4.7 -0.5
v -1.6 4.8 -0.5
v -1.4 0.1 -0.5
v -1.4 0.2 -0.5
v -1.3 0.1 -0.5
v -1.3 0.2 -0.5
v -1.3 0.3 -0.5
v -1.2 0 -0.5
v -1.2 0.1 -0.5
v -1.2 0.2 -0.5
v -1.2 0.3 -0.5
v -1.1 0 -0.5
v -1.1 0.1 -0.5
v -1.1 0.2 -0.5
v -0.9 0.2 -0.5
v -0.9 0.3 -0.5
v -0.8 0 -0.5
v -0.8 0.1 -0.5
v -0.8 0.2 -0.5
v -0.8 0.3 -0.5
v -0.7 0 -0.5
v -0.7 0.1 -0.5
v -0.7 2.2 -0.5
v -0.7 2.3 -0.5
v -0.7 2.6 -0.5
v -0.7 2.7 -0.5
v -0.6 0.1 -0.5
v -0.6 0.2 -0.5
v -0.6 0.3 -0.5
v -0.6 2.2 -0.5
v -0.6 2.3 -0.5
v -0.6 2.6 -0.5
v -0.6 2.7 -0.5
v -0.5 0.1 -0.5
v -0.5 0.2 -0.5
v -0.5 2 -0.5
v -0.5 2.2 -0.5
v -0.5 5.6 -0.5
v -0.5 5.7 -0.5
v -0.4 2 -0.5
v -0.4 2.1 -0.5
v -0.4 2.2 -0.5
v -0.3 2 -0.5
v -0.3 2.1 -0.5
v -0.3 2.2 -0.5
v -0.2 2.5 -0.5
v -0.2 2.6 -0.5
v -0.1 2.5 -0.5
v -0.1 2.6 -0.5
v 0.3 3.1 -0.5
v 0.3 3.2 -0.5
v 0.3 3.3 -0.5
v 0.4 3.1 -0.5
v 0.4 3.2 -0.5
v 0.4 3.3 -0.5
v 0.4 5.6 -0.5
v 0.4 5.7 -0.5
v -1.6 4.6 -0.6
v -1.6 4.7 -0.6
v -1.6 4.8 -0.6
v -1.5 4.6 -0.6
v -1.5 4.8 -0.6
v -1.2 0.2 -0.6
v -1.2 0.3 -0.6
v -1.1 0 -0.6
v -1.1 0.1 -0.6
v -1.1 0.2 -0.6
v -1 0 -0.6
v -1 0.1 -0.6
v -1 0.2 -0.6
v -1 0.3 -0.6
v -0.9 0 -0.6
v -0.9 0.1 -0.6
v -0.9 0.2 -0.6
v -0.9 0.3 -0.6
v -0.9 0.4 -0.6
v -0.8 0 -0.6
v -0.8 0.1 -0.6
v -0.8 0.3 -0.6
v -0.8 2.2 -0.6
v -0.8 2.3 -0.6
v -0.7 0.3 -0.6
v -0.7 0.4 -0.6
v -0.7 1.9 -0.6
v -0.7 2.1 -0.6
v -0.7 2.2 -0.6
v -0.7 2.3 -0.6
v -0.7 2.7 -0.6
v -0.7 2.8 -0.6
v -0.6 1.9 -0.6
v -0.6 2.1 -0.6
v -0.6 2.7 -0.6
v -0.6 2.8 -0.6
v -0.6 2.9 -0.6
v -0.6 3 -0.6
v -0.5 2 -0.6
v -0.5 2.2 -0.6
v -0.5 2.9 -0.6
v -0.5 3 -0.6
v -0.4 2 -0.6
v -0.4 5.4 -0.6
v -0.4 5.5 -0.6
v -0.3 1.9 -0.6
v -0.3 2 -0.6
v -0.3 2.1 -0.6
v -0.3 2.3 -0.6
v -0.3 2.5 -0.6
v -0.2 1.9 -0.6
v -0.2 2.1 -0.6
v -0.2 2.3 -0.6
v -0.2 2.4 -0.6
v -0.2 2.5 -0.6
v -0.1 2.4 -0.6
v -0.1 2.5 -0.6
v 0.2 0.1 -0.6
v 0.2 0.2 -0.6
v 0.3 0.1 -0.6
v 0.3 0.2 -0.6
v 0.3 5.4 -0.6
v 0.3 5.5 -0.6
v 0.5 0.1 -0.6
v 0.5 0.2 -0.6
v 0.6 0.1 -0.6
v 0.6 0.2 -0.6
v -1.6 0 -0.7
v -1.6 0.1 -0.7
v -1.5 0.1 -0.7
v -1.5 0.2 -0.7
v -1.5 4.6 -0.7
v -1.5 4.7 -0.7
v -1.4 0 -0.7
v -1.4 0.2 -0.7
v -1.4 0.3 -0.7
v -1.3 0.2 -0.7
v -1.3 4.6 -0.7
v -1.3 4.7 -0.7
v -1.2 0.2 -0.7
v -1.2 0.3 -0.7
v -1.1 0.3 -0.7
v -1.1 0.4 -0.7
v -1 0.3 -0.7
v -1 0.4 -0.7
v -1 0.5 -0.7
v -0.9 0.3 -0.7
v -0.9 0.4 -0.7
v -0.9 0.9 -0.7
v -0.9 1 -0.7
v -0.9 1.1 -0.7
v -0.9 1.6 -0.7
v -0.9 1.7 -0.7
v -0.9 1.8 -0.7
v -0.9 2.1 -0.7
v -0.8 1.7 -0.7
v -0.8 1.8 -0.7
v -0.8 2.1 -0.7
v -0.8 2.2 -0.7
v -0.8 2.3 -0.7
v -0.8 2.4 -0.7
v -0.8 2.6 -0.7
v -0.7 0.3 -0.7
v -0.7 0.4 -0.7
v -0.7 0.5 -0.7
v -0.7 1.4 -0.7
v -0.7 1.6 -0.7
v -0.7 1.7 -0.7
v -0.7 1.9 -0.7
v -0.7 2.1 -0.7
v -0.7 2.2 -0.7
v -0.7 2.3 -0.7
v -0.7 2.4 -0.7
v -0.7 2.5 -0.7
v -0.7 2.6 -0.7
v -0.6 0.1 -0.7
v -0.6 0.3 -0.7
v -0.6 0.9 -0.7
v -0.6 1 -0.7
v -0.6 1.1 -0.7
v -0.6 1.3 -0.7
v -0.6 1.4 -0.7
v -0.6 1.9 -0.7
v -0.5 0.1 -0.7
v -0.5 0.2 -0.7
v -0.5 0.3 -0.7
v -0.5 0.4 -0.7
v -0.5 1.3 -0.7
v -0.5 1.4 -0.7
v -0.5 1.6 -0.7
v -0.5 1.7 -0.7
v -0.5 3.1 -0.7
v -0.5 3.2 -0.7
v -0.5 3.3 -0.7
v -0.4 0.2 -0.7
v -0.4 0.3 -0.7
v -0.4 1.4 -0.7
v -0.4 1.5 -0.7
v -0.4 1.6 -0.7
v -0.4 1.7 -0.7
v -0.4 1.9 -0.7
v -0.4 3.1 -0.7
v -0.4 3.2 -0.7
v -0.4 3.3 -0.7
v -0.3 1.5 -0.7
v -0.3 1.7 -0.7
v -0.3 1.8 -0.7
v -0.3 1.9 -0.7
v -0.3 2.1 -0.7
v -0.3 2.3 -0.7
v -0.2 1.8 -0.7
v -0.2 1.9 -0.7
v -0.2 2.1 -0.7
v -0.2 2.2 -0.7
v -0.2 2.3 -0.7
v -0.1 2.1 -0.7
v -0.1 2.2 -0.7
v -1.7 0 -0.8
v -1.7 0.1 -0.8
v -1.6 0 -0.8
v -1.6 0.1 -0.8
v -1.6 0.2 -0.8
v -1.5 0.1 -0.8
v -1.5 0.2 -0.8
v -1.3 4.5 -0.8
v -1.3 4.6 -0.8
v -1.3 4.7 -0.8
v -1.2 0.3 -0.8
v -1.2 0.5 -0.8
v -1.2 4.5 -0.8
v -1.2 4.7 -0.8
v -1.1 0.3 -0.8
v -1.1 0.4 -0.8
v -1.1 0.5 -0.8
v -1.1 0.6 -0.8
v -1 0.4 -0.8
v -1 0.5 -0.8
v -1 0.7 -0.8
v -1 0.8 -0.8
v -1 0.9 -0.8
v -1 1 -0.8
v -1 1.1 -0.8
v -1 1.9 -0.8
v -1 2 -0.8
v -0.9 0.5 -0.8
v -0.9 0.6 -0.8
v -0.9 0.7 -0.8
v -0.9 0.8 -0.8
v -0.9 0.9 -0.8
v -0.9 1 -0.8
v -0.9 1.1 -0.8
v -0.9 1.3 -0.8
v -0.9 1.6 -0.8
v -0.9 1.7 -0.8
v -0.9 1.8 -0.8
v -0.9 1.9 -0.8
v -0.9 2 -0.8
v -0.9 2.1 -0.8
v -0.9 2.2 -0.8
v -0.8 0.5 -0.8
v -0.8 0.6 -0.8
v -0.8 1.1 -0.8
v -0.8 1.2 -0.8
v -0.8 1.3 -0.8
v -0.8 1.7 -0.8
v -0.8 1.8 -0.8
v -0.8 2.1 -0.8
v -0.8 2.2 -0.8
v -0.7 1.2 -0.8
v -0.7 1.3 -0.8
v -0.7 1.4 -0.8
v -0.7 1.6 -0.8
v -0.7 1.7 -0.8
v -0.6 0.8 -0.8
v -0.6 0.9 -0.8
v -0.6 1 -0.8
v -0.6 1.1 -0.8
v -0.6 1.2 -0.8
v -0.6 1.3 -0.8
v -0.6 1.4 -0.8
v -0.5 1 -0.8
v -0.5 1.1 -0.8
v -0.5 1.2 -0.8
v -0.5 1.3 -0.8
v -0.5 1.4 -0.8
v -0.5 1.6 -0.8
v -0.5 1.7 -0.8
v -0.4 1.1 -0.8
v -0.4 1.3 -0.8
v -0.4 1.4 -0.8
v -0.4 1.5 -0.8
v -0.3 1.3 -0.8
v -0.3 1.4 -0.8
v -0.3 1.5 -0.8
v -0.2 1.4 -0.8
v -0.2 1.5 -0.8
v -0.2 2.2 -0.8
v -0.2 2.3 -0.8
v -0.1 2.2 -0.8
v -0.1 2.3 -0.8
v -1.3 0.3 -0.9
v -1.3 0.4 -0.9
v -1.2 0.3 -0.9
v -1.2 0.4 -0.9
v -1.2 0.5 -0.9
v -1.2 0.6 -0.9
v -1.2 4.5 -0.9
v -1.2 4.6 -0.9
v -1.1 0.5 -0.9
v -1.1 0.6 -0.9
v -1.1 0.7 -0.9
v -1.1 0.8 -0.9
v -1.1 0.9 -0.9
v -1.1 1 -0.9
v -1 0.7 -0.9
v -1 0.8 -0.9
v -1 0.9 -0.9
v -1 1 -0.9
v -1 1.1 -0.9
v -1 1.2 -0.9
v -1 4.5 -0.9
v -1 4.6 -0.9
v -0.9 0 -0.9
v -0.9 0.1 -0.9
v -0.9 0.6 -0.9
v -0.9 0.7 -0.9
v -0.9 1.1 -0.9
v -0.9 1.2 -0.9
v -0.9 1.3 -0.9
v -0.8 0 -0.9
v -0.8 0.1 -0.9
v -0.8 0.5 -0.9
v -0.8 0.6 -0.9
v -0.8 0.7 -0.9
v -0.8 1.1 -0.9
v -0.8 1.2 -0.9
v -0.8 1.3 -0.9
v -0.7 0 -0.9
v -0.7 0.1 -0.9
v -0.7 0.4 -0.9
v -0.7 0.5 -0.9
v -0.7 0.6 -0.9
v -0.6 0 -0.9
v -0.6 0.1 -0.9
v -0.6 0.4 -0.9
v -0.6 0.5 -0.9
v -0.6 0.9 -0.9
v -0.6 1 -0.9
v -0.5 0.1 -0.9
v -0.5 0.2 -0.9
v -0.5 0.3 -0.9
v -0.5 0.4 -0.9
v -0.5 0.9 -0.9
v -0.5 1 -0.9
v -0.4 0.1 -0.9
v -0.4 0.2 -0.9
v -0.4 0.3 -0.9
v -0.4 0.4 -0.9
v -0.3 1.5 -0.9
v -0.3 1.6 -0.9
v -0.2 1.5 -0.9
v -0.2 1.6 -0.9
v -0.2 1.9 -0.9
v -0.2 2.1 -0.9
v -0.1 1.9 -0.9
v -0.1 2.1 -0.9
v -1.1 0.7 -1
v -1.1 0.8 -1
v -1 0.7 -1
v -1 0.8 -1
v -1 1.8 -1
v -1 1.9 -1
v -1 4.4 -1
v -1 4.5 -1
v -0.9 0.7 -1
v -0.9 0.8 -1
v -0.9 1.8 -1
v -0.9 4.4 -1
v -0.9 4.5 -1
v -0.9 4.7 -1
v -0.8 0 -1
v -0.8 0.1 -1
v -0.8 0.6 -1
v -0.8 0.7 -1
v -0.8 1.8 -1
v -0.8 1.9 -1
v -0.8 4.5 -1
v -0.8 4.7 -1
v -0.8 4.8 -1
v -0.7 0 -1
v -0.7 0.1 -1
v -0.7 0.5 -1
v -0.7 0.6 -1
v -0.7 0.7 -1
v -0.7 0.8 -1
v -0.7 4.7 -1
v -0.7 4.8 -1
v -0.6 0 -1
v -0.6 0.1 -1
v -0.6 0.5 -1
v -0.6 0.6 -1
v -0.6 0.7 -1
v -0.6 0.8 -1
v -0.6 0.9 -1
v -0.5 0 -1
v -0.5 0.1 -1
v -0.5 0.5 -1
v -0.5 0.6 -1
v -0.5 0.8 -1
v -0.5 0.9 -1
v -0.5 1 -1
v -0.5 1.1 -1
v -0.4 1 -1
v -0.4 1.1 -1
v -0.3 1.6 -1
v -0.3 1.7 -1
v -0.2 1.6 -1
v -0.2 1.7 -1
v -1.1 0.1 -1.1
v -1.1 0.2 -1.1
v -1.1 0.5 -1.1
v -1.1 0.6 -1.1
v -1.1 0.8 -1.1
v -1.1 0.9 -1.1
v -1 0 -1.1
v -1 0.1 -1.1
v -1 0.2 -1.1
v -1 0.5 -1.1
v -1 0.6 -1.1
v -1 0.8 -1.1
v -1 0.9 -1.1
v -0.9 0 -1.1
v -0.9 0.1 -1.1
v -0.7 0.7 -1.1
v -0.7 0.8 -1.1
v -0.6 0.4 -1.1
v -0.6 0.5 -1.1
v -0.6 0.6 -1.1
v -0.6 0.7 -1.1
v -0.6 0.8 -1.1
v -0.5 0 -1.1
v -0.5 0.4 -1.1
v -0.5 0.5 -1.1
v -0.5 0.6 -1.1
v -0.5 0.7 -1.1
v -0.4 0 -1.1
v -0.4 0.4 -1.1
v -1.3 0.5 -1.2
v -1.3 0.7 -1.2
v -1.2 0.5 -1.2
v -1.2 0.6 -1.2
v -1.2 0.7 -1.2
v -1.1 0.6 -1.2
v -1.1 0.7 -1.2
v -1.1 0.8 -1.2
v -1 0.7 -1.2
v -1 0.8 -1.2
v -0.6 0.5 -1.2
v -0.6 0.6 -1.2
v -0.5 0.5 -1.2
v -0.5 0.6 -1.2
v -1.2 0.4 -1.3
v -1.2 0.5 -1.3
v -1.1 0.4 -1.3
v -1.1 0.5 -1.3
v -1 0 -1.3
v -1 0.1 -1.3
v -0.9 0 -1.3
v -0.9 0.1 -1.3
v -0.5 0.2 -1.3
v -0.5 0.6 -1.3
v -0.4 0.2 -1.3
v -0.4 0.6 -1.3
v -0.6 0.1 -1.4
v -0.6 0.2 -1.4
v -0.6 0.6 -1.4
v -0.6 0.7 -1.4
v -0.5 0.1 -1.4
v -0.5 0.2 -1.4
v -0.5 0.6 -1.4
v -0.5 0.7 -1.4
v -0.7 0.1 -1.5
v -0.7 0.2 -1.5
v -0.6 0.1 -1.5
v -0.6 0.2 -1.5
v -0.4 0.2 -1.5
v -0.4 0.4 -1.5
v -0.3 0.2 -1.5
v -0.3 0.4 -1.5
v -0.5 0 -1.6
v -0.5 0.1 -1.6
v -0.5 0.2 -1.6
v -0.5 0.4 -1.6
v -0.5 0.5 -1.6
v -0.4 0 -1.6
v -0.4 0.2 -1.6
v -0.4 0.4 -1.6
v -0.4 0.5 -1.6
v -0.3 0.1 -1.6
v -0.3 0.2 -1.6
v -0.3 0.3 -1.6
v -0.2 0.1 -1.6
v -0.2 0.3 -1.6
v -0.4 0.1 -1.7
v -0.4 0.2 -1.7
v -0.3 0.1 -1.7
v -0.3 0.2 -1.7
v -0.4 0 -1.8
v -0.4 0.1 -1.8
v -0.4 0.3 -1.8
v -0.4 0.4 -1.8
v -0.3 0.1 -1.8
v -0.3 0.2 -1.8
v -0.3 0.3 -1.8
v -0.3 0.4 -1.8
v -0.2 0 -1.8
v -0.2 0.1 -1.8
v -0.2 0.2 -1.8
v -0.1 0.1 -1.8
v -0.1 0.2 -1.8
v -0.2 0 -2
v -0.2 0.1 -2
v -0.1 0 -2
v -0.1 0.1 -2
v -2 4.4 2.2
v -2 4.9 2.2
v -1.9 4.3 2.2
v -1.9 4.4 2.2
v -1.9 4.9 2.2
v -1.9 5 2.2
v -1.8 4.2 2.2
v -1.8 4.3 2.2
v -1.8 4.4 2.2
v -1.8 4.9 2.2
v -1.8 5 2.2
v -1.4 5 2.2
v -1.4 5.1 2.2
v -1.3 4.2 2.2
v -1.3 4.3 2.2
v -1.3 4.4 2.2
v -1.3 4.9 2.2
v -1.3 5 2.2
v -1.3 5.1 2.2
v -1.2 4.3 2.2
v -1.2 4.4 2.2
v -1.2 4.5 2.2
v -1.2 4.8 2.2
v -1.2 4.9 2.2
v -1.2 5 2.2
v -1.1 4.4 2.2
v -1.1 4.5 2.2
v -1.1 4.8 2.2
v -1.1 4.9 2.2
v -1 4.5 2.2
v -1 4.8 2.2
v -1.3 4.8 2
v -1.3 4.9 2
v -1.2 4.8 2
v -1.2 4.9 2
v -1.5 5 1.6
v -1.5 5.1 1.6
v -1.4 5 1.6
v -1.4 5.1 1.6
v -1.9 4.4 1.3
v -1.9 4.5 1.3
v -1.9 4.8 1.3
v -1.9 4.9 1.3
v -1.8 4.4 1.3
v -1.8 4.5 1.3
v -1.8 4.8 1.3
v -1.8 4.9 1.3
v -1.8 5 1.3
v -1.7 4.9 1.3
v -1.7 5 1.3
v -1.7 5.1 1.3
v -1.6 5 1.3
v -1.6 5.1 1.3
v -1.2 4.7 1.3
v -1.2 4.8 1.3
v -1.1 4.7 1.3
v -1.1 4.8 1.3
v -2 4.6 1.2
v -2 4.7 1.2
v -1.9 4.6 1.2
v -1.9 4.7 1.2
v -1.9 4.8 1.2
v -1.8 4.3 1.2
v -1.8 4.5 1.2
v -1.8 4.7 1.2
v -1.8 4.8 1.2
v -1.8 4.9 1.2
v -1.7 4.4 1.2
v -1.7 4.5 1.2
v -1.7 4.7 1.2
v -1.7 4.9 1.2
v -1.7 5 1.2
v -1.6 4.3 1.2
v -1.6 4.4 1.2
v -1.6 4.9 1.2
v -1.6 5 1.2
v -1.6 5.1 1.2
v -1.5 4.3 1.2
v -1.5 4.4 1.2
v -1.5 4.9 1.2
v -1.5 5 1.2
v -1.5 5.1 1.2
v -1.3 4.3 1.2
v -1.3 4.4 1.2
v -1.3 4.5 1.2
v -1.3 4.8 1.2
v -1.3 4.9 1.2
v -1.3 5 1.2
v -1.2 4.4 1.2
v -1.2 4.5 1.2
v -1.2 4.7 1.2
v -1.2 4.8 1.2
v -1.2 4.9 1.2
v -1.1 4.5 1.2
v -1.1 4.7 1.2
v -1.9 4.5 1.1
v -1.9 4.7 1.1
v -1.8 4.5 1.1
v -1.8 4.7 1.1
v -1.7 4.4 1.1
v -1.7 4.5 1.1
v -1.6 4.3 1.1
v -1.6 4.4 1.1
v -1.5 4.3 1.1
v -1.5 4.4 1.1
v -1.3 4.4 1.1
v -1.3 4.5 1.1
v -1.3 4.8 1.1
v -1.2 4.5 1.1
v -1.2 4.8 1.1
v -2 4.7 1
v -2 4.8 1
v -1.9 4.7 1
v -1.9 4.8 1
v -1.8 4.5 1
v -1.8 4.8 1
v -1.7 4.5 1
v -1.7 4.8 1
v -1.6 4.2 1
v -1.6 4.3 1
v -1.6 4.8 1
v -1.6 4.9 1
v -1.5 4.2 1
v -1.5 4.3 1
v -1.4 4.8 1
v -1.3 4.8 1
v -1.3 4.9 1
v -0.8 5.9 1
v -0.8 6.1 1
v -0.7 5.8 1
v -0.7 5.9 1
v -0.7 6.1 1
v -0.7 6.2 1
v -0.7 6.4 1
v -0.6 5.8 1
v -0.6 5.9 1
v -0.6 6.1 1
v -0.6 6.2 1
v -0.6 6.4 1
v -0.5 5.9 1
v -0.5 6.1 1
v 0.4 5.5 1
v 0.4 5.6 1
v 0.5 5.4 1
v 0.5 5.5 1
v 0.5 5.6 1
v 0.6 5.4 1
v 0.6 5.5 1
v 0.6 5.6 1
v 0.7 5.5 1
v 0.7 5.6 1
v 1.1 0 1
v 1.1 0.1 1
v 1.2 0.1 1
v 1.3 0 1
v 1.3 0.1 1
v -2.1 4.8 0.9
v -2.1 4.9 0.9
v -2 4.8 0.9
v -2 4.9 0.9
v -1.6 5 0.9
v -1.6 5.1 0.9
v -1.5 5.1 0.9
v -1.4 5 0.9
v -1.4 5.1 0.9
v -0.7 5.9 0.9
v -0.7 6.1 0.9
v -0.6 5.9 0.9
v -0.6 6.1 0.9
v 0.4 5.6 0.9
v 0.4 5.7 0.9
v 0.5 5.5 0.9
v 0.5 5.6 0.9
v 0.5 5.7 0.9
v 0.6 5.5 0.9
v 0.6 5.6 0.9
v 0.6 5.7 0.9
v 0.7 5.6 0.9
v 0.7 5.7 0.9
v -1.7 4.4 0.8
v -1.7 4.5 0.8
v -1.6 4.1 0.8
v -1.6 4.2 0.8
v -1.6 4.4 0.8
v -1.6 4.5 0.8
v -1.5 5.1 0.8
v -1.5 5.2 0.8
v -1.4 4.1 0.8
v -1.4 4.2 0.8
v -1.4 5.1 0.8
v -1.4 5.2 0.8
v -0.7 6.4 0.8
v -0.7 6.5 0.8
v -0.6 6.4 0.8
v -0.6 6.5 0.8
v 0.5 5.6 0.8
v 0.5 5.8 0.8
v 0.6 5.6 0.8
v 0.6 5.8 0.8
v 1.1 0 0.8
v 1.1 0.1 0.8
v 1.2 0 0.8
v 1.2 0.1 0.8
v -2.2 4.9 0.7
v -2.2 5.1 0.7
v -2.1 4.9 0.7
v -2.1 5.1 0.7
v -1.3 4.7 0.7
v -1.3 4.8 0.7
v -1.2 4.7 0.7
v -1.2 4.8 0.7
v 0.5 5.8 0.7
v 0.5 5.9 0.7
v 0.6 0 0.7
v 0.6 0.1 0.7
v 0.6 5.8 0.7
v 0.6 5.9 0.7
v 0.8 0.1 0.7
v 0.8 0.2 0.7
v 1 0.1 0.7
v 1 0.2 0.7
v 1.1 0 0.7
v 1.1 0.1 0.7
v -2.2 5.1 0.6
v -2.2 5.2 0.6
v -2.1 5.1 0.6
v -2.1 5.2 0.6
v -1.8 4.5 0.6
v -1.8 4.6 0.6
v -1.7 4.3 0.6
v -1.7 4.4 0.6
v -1.7 4.5 0.6
v -1.7 4.6 0.6
v -1.7 4.8 0.6
v -1.7 5 0.6
v -1.6 4.3 0.6
v -1.6 4.4 0.6
v -1.6 4.8 0.6
v -1.6 5 0.6
v -1.5 5.2 0.6
v -1.5 5.4 0.6
v -1.4 4.1 0.6
v -1.4 4.2 0.6
v -1.4 5.2 0.6
v -1.4 5.3 0.6
v -1.4 5.4 0.6
v -1.3 4.1 0.6
v -1.2 4.1 0.6
v -1.2 4.2 0.6
v -1.2 4.7 0.6
v -1.2 4.8 0.6
v -1.1 4.8 0.6
v -1 4.7 0.6
v -1 4.8 0.6
v 0.5 0 0.6
v 0.5 0.1 0.6
v 0.5 5.9 0.6
v 0.5 6 0.6
v 0.6 0 0.6
v 0.6 0.1 0.6
v 0.6 0.5 0.6
v 0.6 0.6 0.6
v 0.6 5.9 0.6
v 0.6 6 0.6
v 0.7 0.1 0.6
v 0.7 0.2 0.6
v 0.7 0.5 0.6
v 0.7 0.6 0.6
v 0.8 0.1 0.6
v 0.8 0.2 0.6
v 0.8 0.5 0.6
v 0.8 0.6 0.6
v 1 3.4 0.6
v 1 3.5 0.6
v 1.1 3.4 0.6
v 1.1 3.5 0.6
v -1.8 4.6 0.5
v -1.8 4.8 0.5
v -1.7 4.5 0.5
v -1.7 4.6 0.5
v -1.7 4.8 0.5
v -1.6 4.4 0.5
v -1.6 4.5 0.5
v -1.6 4.6 0.5
v -1.6 4.9 0.5
v -1.6 5 0.5
v -1.5 4.4 0.5
v -1.5 4.5 0.5
v -1.5 4.9 0.5
v -1.5 5 0.5
v -1.4 4.4 0.5
v -1.4 4.5 0.5
v -1.3 4 0.5
v -1.3 4.1 0.5
v -1.3 4.4 0.5
v -1.3 4.5 0.5
v -1.2 4 0.5
v -1.1 4 0.5
v -1.1 4.1 0.5
v -1.1 4.8 0.5
v -1.1 4.9 0.5
v -1 4.9 0.5
v -1 5 0.5
v -0.9 4.8 0.5
v -0.9 5 0.5
v -0.6 6.5 0.5
v -0.6 6.6 0.5
v -0.5 6.5 0.5
v -0.5 6.6 0.5
v 0.4 6.1 0.5
v 0.4 6.2 0.5
v 0.5 6 0.5
v 0.5 6.1 0.5
v 0.5 6.2 0.5
v 0.6 6 0.5
v 0.6 6.1 0.5
v 1 0 0.5
v 1 0.3 0.5
v 1 0.5 0.5
v 1 3.5 0.5
v 1 3.6 0.5
v 1.1 0.4 0.5
v 1.1 0.5 0.5
v 1.1 3.4 0.5
v 1.1 3.5 0.5
v 1.1 3.6 0.5
v 1.2 0.1 0.5
v 1.2 0.3 0.5
v 1.2 0.4 0.5
v 1.2 3.4 0.5
v 1.2 3.5 0.5
v 1.3 0 0.5
v 1.3 0.1 0.5
v 1.3 0.2 0.5
v 1.3 0.3 0.5
v 1.3 0.4 0.5
v 1.4 0.2 0.5
v 1.4 0.3 0.5
v 1.5 0 0.5
v 1.5 0.2 0.5
v -2.2 5.2 0.4
v -2.2 5.3 0.4
v -2.1 5.2 0.4
v -2.1 5.3 0.4
v -1.7 4.2 0.4
v -1.7 4.3 0.4
v -1.7 4.7 0.4
v -1.7 4.9 0.4
v -1.6 4.2 0.4
v -1.6 4.3 0.4
v -1.6 4.5 0.4
v -1.6 4.6 0.4
v -1.6 4.7 0.4
v -1.6 4.9 0.4
v -1.5 4.5 0.4
v -1.5 4.6 0.4
v -1.2 3.9 0.4
v -1.2 4 0.4
v -1.2 4.5 0.4
v -1.2 4.6 0.4
v -1.1 3.9 0.4
v -1.1 4 0.4
v -1.1 4.5 0.4
v -1.1 4.6 0.4
v -1.1 5 0.4
v -1.1 5.1 0.4
v -0.9 5 0.4
v -0.9 5.1 0.4
v -0.5 5.6 0.4
v -0.5 5.7 0.4
v -0.5 6.4 0.4
v -0.5 6.6 0.4
v -0.4 5.5 0.4
v -0.4 5.6 0.4
v -0.4 6.4 0.4
v -0.4 6.5 0.4
v -0.4 6.6 0.4
v -0.3 5.5 0.4
v -0.3 5.6 0.4
v 0.2 5.5 0.4
v 0.2 5.6 0.4
v 0.3 5.5 0.4
v 0.3 5.6 0.4
v 0.3 6.2 0.4
v 0.3 6.3 0.4
v 0.4 5.6 0.4
v 0.4 5.7 0.4
v 0.4 6.2 0.4
v 0.4 6.3 0.4
v 0.5 5.6 0.4
v 0.5 5.7 0.4
v 0.9 0 0.4
v 0.9 0.1 0.4
v 0.9 0.5 0.4
v 0.9 0.7 0.4
v 1 0 0.4
v 1 0.1 0.4
v 1 0.5 0.4
v 1 0.7 0.4
v 1 3.9 0.4
v 1 4 0.4
v 1.1 3.5 0.4
v 1.1 3.6 0.4
v 1.1 3.9 0.4
v 1.2 3.5 0.4
v 1.2 3.6 0.4
v 1.2 3.9 0.4
v 1.2 4 0.4
v -2.1 5.3 0.3
v -2.1 5.4 0.3
v -2 5.3 0.3
v -2 5.4 0.3
v -2 5.5 0.3
v -1.9 5.3 0.3
v -1.9 5.4 0.3
v -1.9 5.5 0.3
v -1.8 4.6 0.3
v -1.8 4.7 0.3
v -1.7 4.3 0.3
v -1.7 4.4 0.3
v -1.6 4.4 0.3
v -1.6 4.5 0.3
v -1.6 4.6 0.3
v -1.6 4.7 0.3
v -1.5 4.3 0.3
v -1.5 4.4 0.3
v -1.5 4.5 0.3
v -1.5 4.6 0.3
v -1.4 4.4 0.3
v -1.4 4.5 0.3
v -1.4 4.6 0.3
v -1.4 5 0.3
v -1.4 5.1 0.3
v -1.4 5.3 0.3
v -1.4 5.4 0.3
v -1.3 5 0.3
v -1.3 5.1 0.3
v -1.3 5.3 0.3
v -1.3 5.4 0.3
v -1.2 4 0.3
v -1.2 4.1 0.3
v -1.1 4 0.3
v -1.1 4.1 0.3
v -1.1 4.5 0.3
v -1.1 4.6 0.3
v -1 4.5 0.3
v -1 4.6 0.3
v -0.9 5.3 0.3
v -0.9 5.5 0.3
v -0.8 5.2 0.3
v -0.8 5.3 0.3
v -0.8 5.5 0.3
v -0.6 5.6 0.3
v -0.6 5.7 0.3
v -0.5 5.2 0.3
v -0.5 5.3 0.3
v -0.5 5.4 0.3
v -0.5 5.6 0.3
v -0.5 5.7 0.3
v -0.4 5.3 0.3
v -0.4 5.4 0.3
v -0.4 5.5 0.3
v -0.4 6.4 0.3
v -0.4 6.5 0.3
v -0.3 6.4 0.3
v -0.3 6.5 0.3
v 0.2 6.2 0.3
v 0.2 6.3 0.3
v 0.3 0.3 0.3
v 0.3 0.4 0.3
v 0.3 5.2 0.3
v 0.3 5.3 0.3
v 0.3 5.4 0.3
v 0.3 5.5 0.3
v 0.3 6.2 0.3
v 0.3 6.3 0.3
v 0.4 0.3 0.3
v 0.4 0.4 0.3
v 0.4 5.2 0.3
v 0.4 5.3 0.3
v 0.4 5.4 0.3
v 0.5 0 0.3
v 0.5 0.1 0.3
v 0.6 0 0.3
v 0.6 0.1 0.3
v 0.6 5.2 0.3
v 0.6 5.3 0.3
v 0.7 5.3 0.3
v 0.7 5.5 0.3
v 0.8 5.3 0.3
v 0.8 5.5 0.3
v 0.9 0.7 0.3
v 0.9 0.8 0.3
v 0.9 0.9 0.3
v 0.9 3.1 0.3
v 0.9 3.2 0.3
v 1 0.7 0.3
v 1 0.8 0.3
v 1 0.9 0.3
v 1 3 0.3
v 1 3.1 0.3
v 1 3.2 0.3
v 1.1 3 0.3
v 1.1 3.1 0.3
v 1.1 3.6 0.3
v 1.1 3.7 0.3
v 1.2 3.6 0.3
v 1.2 3.7 0.3
v -2 4.6 0.2
v -2 4.7 0.2
v -1.9 5.4 0.2
v -1.9 5.5 0.2
v -1.8 4.6 0.2
v -1.8 4.7 0.2
v -1.8 5.4 0.2
v -1.8 5.5 0.2
v -1.6 4.6 0.2
v -1.6 4.9 0.2
v -1.5 4.6 0.2
v -1.5 4.8 0.2
v -1.5 4.9 0.2
v -1.5 5 0.2
v -1.4 4.4 0.2
v -1.4 4.5 0.2
v -1.4 4.9 0.2
v -1.3 4.4 0.2
v -1.3 4.5 0.2
v -1.3 4.9 0.2
v -1.3 5 0.2
v -1.3 5.2 0.2
v -1.3 5.3 0.2
v -1.3 5.4 0.2
v -1.2 4.4 0.2
v -1.2 4.5 0.2
v -1.2 5.2 0.2
v -1.2 5.3 0.2
v -1.2 5.4 0.2
v -1 5 0.2
v -1 5.1 0.2
v -0.9 5 0.2
v -0.9 5.1 0.2
v -0.8 5.3 0.2
v -0.8 5.6 0.2
v -0.7 5.4 0.2
v -0.7 5.6 0.2
v -0.6 5.3 0.2
v -0.5 5.3 0.2
v -0.5 5.4 0.2
v -0.4 6.2 0.2
v -0.4 6.4 0.2
v -0.3 6.2 0.2
v -0.3 6.3 0.2
v -0.3 6.4 0.2
v -0.2 6.2 0.2
v -0.2 6.3 0.2
v 0.0999999 6.1 0.2
v 0.0999999 6.2 0.2
v 0.2 1.2 0.2
v 0.2 1.4 0.2
v 0.2 6.1 0.2
v 0.2 6.2 0.2
v 0.3 1.2 0.2
v 0.3 1.4 0.2
v 0.4 0.1 0.2
v 0.4 0.2 0.2
v 0.4 5.3 0.2
v 0.4 5.5 0.2
v 0.5 0.1 0.2
v 0.5 0.2 0.2
v 0.5 5.3 0.2
v 0.5 5.5 0.2
v 0.5 5.6 0.2
v 0.6 0 0.2
v 0.6 0.1 0.2
v 0.6 5.6 0.2
v 0.7 0 0.2
v 0.7 0.1 0.2
v 0.7 1 0.2
v 0.7 1.1 0.2
v 0.7 5.3 0.2
v 0.7 5.6 0.2
v 0.8 0.5 0.2
v 0.8 0.9 0.2
v 0.8 1 0.2
v 0.8 1.1 0.2
v 0.8 1.3 0.2
v 0.8 1.5 0.2
v 0.9 0.4 0.2
v 0.9 0.5 0.2
v 0.9 0.9 0.2
v 0.9 1 0.2
v 0.9 1.3 0.2
v 0.9 1.5 0.2
v 1 0.4 0.2
v 1 0.5 0.2
v 1.1 3.8 0.2
v 1.1 3.9 0.2
v 1.2 3.8 0.2
v 1.2 3.9 0.2
v 1.2 4 0.2
v 1.3 3.8 0.2
v 1.3 3.9 0.2
v 1.3 4 0.2
v 1.4 3.8 0.2
v 1.4 3.9 0.2
v -2.1 4.7 0.1
v -2.1 4.8 0.1
v -2.1 5.2 0.1
v -2.1 5.3 0.1
v -2 4.7 0.1
v -2 4.8 0.1
v -2 5.2 0.1
v -2 5.3 0.1
v -1.8 5.5 0.1
v -1.8 5.6 0.1
v -1.7 5.5 0.1
v -1.7 5.6 0.1
v -1.5 4.6 0.1
v -1.5 4.7 0.1
v -1.4 4.6 0.1
v -1.4 4.7 0.1
v -1.1 4 0.1
v -1.1 4.2 0.1
v -1 4 0.1
v -1 4.2 0.1
v -0.6 5.5 0.1
v -0.6 5.6 0.1
v -0.5 5.4 0.1
v -0.5 5.5 0.1
v -0.4 5.4 0.1
v -0.4 5.6 0.1
v -0.3 6.1 0.1
v -0.3 6.2 0.1
v -0.2 6.1 0.1
v -0.2 6.2 0.1
v 0.2 1.4 0.1
v 0.2 1.5 0.1
v 0.2 1.9 0.1
v 0.2 2 0.1
v 0.3 1.1 0.1
v 0.3 1.2 0.1
v 0.3 1.4 0.1
v 0.3 1.9 0.1
v 0.3 2 0.1
v 0.3 5.4 0.1
v 0.3 5.6 0.1
v 0.4 0.9 0.1
v 0.4 1 0.1
v 0.4 1.1 0.1
v 0.4 1.2 0.1
v 0.4 1.5 0.1
v 0.4 5.4 0.1
v 0.4 5.5 0.1
v 0.5 0.9 0.1
v 0.5 1 0.1
v 0.5 1.1 0.1
v 0.5 1.2 0.1
v 0.5 5.5 0.1
v 0.5 5.6 0.1
v 0.6 1.1 0.1
v 0.6 1.2 0.1
v 0.7 0.8 0.1
v 0.7 1 0.1
v 0.7 1.1 0.1
v 0.7 4.3 0.1
v 0.7 4.4 0.1
v 0.8 0 0.1
v 0.8 0.1 0.1
v 0.8 0.8 0.1
v 0.8 1 0.1
v 0.8 1.1 0.1
v 0.8 1.2 0.1
v 0.8 1.7 0.1
v 0.8 1.8 0.1
v 0.8 4.3 0.1
v 0.8 4.4 0.1
v 0.9 0 0.1
v 0.9 0.1 0.1
v 0.9 1.7 0.1
v 0.9 1.8 0.1
v 1 3.1 0.1
v 1 3.2 0.1
v 1.1 3.2 0.1
v 1.1 3.3 0.1
v 1.1 3.4 0.1
v 1.2 3.2 0.1
v 1.2 3.3 0.1
v 1.2 3.4 0.1
v 1.2 3.8 0.1
v 1.2 3.9 0.1
v 1.3 3.1 0.1
v 1.3 3.2 0.1
v 1.3 3.8 0.1
v 1.3 3.9 0.1
v -2.1 4.8 0
v -2.1 4.9 0
v -2.1 5.1 0
v -2.1 5.2 0
v -2 4.8 0
v -2 4.9 0
v -2 5.1 0
v -2 5.2 0
v -1.7 5.5 0
v -1.7 5.6 0
v -1.6 5.5 0
v -1.6 5.6 0
v -1.5 4.7 0
v -1.5 4.9 0
v -1.4 4.5 0
v -1.4 4.6 0
v -1.4 4.7 0
v -1.4 4.8 0
v -1.4 4.9 0
v -1.2 4.5 0
v -1.2 4.6 0
v -1.1 4.2 0
v -1.1 4.3 0
v -1 4.2 0
v -1 4.3 0
v -0.9 5 0
v -0.9 5.1 0
v -0.8 5 0
v -0.8 5.1 0
v -2.38419e-07 2.1 0
v -2.38419e-07 2.2 0
v -2.38419e-07 2.3 0
v -2.38419e-07 2.4 0
v 0.0999999 2.1 0
v 0.0999999 2.2 0
v 0.0999999 2.3 0
v 0.0999999 2.4 0
v 0.2 1.5 0
v 0.2 1.6 0
v 0.2 2 0
v 0.2 2.1 0
v 0.3 0.4 0
v 0.3 0.5 0
v 0.3 1.6 0
v 0.3 1.8 0
v 0.3 2 0
v 0.3 2.1 0
v 0.4 0.4 0
v 0.4 0.5 0
v 0.4 0.6 0
v 0.4 0.8 0
v 0.4 0.9 0
v 0.4 1.2 0
v 0.4 1.4 0
v 0.4 1.5 0
v 0.4 1.6 0
v 0.4 1.8 0
v 0.5 0.5 0
v 0.5 0.6 0
v 0.5 0.7 0
v 0.5 0.8 0
v 0.5 0.9 0
v 0.5 1 0
v 0.5 1.1 0
v 0.5 1.2 0
v 0.5 1.3 0
v 0.5 1.4 0
v 0.5 1.5 0
v 0.5 1.6 0
v 0.6 0.6 0
v 0.6 0.7 0
v 0.6 0.8 0
v 0.6 1.1 0
v 0.6 1.2 0
v 0.6 1.6 0
v 0.6 1.7 0
v 0.6 1.9 0
v 0.6 2 0
v 0.7 0 0
v 0.7 0.1 0
v 0.7 0.2 0
v 0.7 0.5 0
v 0.7 0.6 0
v 0.7 0.8 0
v 0.7 1 0
v 0.7 1.3 0
v 0.7 1.4 0
v 0.7 1.5 0
v 0.7 1.6 0
v 0.7 1.7 0
v 0.7 1.8 0
v 0.7 1.9 0
v 0.7 2 0
v 0.8 0 0
v 0.8 0.1 0
v 0.8 0.2 0
v 0.8 0.3 0
v 0.8 0.4 0
v 0.8 0.5 0
v 0.8 0.8 0
v 0.8 1.2 0
v 0.8 1.4 0
v 0.8 1.5 0
v 0.8 1.8 0
v 0.8 1.9 0
v 0.8 2 0
v 0.9 0.1 0
v 0.9 0.3 0
v 0.9 0.4 0
v 0.9 1.8 0
v 0.9 1.9 0
v 1 0.4 0
v 1 0.5 0
v 1.1 3.2 0
v 1.1 3.3 0
v 1.2 3.2 0
v 1.2 3.3 0
v -2.1 4.9 -0.0999999
v -2.1 5.1 -0.0999999
v -2 4.8 -0.0999999
v -2 4.9 -0.0999999
v -2 5.1 -0.0999999
v -1.9 4.8 -0.0999999
v -1.9 4.9 -0.0999999
v -1.6 5.4 -0.0999999
v -1.6 5.5 -0.0999999
v -1.5 5.4 -0.0999999
v -1.5 5.5 -0.0999999
v -1.4 4.6 -0.0999999
v -1.4 4.7 -0.0999999
v -1.4 4.8 -0.0999999
v -1.4 4.9 -0.0999999
v -1.3 4.7 -0.0999999
v -1.3 4.8 -0.0999999
v -1.3 4.9 -0.0999999
v -1.3 5.1 -0.0999999
v -1.2 4.5 -0.0999999
v -1.2 4.6 -0.0999999
v -1.2 4.7 -0.0999999
v -1.2 4.8 -0.0999999
v -1.2 4.9 -0.0999999
v -1.2 5.1 -0.0999999
v -1.2 5.2 -0.0999999
v -1.2 5.3 -0.0999999
v -1.1 4.3 -0.0999999
v -1.1 4.4 -0.0999999
v -1.1 4.5 -0.0999999
v -1.1 4.6 -0.0999999
v -1.1 4.7 -0.0999999
v -1.1 4.8 -0.0999999
v -1 4.3 -0.0999999
v -1 4.4 -0.0999999
v -1 5.1 -0.0999999
v -1 5.2 -0.0999999
v -1 5.3 -0.0999999
v -0.9 5.1 -0.0999999
v -0.9 5.2 -0.0999999
v -2.38419e-07 2.2 -0.0999999
v -2.38419e-07 2.3 -0.0999999
v -2.38419e-07 2.6 -0.0999999
v -2.38419e-07 2.7 -0.0999999
v 0.0999999 2 -0.0999999
v 0.0999999 2.1 -0.0999999
v 0.0999999 2.2 -0.0999999
v 0.0999999 2.3 -0.0999999
v 0.0999999 2.6 -0.0999999
v 0.0999999 2.7 -0.0999999
v 0.2 2 -0.0999999
v 0.2 2.1 -0.0999999
v 0.3 1.8 -0.0999999
v 0.3 2 -0.0999999
v 0.4 1.4 -0.0999999
v 0.4 1.5 -0.0999999
v 0.4 1.6 -0.0999999
v 0.4 1.7 -0.0999999
v 0.4 1.8 -0.0999999
v 0.4 2 -0.0999999
v 0.5 0.5 -0.0999999
v 0.5 0.7 -0.0999999
v 0.5 1.3 -0.0999999
v 0.5 1.4 -0.0999999
v 0.5 1.5 -0.0999999
v 0.5 1.6 -0.0999999
v 0.5 1.7 -0.0999999
v 0.5 1.8 -0.0999999
v 0.5 2.9 -0.0999999
v 0.5 3 -0.0999999
v 0.6 0.1 -0.0999999
v 0.6 0.2 -0.0999999
v 0.6 0.5 -0.0999999
v 0.6 0.6 -0.0999999
v 0.6 0.7 -0.0999999
v 0.6 1.6 -0.0999999
v 0.6 1.7 -0.0999999
v 0.6 1.8 -0.0999999
v 0.6 1.9 -0.0999999
v 0.6 2.7 -0.0999999
v 0.6 2.8 -0.0999999
v 0.6 2.9 -0.0999999
v 0.6 3 -0.0999999
v 0.7 0.1 -0.0999999
v 0.7 0.2 -0.0999999
v 0.7 0.5 -0.0999999
v 0.7 0.6 -0.0999999
v 0.7 1.3 -0.0999999
v 0.7 1.4 -0.0999999
v 0.7 1.5 -0.0999999
v 0.7 1.6 -0.0999999
v 0.7 1.7 -0.0999999
v 0.7 1.8 -0.0999999
v 0.7 1.9 -0.0999999
v 0.7 2 -0.0999999
v 0.7 2.1 -0.0999999
v 0.7 2.3 -0.0999999
v 0.7 2.5 -0.0999999
v 0.7 2.7 -0.0999999
v 0.7 2.8 -0.0999999
v 0.8 1.4 -0.0999999
v 0.8 1.5 -0.0999999
v 0.8 1.8 -0.0999999
v 0.8 1.9 -0.0999999
v 0.8 2 -0.0999999
v 0.8 2.1 -0.0999999
v 0.8 2.3 -0.0999999
v 0.8 2.5 -0.0999999
v 0.9 0 -0.0999999
v 0.9 0.3 -0.0999999
v 0.9 0.4 -0.0999999
v 0.9 1.9 -0.0999999
v 0.9 2 -0.0999999
v 1 0 -0.0999999
v 1 0.3 -0.0999999
v 1 0.4 -0.0999999
v 1.2 3.2 -0.0999999
v 1.2 3.3 -0.0999999
v 1.4 3.2 -0.0999999
v 1.4 3.3 -0.0999999
v -1.5 5.3 -0.2
v -1.5 5.4 -0.2
v -1.4 5.3 -0.2
v -1.4 5.4 -0.2
v -1.2 4.8 -0.2
v -1.2 4.9 -0.2
v -1.2 5.1 -0.2
v -1.2 5.2 -0.2
v -1.1 4.8 -0.2
v -1.1 4.9 -0.2
v -1 4.3 -0.2
v -1 4.5 -0.2
v -1 4.9 -0.2
v -1 5 -0.2
v -1 5.1 -0.2
v -1 5.2 -0.2
v -0.9 4.3 -0.2
v -0.9 4.5 -0.2
v -0.9 5 -0.2
v -0.9 5.1 -0.2
v -0.8 4.2 -0.2
v -0.8 4.3 -0.2
v -0.8 4.4 -0.2
v -0.7 4.2 -0.2
v -0.7 4.3 -0.2
v -0.7 4.4 -0.2
v -0.7 5.4 -0.2
v -0.7 5.6 -0.2
v -0.6 5.4 -0.2
v -0.6 5.6 -0.2
v -0.4 6 -0.2
v -0.4 6.1 -0.2
v 0.0999999 2.1 -0.2
v 0.0999999 2.2 -0.2
v 0.2 2.1 -0.2
v 0.2 2.2 -0.2
v 0.3 6 -0.2
v 0.3 6.1 -0.2
v 0.4 0.4 -0.2
v 0.4 0.5 -0.2
v 0.4 1.7 -0.2
v 0.4 1.8 -0.2
v 0.4 1.9 -0.2
v 0.5 0.4 -0.2
v 0.5 0.5 -0.2
v 0.5 1.7 -0.2
v 0.5 1.8 -0.2
v 0.5 1.9 -0.2
v 0.5 2 -0.2
v 0.5 5.4 -0.2
v 0.5 5.7 -0.2
v 0.6 0.4 -0.2
v 0.6 0.5 -0.2
v 0.6 1.8 -0.2
v 0.6 2 -0.2
v 0.6 2.1 -0.2
v 0.6 5.4 -0.2
v 0.6 5.7 -0.2
v 0.7 0.2 -0.2
v 0.7 0.3 -0.2
v 0.7 0.4 -0.2
v 0.7 2 -0.2
v 0.7 2.1 -0.2
v 0.8 0.2 -0.2
v 0.8 0.3 -0.2
v 0.8 0.5 -0.2
v 1 3.5 -0.2
v 1 3.6 -0.2
v 1.1 3.4 -0.2
v 1.1 3.5 -0.2
v 1.1 3.6 -0.2
v 1.2 3.3 -0.2
v 1.2 3.4 -0.2
v 1.2 3.5 -0.2
v 1.3 3.8 -0.2
v 1.3 3.9 -0.2
v 1.4 3.3 -0.2
v 1.4 3.4 -0.2
v 1.4 3.8 -0.2
v 1.4 3.9 -0.2
v -1.9 4.8 -0.3
v -1.9 4.9 -0.3
v -1.8 4.8 -0.3
v -1.8 4.9 -0.3
v -1.4 5.2 -0.3
v -1.4 5.3 -0.3
v -1.3 5.1 -0.3
v -1.3 5.2 -0.3
v -1.3 5.3 -0.3
v -1.2 5.1 -0.3
v -1.2 5.2 -0.3
v -1.1 4.5 -0.3
v -1.1 4.6 -0.3
v -1.1 4.7 -0.3
v -1.1 4.9 -0.3
v -1 4.6 -0.3
v -1 4.7 -0.3
v -1 4.9 -0.3
v -1 5 -0.3
v -0.9 4.5 -0.3
v -0.9 4.9 -0.3
v -0.9 5 -0.3
v -0.8 4.9 -0.3
v -0.8 5 -0.3
v -0.7 5.6 -0.3
v -0.7 5.8 -0.3
v -0.6 5.6 -0.3
v -0.6 5.8 -0.3
v -0.6 5.9 -0.3
v -0.5 5.8 -0.3
v -0.5 5.9 -0.3
v -0.5 6 -0.3
v -2.38419e-07 2.5 -0.3
v -2.38419e-07 2.6 -0.3
v 0.0999999 2.2 -0.3
v 0.0999999 2.3 -0.3
v 0.0999999 2.4 -0.3
v 0.0999999 2.5 -0.3
v 0.0999999 2.6 -0.3
v 0.0999999 2.7 -0.3
v 0.2 0.1 -0.3
v 0.2 0.2 -0.3
v 0.2 0.3 -0.3
v 0.2 0.4 -0.3
v 0.2 2.1 -0.3
v 0.2 2.2 -0.3
v 0.2 2.3 -0.3
v 0.2 2.4 -0.3
v 0.2 2.5 -0.3
v 0.3 0.1 -0.3
v 0.3 0.2 -0.3
v 0.3 0.3 -0.3
v 0.3 0.4 -0.3
v 0.3 0.5 -0.3
v 0.3 2 -0.3
v 0.3 2.1 -0.3
v 0.3 2.2 -0.3
v 0.4 0.4 -0.3
v 0.4 0.5 -0.3
v 0.4 1.9 -0.3
v 0.4 2 -0.3
v 0.4 2.1 -0.3
v 0.4 2.6 -0.3
v 0.4 2.7 -0.3
v 0.4 3 -0.3
v 0.4 3.1 -0.3
v 0.4 5.9 -0.3
v 0.4 6 -0.3
v 0.5 0 -0.3
v 0.5 0.2 -0.3
v 0.5 0.4 -0.3
v 0.5 0.5 -0.3
v 0.5 1.9 -0.3
v 0.5 2 -0.3
v 0.5 2.7 -0.3
v 0.5 2.8 -0.3
v 0.5 3 -0.3
v 0.5 3.1 -0.3
v 0.5 5.7 -0.3
v 0.5 5.8 -0.3
v 0.6 0 -0.3
v 0.6 0.2 -0.3
v 0.6 0.4 -0.3
v 0.6 0.5 -0.3
v 0.6 2.3 -0.3
v 0.6 2.4 -0.3
v 0.6 2.5 -0.3
v 0.6 2.6 -0.3
v 0.6 2.7 -0.3
v 0.6 2.8 -0.3
v 0.6 5.7 -0.3
v 0.6 5.8 -0.3
v 0.7 2.3 -0.3
v 0.7 2.5 -0.3
v 0.7 2.6 -0.3
v 0.7 2.7 -0.3
v 0.7 4.9 -0.3
v 0.7 5 -0.3
v 0.8 2.5 -0.3
v 0.8 2.6 -0.3
v 0.8 4.6 -0.3
v 0.8 4.7 -0.3
v 0.8 4.9 -0.3
v 0.8 5 -0.3
v 0.9 4.6 -0.3
v 0.9 4.7 -0.3
v 1.1 3.5 -0.3
v 1.1 3.6 -0.3
v 1.1 3.8 -0.3
v 1.1 3.9 -0.3
v 1.1 4.9 -0.3
v 1.1 5 -0.3
v 1.2 3.5 -0.3
v 1.2 3.6 -0.3
v 1.2 3.8 -0.3
v 1.2 3.9 -0.3
v 1.2 4.9 -0.3
v 1.2 5 -0.3
v 1.4 3.4 -0.3
v 1.4 3.5 -0.3
v 1.4 3.6 -0.3
v 1.4 3.7 -0.3
v 1.5 3.4 -0.3
v 1.5 3.7 -0.3
v -1.8 4.8 -0.4
v -1.8 4.9 -0.4
v -1.7 4.8 -0.4
v -1.7 4.9 -0.4
v -0.6 5.2 -0.4
v -0.6 5.3 -0.4
v -0.6 5.4 -0.4
v -0.6 5.5 -0.4
v -0.5 5.2 -0.4
v -0.5 5.3 -0.4
v -0.5 5.4 -0.4
v -0.5 5.5 -0.4
v 0.0999999 2.3 -0.4
v 0.0999999 2.4 -0.4
v 0.0999999 2.5 -0.4
v 0.0999999 2.6 -0.4
v 0.0999999 2.7 -0.4
v 0.0999999 2.8 -0.4
v 0.2 0.2 -0.4
v 0.2 0.3 -0.4
v 0.2 2.2 -0.4
v 0.2 2.3 -0.4
v 0.2 2.4 -0.4
v 0.2 2.5 -0.4
v 0.3 0.2 -0.4
v 0.3 0.3 -0.4
v 0.3 2.1 -0.4
v 0.3 2.2 -0.4
v 0.3 2.3 -0.4
v 0.3 3.1 -0.4
v 0.3 3.2 -0.4
v 0.4 2 -0.4
v 0.4 2.1 -0.4
v 0.4 2.2 -0.4
v 0.4 2.3 -0.4
v 0.4 2.4 -0.4
v 0.4 2.5 -0.4
v 0.4 2.6 -0.4
v 0.4 2.7 -0.4
v 0.4 2.8 -0.4
v 0.4 3.1 -0.4
v 0.4 3.2 -0.4
v 0.4 5.2 -0.4
v 0.4 5.3 -0.4
v 0.4 5.4 -0.4
v 0.5 0.3 -0.4
v 0.5 0.4 -0.4
v 0.5 2.2 -0.4
v 0.5 2.4 -0.4
v 0.5 2.7 -0.4
v 0.5 2.8 -0.4
v 0.5 2.9 -0.4
v 0.5 3 -0.4
v 0.5 5.2 -0.4
v 0.5 5.3 -0.4
v 0.5 5.4 -0.4
v 0.6 0.3 -0.4
v 0.6 2 -0.4
v 0.6 2.1 -0.4
v 0.6 2.3 -0.4
v 0.6 2.4 -0.4
v 0.6 2.5 -0.4
v 0.6 2.6 -0.4
v 0.6 2.7 -0.4
v 0.6 2.8 -0.4
v 0.6 3 -0.4
v 0.7 0.3 -0.4
v 0.7 0.4 -0.4
v 0.7 2.1 -0.4
v 0.7 2.3 -0.4
v 0.7 2.5 -0.4
v 0.7 2.6 -0.4
v 0.7 4.5 -0.4
v 0.7 4.6 -0.4
v 0.8 4.5 -0.4
v 0.8 4.6 -0.4
v 0.8 4.9 -0.4
v 0.8 5.1 -0.4
v 0.9 4.9 -0.4
v 0.9 5.1 -0.4
v 0.9 5.2 -0.4
v 1 3.6 -0.4
v 1 3.8 -0.4
v 1 4.9 -0.4
v 1 5 -0.4
v 1 5.1 -0.4
v 1 5.2 -0.4
v 1.1 3.6 -0.4
v 1.1 3.7 -0.4
v 1.1 3.8 -0.4
v 1.1 5 -0.4
v 1.1 5.1 -0.4
v 1.2 3.4 -0.4
v 1.2 3.6 -0.4
v 1.2 4.7 -0.4
v 1.2 4.9 -0.4
v 1.3 3.5 -0.4
v 1.3 3.6 -0.4
v 1.3 4.7 -0.4
v 1.3 4.9 -0.4
v 1.4 3.4 -0.4
v 1.4 3.5 -0.4
v 1.4 3.6 -0.4
v 1.5 3.9 -0.4
v 1.5 4 -0.4
v 1.6 3.9 -0.4
v 1.6 4 -0.4
v -0.7 4.1 -0.5
v -0.7 4.2 -0.5
v -0.7 4.3 -0.5
v -0.7 4.4 -0.5
v -0.7 5 -0.5
v -0.7 5.1 -0.5
v -0.6 2.9 -0.5
v -0.6 3 -0.5
v -0.6 3.1 -0.5
v -0.6 4.1 -0.5
v -0.6 4.2 -0.5
v -0.6 4.3 -0.5
v -0.6 4.4 -0.5
v -0.6 5 -0.5
v -0.6 5.1 -0.5
v -0.6 5.2 -0.5
v -0.6 5.5 -0.5
v -0.6 5.8 -0.5
v -0.5 2.9 -0.5
v -0.5 3 -0.5
v -0.5 3.1 -0.5
v -0.5 3.2 -0.5
v -0.5 3.4 -0.5
v -0.5 3.5 -0.5
v -0.5 5 -0.5
v -0.5 5.2 -0.5
v -0.5 5.4 -0.5
v -0.5 5.5 -0.5
v -0.5 5.8 -0.5
v -0.5 5.9 -0.5
v -0.4 3.1 -0.5
v -0.4 3.2 -0.5
v -0.4 3.3 -0.5
v -0.4 3.4 -0.5
v -0.4 3.5 -0.5
v -0.4 5.4 -0.5
v -0.4 5.5 -0.5
v -0.1 2.8 -0.5
v -0.1 2.9 -0.5
v -2.38419e-07 2.7 -0.5
v -2.38419e-07 2.8 -0.5
v 0.0999999 2.7 -0.5
v 0.0999999 2.8 -0.5
v 0.0999999 2.9 -0.5
v 0.2 0.1 -0.5
v 0.2 0.2 -0.5
v 0.2 2.3 -0.5
v 0.2 2.4 -0.5
v 0.3 0.1 -0.5
v 0.3 0.2 -0.5
v 0.3 0.3 -0.5
v 0.3 0.4 -0.5
v 0.3 5.4 -0.5
v 0.3 5.5 -0.5
v 0.4 2.2 -0.5
v 0.4 2.3 -0.5
v 0.4 2.4 -0.5
v 0.4 2.5 -0.5
v 0.4 2.6 -0.5
v 0.4 2.8 -0.5
v 0.4 2.9 -0.5
v 0.4 3 -0.5
v 0.4 5 -0.5
v 0.4 5.1 -0.5
v 0.4 5.2 -0.5
v 0.4 5.4 -0.5
v 0.4 5.5 -0.5
v 0.4 5.8 -0.5
v 0.5 0.2 -0.5
v 0.5 0.3 -0.5
v 0.5 0.4 -0.5
v 0.5 2.2 -0.5
v 0.5 2.4 -0.5
v 0.5 2.8 -0.5
v 0.5 2.9 -0.5
v 0.5 3 -0.5
v 0.5 5 -0.5
v 0.5 5.1 -0.5
v 0.5 5.2 -0.5
v 0.5 5.4 -0.5
v 0.5 5.9 -0.5
v 0.6 0.1 -0.5
v 0.6 0.2 -0.5
v 0.6 0.3 -0.5
v 0.6 2.5 -0.5
v 0.6 2.6 -0.5
v 0.6 4.3 -0.5
v 0.6 4.4 -0.5
v 0.6 4.6 -0.5
v 0.6 5 -0.5
v 0.6 5.1 -0.5
v 0.7 0.1 -0.5
v 0.7 0.3 -0.5
v 0.7 4.2 -0.5
v 0.7 4.3 -0.5
v 0.7 4.4 -0.5
v 0.7 4.5 -0.5
v 0.7 4.6 -0.5
v 0.7 4.7 -0.5
v 0.7 4.9 -0.5
v 0.8 4.2 -0.5
v 0.8 4.3 -0.5
v 0.8 4.4 -0.5
v 0.8 4.5 -0.5
v 0.8 4.7 -0.5
v 0.8 4.8 -0.5
v 0.8 4.9 -0.5
v 0.9 4.5 -0.5
v 0.9 4.6 -0.5
v 0.9 4.7 -0.5
v 0.9 4.8 -0.5
v 0.9 4.9 -0.5
v 1 4.4 -0.5
v 1 4.5 -0.5
v 1 4.6 -0.5
v 1 4.9 -0.5
v 1 5 -0.5
v 1.1 3.6 -0.5
v 1.1 3.7 -0.5
v 1.1 3.8 -0.5
v 1.1 3.9 -0.5
v 1.1 4 -0.5
v 1.1 4.4 -0.5
v 1.1 4.5 -0.5
v 1.1 4.6 -0.5
v 1.1 4.7 -0.5
v 1.1 4.8 -0.5
v 1.1 4.9 -0.5
v 1.1 5 -0.5
v 1.2 3.6 -0.5
v 1.2 3.7 -0.5
v 1.2 3.8 -0.5
v 1.2 3.9 -0.5
v 1.2 4 -0.5
v 1.2 4.7 -0.5
v 1.2 4.9 -0.5
v 1.3 4.6 -0.5
v 1.3 4.7 -0.5
v 1.4 3.6 -0.5
v 1.4 3.7 -0.5
v 1.4 3.8 -0.5
v 1.4 4.3 -0.5
v 1.4 4.5 -0.5
v 1.4 4.6 -0.5
v 1.5 3.8 -0.5
v 1.5 3.9 -0.5
v 1.5 4 -0.5
v 1.5 4.3 -0.5
v 1.5 4.4 -0.5
v 1.5 4.5 -0.5
v 1.6 3.7 -0.5
v 1.6 3.9 -0.5
v 1.6 4 -0.5
v 1.6 4.4 -0.5
v -1.7 4.7 -0.6
v -1.7 4.9 -0.6
v -1.6 4.7 -0.6
v -1.6 4.8 -0.6
v -1.6 4.9 -0.6
v -1.3 0.2 -0.6
v -1.3 0.3 -0.6
v -1.2 0.2 -0.6
v -1.2 0.3 -0.6
v -0.9 4.5 -0.6
v -0.9 4.6 -0.6
v -0.9 4.7 -0.6
v -0.9 4.9 -0.6
v -0.8 2.3 -0.6
v -0.8 2.5 -0.6
v -0.8 4.5 -0.6
v -0.8 4.6 -0.6
v -0.8 4.7 -0.6
v -0.8 4.9 -0.6
v -0.8 5 -0.6
v -0.7 2.3 -0.6
v -0.7 2.4 -0.6
v -0.7 2.5 -0.6
v -0.7 4.7 -0.6
v -0.7 4.9 -0.6
v -0.7 5 -0.6
v -0.6 0 -0.6
v -0.6 0.2 -0.6
v -0.6 4.9 -0.6
v -0.6 5 -0.6
v -0.5 0 -0.6
v -0.5 0.2 -0.6
v -0.5 5 -0.6
v -0.5 5.1 -0.6
v -0.5 5.3 -0.6
v -0.5 5.4 -0.6
v -0.5 5.5 -0.6
v -0.5 5.8 -0.6
v -0.4 3.4 -0.6
v -0.4 3.5 -0.6
v -0.4 3.6 -0.6
v -0.4 3.7 -0.6
v -0.4 5.4 -0.6
v -0.4 5.5 -0.6
v -0.3 3.4 -0.6
v -0.3 3.5 -0.6
v -0.3 3.6 -0.6
v -0.3 3.7 -0.6
v -0.3 5 -0.6
v -0.1 2.7 -0.6
v -0.1 2.8 -0.6
v -2.38419e-07 2.7 -0.6
v -2.38419e-07 2.8 -0.6
v 0.0999999 5 -0.6
v 0.2 2.8 -0.6
v 0.2 2.9 -0.6
v 0.3 5.4 -0.6
v 0.3 5.5 -0.6
v 0.4 0 -0.6
v 0.4 0.1 -0.6
v 0.4 0.2 -0.6
v 0.4 0.3 -0.6
v 0.4 2.8 -0.6
v 0.4 2.9 -0.6
v 0.4 5 -0.6
v 0.4 5.1 -0.6
v 0.4 5.3 -0.6
v 0.4 5.4 -0.6
v 0.4 5.5 -0.6
v 0.4 5.8 -0.6
v 0.5 0 -0.6
v 0.5 0.1 -0.6
v 0.5 0.2 -0.6
v 0.5 0.3 -0.6
v 0.5 3.9 -0.6
v 0.5 4.2 -0.6
v 0.5 4.3 -0.6
v 0.5 4.4 -0.6
v 0.6 3.9 -0.6
v 0.6 4.2 -0.6
v 0.6 4.3 -0.6
v 0.6 4.4 -0.6
v 0.6 4.6 -0.6
v 0.6 4.9 -0.6
v 0.6 5 -0.6
v 0.7 4.2 -0.6
v 0.7 4.3 -0.6
v 0.7 4.7 -0.6
v 0.7 4.9 -0.6
v 0.7 5 -0.6
v 0.8 4.6 -0.6
v 0.8 4.7 -0.6
v 0.9 4.6 -0.6
v 0.9 4.8 -0.6
v 0.9 4.9 -0.6
v 1 4.6 -0.6
v 1 4.8 -0.6
v 1 4.9 -0.6
v 1.1 3.8 -0.6
v 1.1 3.9 -0.6
v 1.1 4.3 -0.6
v 1.1 4.5 -0.6
v 1.1 4.6 -0.6
v 1.1 4.8 -0.6
v 1.1 4.9 -0.6
v 1.2 3.8 -0.6
v 1.2 3.9 -0.6
v 1.2 4 -0.6
v 1.2 4.1 -0.6
v 1.2 4.3 -0.6
v 1.2 4.4 -0.6
v 1.3 4 -0.6
v 1.3 4.1 -0.6
v 1.3 4.2 -0.6
v 1.3 4.3 -0.6
v 1.3 4.4 -0.6
v 1.4 3.8 -0.6
v 1.4 4.1 -0.6
v 1.4 4.2 -0.6
v 1.4 4.3 -0.6
v 1.4 4.5 -0.6
v 1.5 3.8 -0.6
v 1.5 4.3 -0.6
v -1.6 4.6 -0.7
v -1.6 4.8 -0.7
v -1.5 4.6 -0.7
v -1.5 4.7 -0.7
v -1.5 4.8 -0.7
v -0.8 0 -0.7
v -0.8 0.1 -0.7
v -0.8 4.4 -0.7
v -0.8 4.5 -0.7
v -0.7 0 -0.7
v -0.7 0.1 -0.7
v -0.7 4.4 -0.7
v -0.7 4.5 -0.7
v -0.6 3.9 -0.7
v -0.6 4.3 -0.7
v -0.6 4.9 -0.7
v -0.6 5 -0.7
v -0.5 3.7 -0.7
v -0.5 3.9 -0.7
v -0.5 4.3 -0.7
v -0.5 4.9 -0.7
v -0.5 5 -0.7
v -0.5 5.1 -0.7
v -0.5 5.3 -0.7
v -0.4 3.5 -0.7
v -0.4 3.6 -0.7
v -0.4 3.7 -0.7
v -0.4 4 -0.7
v -0.4 4.1 -0.7
v -0.4 4.2 -0.7
v -0.4 4.3 -0.7
v -0.4 5.4 -0.7
v -0.4 5.5 -0.7
v -0.3 3.5 -0.7
v -0.3 3.6 -0.7
v -0.3 3.7 -0.7
v -0.3 4 -0.7
v -0.3 4.1 -0.7
v -0.3 4.9 -0.7
v -0.3 5 -0.7
v -0.2 2.4 -0.7
v -0.2 2.6 -0.7
v -0.2 2.7 -0.7
v -0.2 2.8 -0.7
v -0.2 2.9 -0.7
v -0.2 3.5 -0.7
v -0.2 3.7 -0.7
v -0.2 4 -0.7
v -0.2 4.1 -0.7
v -0.2 4.3 -0.7
v -0.1 2.4 -0.7
v -0.1 2.6 -0.7
v -0.1 2.7 -0.7
v -0.1 2.8 -0.7
v -0.1 2.9 -0.7
v -0.1 3.1 -0.7
v -0.1 3.2 -0.7
v -0.1 3.5 -0.7
v -0.1 3.7 -0.7
v -0.1 4 -0.7
v -0.1 4.1 -0.7
v -2.38419e-07 3.2 -0.7
v -2.38419e-07 3.3 -0.7
v -2.38419e-07 3.4 -0.7
v -2.38419e-07 3.5 -0.7
v -2.38419e-07 3.6 -0.7
v -2.38419e-07 3.7 -0.7
v -2.38419e-07 3.8 -0.7
v 0.0999999 3.1 -0.7
v 0.0999999 3.2 -0.7
v 0.0999999 3.3 -0.7
v 0.0999999 3.6 -0.7
v 0.0999999 3.7 -0.7
v 0.0999999 3.8 -0.7
v 0.0999999 4 -0.7
v 0.0999999 4.1 -0.7
v 0.0999999 4.3 -0.7
v 0.0999999 4.9 -0.7
v 0.0999999 5 -0.7
v 0.2 0.1 -0.7
v 0.2 0.2 -0.7
v 0.2 3.5 -0.7
v 0.2 3.7 -0.7
v 0.2 3.8 -0.7
v 0.2 4 -0.7
v 0.2 4.1 -0.7
v 0.3 0.2 -0.7
v 0.3 0.3 -0.7
v 0.3 2.9 -0.7
v 0.3 3 -0.7
v 0.3 3.2 -0.7
v 0.3 3.3 -0.7
v 0.3 3.4 -0.7
v 0.3 3.7 -0.7
v 0.3 3.8 -0.7
v 0.3 3.9 -0.7
v 0.3 4 -0.7
v 0.3 4.3 -0.7
v 0.3 4.4 -0.7
v 0.3 4.8 -0.7
v 0.3 4.9 -0.7
v 0.3 5.4 -0.7
v 0.3 5.5 -0.7
v 0.4 0.1 -0.7
v 0.4 0.2 -0.7
v 0.4 0.3 -0.7
v 0.4 2.9 -0.7
v 0.4 3 -0.7
v 0.4 3.2 -0.7
v 0.4 3.3 -0.7
v 0.4 3.7 -0.7
v 0.4 3.9 -0.7
v 0.4 4 -0.7
v 0.4 4.1 -0.7
v 0.4 4.3 -0.7
v 0.4 4.4 -0.7
v 0.4 4.8 -0.7
v 0.4 4.9 -0.7
v 0.4 5 -0.7
v 0.4 5.1 -0.7
v 0.4 5.3 -0.7
v 0.5 3.9 -0.7
v 0.5 4.2 -0.7
v 0.5 4.3 -0.7
v 0.5 4.4 -0.7
v 0.5 4.6 -0.7
v 0.5 4.9 -0.7
v 0.5 5 -0.7
v 0.6 0.1 -0.7
v 0.6 0.2 -0.7
v 0.6 4.2 -0.7
v 0.6 4.3 -0.7
v 0.6 4.4 -0.7
v 0.6 5 -0.7
v 1.1 4.2 -0.7
v 1.1 4.3 -0.7
v 1.2 3.7 -0.7
v 1.2 3.8 -0.7
v 1.2 4.1 -0.7
v 1.2 4.2 -0.7
v 1.2 4.3 -0.7
v 1.2 4.4 -0.7
v 1.3 4 -0.7
v 1.3 4.1 -0.7
v 1.3 4.2 -0.7
v 1.3 4.4 -0.7
v 1.4 3.7 -0.7
v 1.4 3.8 -0.7
v 1.4 4 -0.7
v 1.4 4.1 -0.7
v 1.4 4.2 -0.7
v -1.5 4.6 -0.8
v -1.5 4.7 -0.8
v -1.3 4.6 -0.8
v -1.3 4.7 -0.8
v -1.1 0 -0.8
v -1.1 0.2 -0.8
v -1 0 -0.8
v -1 0.1 -0.8
v -1 0.2 -0.8
v -0.9 0 -0.8
v -0.9 0.1 -0.8
v -0.8 0 -0.8
v -0.8 0.1 -0.8
v -0.8 2.5 -0.8
v -0.8 2.6 -0.8
v -0.8 4.5 -0.8
v -0.8 4.6 -0.8
v -0.8 4.7 -0.8
v -0.7 0 -0.8
v -0.7 0.1 -0.8
v -0.7 2.5 -0.8
v -0.7 2.6 -0.8
v -0.7 4.4 -0.8
v -0.7 4.5 -0.8
v -0.7 4.6 -0.8
v -0.7 4.7 -0.8
v -0.7 4.8 -0.8
v -0.7 4.9 -0.8
v -0.6 0 -0.8
v -0.6 0.1 -0.8
v -0.6 4.3 -0.8
v -0.6 4.4 -0.8
v -0.6 4.6 -0.8
v -0.6 4.7 -0.8
v -0.6 4.8 -0.8
v -0.6 4.9 -0.8
v -0.5 3.1 -0.8
v -0.5 3.2 -0.8
v -0.5 3.3 -0.8
v -0.5 4.3 -0.8
v -0.5 4.4 -0.8
v -0.5 4.5 -0.8
v -0.5 4.6 -0.8
v -0.5 4.7 -0.8
v -0.5 4.8 -0.8
v -0.5 4.9 -0.8
v -0.4 3.1 -0.8
v -0.4 3.2 -0.8
v -0.4 3.3 -0.8
v -0.4 3.4 -0.8
v -0.4 3.7 -0.8
v -0.4 4 -0.8
v -0.4 4.3 -0.8
v -0.4 4.4 -0.8
v -0.4 4.5 -0.8
v -0.4 4.6 -0.8
v -0.4 4.8 -0.8
v -0.4 4.9 -0.8
v -0.3 2.5 -0.8
v -0.3 2.8 -0.8
v -0.3 2.9 -0.8
v -0.3 3.1 -0.8
v -0.3 3.2 -0.8
v -0.3 3.3 -0.8
v -0.3 3.4 -0.8
v -0.3 3.5 -0.8
v -0.3 3.7 -0.8
v -0.3 3.8 -0.8
v -0.3 3.9 -0.8
v -0.3 4 -0.8
v -0.2 2.5 -0.8
v -0.2 2.8 -0.8
v -0.2 2.9 -0.8
v -0.2 3.9 -0.8
v -0.2 4 -0.8
v -0.2 4.3 -0.8
v -0.2 4.4 -0.8
v -0.1 3.1 -0.8
v -0.1 3.2 -0.8
v -0.1 3.7 -0.8
v -0.1 3.8 -0.8
v -0.1 3.9 -0.8
v -0.1 4 -0.8
v -0.1 4.4 -0.8
v -0.1 4.5 -0.8
v -2.38419e-07 3.2 -0.8
v -2.38419e-07 3.3 -0.8
v -2.38419e-07 3.4 -0.8
v -2.38419e-07 3.5 -0.8
v -2.38419e-07 3.6 -0.8
v -2.38419e-07 3.7 -0.8
v -2.38419e-07 3.8 -0.8
v -2.38419e-07 4.4 -0.8
v -2.38419e-07 4.5 -0.8
v 0.0999999 2.8 -0.8
v 0.0999999 2.9 -0.8
v 0.0999999 3.1 -0.8
v 0.0999999 3.2 -0.8
v 0.0999999 3.3 -0.8
v 0.0999999 3.6 -0.8
v 0.0999999 3.7 -0.8
v 0.0999999 3.8 -0.8
v 0.0999999 3.9 -0.8
v 0.0999999 4 -0.8
v 0.0999999 4.3 -0.8
v 0.0999999 4.4 -0.8
v 0.0999999 4.8 -0.8
v 0.0999999 4.9 -0.8
v 0.2 0 -0.8
v 0.2 0.1 -0.8
v 0.2 2.8 -0.8
v 0.2 2.9 -0.8
v 0.2 3.7 -0.8
v 0.2 3.8 -0.8
v 0.2 3.9 -0.8
v 0.2 4 -0.8
v 0.2 4.5 -0.8
v 0.2 4.6 -0.8
v 0.3 2.9 -0.8
v 0.3 3 -0.8
v 0.3 3.2 -0.8
v 0.3 3.3 -0.8
v 0.3 3.8 -0.8
v 0.3 3.9 -0.8
v 0.3 4 -0.8
v 0.3 4.3 -0.8
v 0.3 4.4 -0.8
v 0.3 4.5 -0.8
v 0.3 4.6 -0.8
v 0.3 4.7 -0.8
v 0.3 4.8 -0.8
v 0.3 4.9 -0.8
v 0.4 0 -0.8
v 0.4 0.1 -0.8
v 0.4 3 -0.8
v 0.4 3.1 -0.8
v 0.4 3.2 -0.8
v 0.4 3.9 -0.8
v 0.4 4 -0.8
v 0.4 4.3 -0.8
v 0.4 4.4 -0.8
v 0.4 4.5 -0.8
v 0.4 4.6 -0.8
v 0.4 4.7 -0.8
v 0.4 4.8 -0.8
v 0.4 4.9 -0.8
v 0.5 4.3 -0.8
v 0.5 4.6 -0.8
v 0.5 4.9 -0.8
v 1.2 3.8 -0.8
v 1.2 4 -0.8
v 1.4 3.8 -0.8
v 1.4 4 -0.8
v -1.7 0 -0.9
v -1.7 0.1 -0.9
v -1.6 0.1 -0.9
v -1.6 0.2 -0.9
v -1.5 0 -0.9
v -1.5 0.2 -0.9
v -1.3 4.5 -0.9
v -1.3 4.7 -0.9
v -1.2 0 -0.9
v -1.2 0.1 -0.9
v -1.2 4.5 -0.9
v -1.2 4.6 -0.9
v -1.2 4.7 -0.9
v -1.1 0 -0.9
v -1.1 0.1 -0.9
v -0.9 1.8 -0.9
v -0.9 1.9 -0.9
v -0.8 1.8 -0.9
v -0.8 1.9 -0.9
v -0.6 2.8 -0.9
v -0.6 3 -0.9
v -0.6 4.7 -0.9
v -0.6 4.8 -0.9
v -0.5 3 -0.9
v -0.5 3.1 -0.9
v -0.5 4.6 -0.9
v -0.5 4.7 -0.9
v -0.4 2.8 -0.9
v -0.4 3 -0.9
v -0.4 3.1 -0.9
v -0.4 3.2 -0.9
v -0.4 3.3 -0.9
v -0.4 4.4 -0.9
v -0.4 4.5 -0.9
v -0.4 4.6 -0.9
v -0.4 4.7 -0.9
v -0.4 4.8 -0.9
v -0.4 4.9 -0.9
v -0.3 2.8 -0.9
v -0.3 2.9 -0.9
v -0.3 3.2 -0.9
v -0.3 3.3 -0.9
v -0.3 4.5 -0.9
v -0.3 4.6 -0.9
v -0.2 2.1 -0.9
v -0.2 2.2 -0.9
v -0.2 2.8 -0.9
v -0.2 2.9 -0.9
v -0.2 4.6 -0.9
v -0.2 4.7 -0.9
v -0.2 4.8 -0.9
v -0.2 4.9 -0.9
v -0.1 2.1 -0.9
v -0.1 2.2 -0.9
v -0.1 4.4 -0.9
v -0.1 4.5 -0.9
v -0.1 4.7 -0.9
v -0.1 4.8 -0.9
v -2.38419e-07 4.7 -0.9
v -2.38419e-07 4.8 -0.9
v 0.0999999 4.6 -0.9
v 0.0999999 4.7 -0.9
v 0.0999999 4.8 -0.9
v 0.0999999 4.9 -0.9
v 0.2 4.5 -0.9
v 0.2 4.6 -0.9
v 0.3 4.5 -0.9
v 0.3 4.6 -0.9
v 0.3 4.7 -0.9
v 0.3 4.8 -0.9
v 0.4 4.5 -0.9
v 0.4 4.7 -0.9
v -1.5 0 -1
v -1.5 0.2 -1
v -1.4 0 -1
v -1.4 0.2 -1
v -1.4 0.3 -1
v -1.3 0.2 -1
v -1.3 0.3 -1
v -1.2 4.5 -1
v -1.2 4.6 -1
v -1.1 0.5 -1
v -1.1 0.6 -1
v -1.1 0.8 -1
v -1.1 0.9 -1
v -1.1 1 -1
v -1.1 4.5 -1
v -1.1 4.6 -1
v -1 0.5 -1
v -1 0.6 -1
v -1 0.8 -1
v -1 0.9 -1
v -1 1 -1
v -0.9 1.6 -1
v -0.9 1.7 -1
v -0.8 1.6 -1
v -0.8 1.7 -1
v -0.7 2.6 -1
v -0.7 2.8 -1
v -0.7 4.7 -1
v -0.7 4.8 -1
v -0.6 2.6 -1
v -0.6 2.7 -1
v -0.6 4.7 -1
v -0.6 4.8 -1
v -0.5 0.1 -1
v -0.5 0.4 -1
v -0.4 0.1 -1
v -0.4 0.4 -1
v -0.4 2.7 -1
v -0.3 1.4 -1
v -0.3 1.5 -1
v -0.3 2.7 -1
v -0.3 2.8 -1
v -0.2 1.4 -1
v -0.2 1.5 -1
v -1.4 0 -1.1
v -1.4 0.2 -1.1
v -1.3 0 -1.1
v -1.3 0.1 -1.1
v -1.3 0.2 -1.1
v -1.3 0.4 -1.1
v -1.2 0.1 -1.1
v -1.2 0.4 -1.1
v -1.1 0.7 -1.1
v -1.1 0.8 -1.1
v -1.1 4.5 -1.1
v -1.1 4.6 -1.1
v -1 0.7 -1.1
v -1 0.8 -1.1
v -1 4.4 -1.1
v -1 4.5 -1.1
v -1 4.6 -1.1
v -0.9 1.3 -1.1
v -0.9 1.5 -1.1
v -0.9 1.6 -1.1
v -0.9 4.4 -1.1
v -0.9 4.5 -1.1
v -0.9 4.7 -1.1
v -0.8 1.3 -1.1
v -0.8 1.4 -1.1
v -0.8 1.5 -1.1
v -0.8 1.6 -1.1
v -0.8 2.4 -1.1
v -0.8 2.5 -1.1
v -0.8 4.5 -1.1
v -0.8 4.7 -1.1
v -0.8 4.8 -1.1
v -0.7 1.4 -1.1
v -0.7 1.6 -1.1
v -0.7 2.4 -1.1
v -0.7 2.5 -1.1
v -0.7 2.6 -1.1
v -0.7 4.7 -1.1
v -0.7 4.8 -1.1
v -0.6 0.5 -1.1
v -0.6 0.6 -1.1
v -0.6 0.8 -1.1
v -0.6 0.9 -1.1
v -0.6 2.6 -1.1
v -0.6 2.7 -1.1
v -0.5 0.5 -1.1
v -0.5 0.6 -1.1
v -0.5 0.8 -1.1
v -0.5 0.9 -1.1
v -0.4 2.6 -1.1
v -0.4 2.7 -1.1
v -0.3 2.3 -1.1
v -0.3 2.4 -1.1
v -0.3 2.5 -1.1
v -0.3 2.7 -1.1
v -0.2 2.2 -1.1
v -0.2 2.3 -1.1
v -0.2 2.4 -1.1
v -0.1 2.2 -1.1
v -0.1 2.3 -1.1
v -1.3 0 -1.2
v -1.3 0.1 -1.2
v -1.2 0 -1.2
v -1.2 0.1 -1.2
v -1.2 0.2 -1.2
v -1.2 0.4 -1.2
v -1.2 0.5 -1.2
v -1.1 0.1 -1.2
v -1.1 0.2 -1.2
v -1.1 0.4 -1.2
v -1.1 0.5 -1.2
v -1.1 0.8 -1.2
v -1.1 0.9 -1.2
v -1 0 -1.2
v -1 0.1 -1.2
v -1 0.8 -1.2
v -1 0.9 -1.2
v -1 1.1 -1.2
v -1 1.2 -1.2
v -1 1.8 -1.2
v -1 2 -1.2
v -0.9 0 -1.2
v -0.9 0.1 -1.2
v -0.9 0.8 -1.2
v -0.9 1.1 -1.2
v -0.9 1.2 -1.2
v -0.9 1.3 -1.2
v -0.9 1.7 -1.2
v -0.9 1.8 -1.2
v -0.9 2 -1.2
v -0.9 2.2 -1.2
v -0.8 1.1 -1.2
v -0.8 1.2 -1.2
v -0.8 1.3 -1.2
v -0.8 1.6 -1.2
v -0.8 1.7 -1.2
v -0.8 2.1 -1.2
v -0.8 2.2 -1.2
v -0.8 2.3 -1.2
v -0.8 2.4 -1.2
v -0.7 1.4 -1.2
v -0.7 1.6 -1.2
v -0.7 1.7 -1.2
v -0.7 2 -1.2
v -0.7 2.1 -1.2
v -0.7 2.4 -1.2
v -0.7 2.5 -1.2
v -0.6 0 -1.2
v -0.6 0.1 -1.2
v -0.6 0.6 -1.2
v -0.6 0.7 -1.2
v -0.6 0.9 -1.2
v -0.6 1.1 -1.2
v -0.6 1.4 -1.2
v -0.6 1.6 -1.2
v -0.6 1.7 -1.2
v -0.6 1.8 -1.2
v -0.6 1.9 -1.2
v -0.5 0.1 -1.2
v -0.5 0.4 -1.2
v -0.5 0.6 -1.2
v -0.5 0.7 -1.2
v -0.5 0.9 -1.2
v -0.5 1 -1.2
v -0.5 1.1 -1.2
v -0.5 1.2 -1.2
v -0.5 1.6 -1.2
v -0.5 1.7 -1.2
v -0.5 1.9 -1.2
v -0.4 0 -1.2
v -0.4 0.4 -1.2
v -0.4 1 -1.2
v -0.4 1.1 -1.2
v -0.4 1.2 -1.2
v -0.4 1.3 -1.2
v -0.4 1.4 -1.2
v -0.4 1.5 -1.2
v -0.4 1.6 -1.2
v -0.4 2.3 -1.2
v -0.3 1.3 -1.2
v -0.3 1.5 -1.2
v -0.3 1.6 -1.2
v -0.3 1.7 -1.2
v -0.3 1.8 -1.2
v -0.3 1.9 -1.2
v -0.3 2.3 -1.2
v -0.3 2.4 -1.2
v -0.3 2.5 -1.2
v -0.2 1.5 -1.2
v -0.2 1.6 -1.2
v -0.2 1.8 -1.2
v -0.2 1.9 -1.2
v -0.2 2.4 -1.2
v -0.2 2.5 -1.2
v -1.3 0.5 -1.3
v -1.3 0.7 -1.3
v -1.2 0.2 -1.3
v -1.2 0.4 -1.3
v -1.2 0.5 -1.3
v -1.2 0.6 -1.3
v -1.2 0.7 -1.3
v -1.1 0.1 -1.3
v -1.1 0.2 -1.3
v -1.1 0.4 -1.3
v -1.1 0.6 -1.3
v -1.1 0.7 -1.3
v -1.1 0.8 -1.3
v -1 0.1 -1.3
v -1 0.2 -1.3
v -1 0.5 -1.3
v -1 0.6 -1.3
v -1 0.7 -1.3
v -1 0.8 -1.3
v -0.9 0 -1.3
v -0.9 0.1 -1.3
v -0.9 0.5 -1.3
v -0.9 0.6 -1.3
v -0.9 0.7 -1.3
v -0.9 0.8 -1.3
v -0.9 0.9 -1.3
v -0.9 1.1 -1.3
v -0.9 1.8 -1.3
v -0.9 2 -1.3
v -0.8 0.9 -1.3
v -0.8 1 -1.3
v -0.8 1.1 -1.3
v -0.8 1.2 -1.3
v -0.8 1.4 -1.3
v -0.8 2.1 -1.3
v -0.8 2.3 -1.3
v -0.7 0.9 -1.3
v -0.7 1 -1.3
v -0.7 1.6 -1.3
v -0.7 1.7 -1.3
v -0.7 2 -1.3
v -0.7 2.1 -1.3
v -0.6 0 -1.3
v -0.6 0.1 -1.3
v -0.6 0.2 -1.3
v -0.6 0.9 -1.3
v -0.6 1.1 -1.3
v -0.6 1.2 -1.3
v -0.6 1.4 -1.3
v -0.6 1.6 -1.3
v -0.6 1.7 -1.3
v -0.6 1.8 -1.3
v -0.6 1.9 -1.3
v -0.6 2 -1.3
v -0.6 2.1 -1.3
v -0.5 0.1 -1.3
v -0.5 0.2 -1.3
v -0.5 1.1 -1.3
v -0.5 1.2 -1.3
v -0.5 1.6 -1.3
v -0.5 1.7 -1.3
v -0.4 1.2 -1.3
v -0.4 1.4 -1.3
v -0.4 1.5 -1.3
v -0.4 1.6 -1.3
v -0.4 2.1 -1.3
v -0.4 2.3 -1.3
v -0.3 1.5 -1.3
v -0.3 1.6 -1.3
v -0.3 1.7 -1.3
v -0.3 2.1 -1.3
v -0.3 2.3 -1.3
v -0.2 1.6 -1.3
v -0.2 1.7 -1.3
v -0.2 1.9 -1.3
v -0.2 2 -1.3
v -0.2 2.1 -1.3
v -0.2 2.3 -1.3
v -0.1 1.9 -1.3
v -0.1 2.1 -1.3
v -1.2 0.5 -1.4
v -1.2 0.6 -1.4
v -1.1 0.6 -1.4
v -1.1 0.7 -1.4
v -1 0 -1.4
v -1 0.1 -1.4
v -1 0.5 -1.4
v -1 0.6 -1.4
v -1 0.7 -1.4
v -0.9 0 -1.4
v -0.9 0.1 -1.4
v -0.9 0.6 -1.4
v -0.9 0.7 -1.4
v -0.9 0.9 -1.4
v -0.8 0.7 -1.4
v -0.8 0.8 -1.4
v -0.8 0.9 -1.4
v -0.8 1 -1.4
v -0.7 0.1 -1.4
v -0.7 0.2 -1.4
v -0.7 0.8 -1.4
v -0.7 0.9 -1.4
v -0.7 1 -1.4
v -0.7 2 -1.4
v -0.7 2.1 -1.4
v -0.6 0.1 -1.4
v -0.6 0.2 -1.4
v -0.6 1.9 -1.4
v -0.6 2 -1.4
v -0.6 2.1 -1.4
v -0.5 0.5 -1.4
v -0.5 0.6 -1.4
v -0.4 0.5 -1.4
v -0.4 0.6 -1.4
v -0.4 1.9 -1.4
v -0.4 2 -1.4
v -0.3 1.9 -1.4
v -0.3 2 -1.4
v -0.3 2.1 -1.4
v -0.2 1.9 -1.4
v -0.2 2 -1.4
v -0.2 2.1 -1.4
v -1.2 0.4 -1.5
v -1.2 0.5 -1.5
v -1.1 0.2 -1.5
v -1.1 0.3 -1.5
v -1.1 0.4 -1.5
v -1.1 0.5 -1.5
v -1 0.1 -1.5
v -1 0.2 -1.5
v -1 0.3 -1.5
v -1 0.4 -1.5
v -1 0.5 -1.5
v -0.9 0.2 -1.5
v -0.9 0.3 -1.5
v -0.9 0.5 -1.5
v -0.9 0.7 -1.5
v -0.8 0.1 -1.5
v -0.8 0.2 -1.5
v -0.8 0.5 -1.5
v -0.8 0.7 -1.5
v -0.8 0.8 -1.5
v -0.7 0.8 -1.5
v -0.7 0.9 -1.5
v -0.6 0.5 -1.5
v -0.6 0.7 -1.5
v -0.6 0.8 -1.5
v -0.6 0.9 -1.5
v -0.5 0.4 -1.5
v -0.5 0.5 -1.5
v -0.5 0.7 -1.5
v -0.4 0.4 -1.5
v -0.4 0.5 -1.5
v -1.1 0.4 -1.6
v -1.1 0.5 -1.6
v -1 0.2 -1.6
v -1 0.3 -1.6
v -1 0.4 -1.6
v -1 0.5 -1.6
v -0.9 0.2 -1.6
v -0.9 0.3 -1.6
v -0.8 0.1 -1.6
v -0.8 0.2 -1.6
v -0.8 0.4 -1.6
v -0.8 0.5 -1.6
v -0.8 0.7 -1.6
v -0.7 0.1 -1.6
v -0.7 0.2 -1.6
v -0.7 0.4 -1.6
v -0.7 0.5 -1.6
v -0.6 0.5 -1.6
v -0.6 0.7 -1.6
v -0.9 0.2 -1.7
v -0.9 0.5 -1.7
v -0.8 0.2 -1.7
v -0.8 0.3 -1.7
v -0.8 0.4 -1.7
v -0.8 0.5 -1.7
v -0.7 0.3 -1.7
v -0.7 0.4 -1.7
v -0.5 0.4 -1.7
v -0.5 0.5 -1.7
v -0.4 0.3 -1.7
v -0.4 0.4 -1.7
v -0.4 0.5 -1.7
v -0.3 0.1 -1.7
v -0.3 0.2 -1.7
v -0.3 0.3 -1.7
v -0.3 0.4 -1.7
v -0.2 0.1 -1.7
v -0.2 0.2 -1.7
v -0.7 0.1 -1.8
v -0.7 0.2 -1.8
v -0.7 0.3 -1.8
v -0.7 0.5 -1.8
v -0.6 0.1 -1.8
v -0.6 0.2 -1.8
v -0.6 0.3 -1.8
v -0.6 0.4 -1.8
v -0.5 0.4 -1.8
v -0.5 0.5 -1.8
v -0.8 0.2 -1.9
v -0.8 0.3 -1.9
v -0.6 0.1 -1.9
v -0.6 0.2 -1.9
v -0.6 0.3 -1.9
v -0.6 0.4 -1.9
v -0.5 0.1 -1.9
v -0.5 0.2 -1.9
v -0.5 0.3 -1.9
v -0.5 0.4 -1.9
v -0.4 0.2 -1.9
v -0.4 0.3 -1.9
v -0.4 0.4 -1.9
v -0.3 0.3 -1.9
v -0.3 0.4 -1.9
v -0.6 0.2 -2
v -0.6 0.3 -2
v -0.5 0 -2
v -0.5 0.2 -2
v -0.5 0.3 -2
v -0.4 0 -2
v -0.4 0.1 -2
v -0.4 0.2 -2
v -0.4 0.3 -2
v -0.3 0.1 -2
v -0.3 0.2 -2
v -0.2 0.1 -2
v -0.2 0.2 -2
v -0.2 0.3 -2
v -0.1 0.1 -2
v -0.1 0.2 -2
v -0.4 0 -2.1
v -0.4 0.1 -2.1
v -0.3 0 -2.1
v -0.3 0.1 -2.1
v -0.3 0.2 -2.1
v -0.2 0.1 -2.1
v -0.2 0.2 -2.1
v -0.3 0 -2.2
v -0.3 0.1 -2.2
v -0.1 0 -2.2
v -0.1 0.1 -2.2
v 0.6 0 1.2
v 0.8 0 1.2
v 1.1 0 1.2
v 1.3 0 1.2
v 0.8 0 1.1
v 0.9 0 1.1
v 1 0 1.1
v 1.1 0 1.1
v 0.8 0 1
v 0.9 0 1
v 1 0 1
v 1.1 0 1
v 1.3 0 1
v 1 0 0.9
v 1.1 0 0.9
v 1.2 0 0.9
v 0.6 0 0.8
v 0.8 0 0.8
v 1.1 0 0.8
v 1.2 0 0.8
v 0.5 0 0.7
v 0.6 0 0.7
v 1.1 0 0.7
v 0.5 0 0.6
v 0.6 0 0.6
v 1 0 0.6
v 1.3 0 0.6
v 1.5 0 0.6
v 0.9 0 0.5
v 1 0 0.5
v 1.3 0 0.5
v 1.5 0 0.5
v 0.5 0 0.4
v 0.6 0 0.4
v 0.7 0 0.4
v 0.9 0 0.4
v 1 0 0.4
v 0.5 0 0.3
v 0.6 0 0.3
v 0.7 0 0.3
v 0.8 0 0.3
v 0.9 0 0.3
v 1 0 0.3
v 0.6 0 0.2
v 0.7 0 0.2
v 0.8 0 0.2
v 0.8 0 0.1
v 0.9 0 0.1
v 1 0 0.1
v 0.7 0 0
v 0.8 0 0
v 0.9 0 -0.0999999
v 1 0 -0.0999999
v 0.4 0 -0.2
v 0.6 0 -0.2
v 0.3 0 -0.3
v 0.4 0 -0.3
v 0.5 0 -0.3
v 0.6 0 -0.3
v -1.4 0 -0.4
v -1.2 0 -0.4
v -0.7 0 -0.4
v -0.5 0 -0.4
v 0.2 0 -0.4
v 0.3 0 -0.4
v 0.4 0 -0.4
v 0.5 0 -0.4
v -1.2 0 -0.5
v -1.1 0 -0.5
v -0.8 0 -0.5
v -0.7 0 -0.5
v -1.4 0 -0.6
v -1.3 0 -0.6
v -1.1 0 -0.6
v -1 0 -0.6
v -0.9 0 -0.6
v -0.8 0 -0.6
v -0.6 0 -0.6
v -0.5 0 -0.6
v 0.4 0 -0.6
v 0.5 0 -0.6
v -1.6 0 -0.7
v -1.4 0 -0.7
v -1.3 0 -0.7
v -1.2 0 -0.7
v -0.8 0 -0.7
v -0.7 0 -0.7
v -0.6 0 -0.7
v -1.7 0 -0.8
v -1.6 0 -0.8
v -1.4 0 -0.8
v -1.2 0 -0.8
v -1.1 0 -0.8
v -1 0 -0.8
v -0.9 0 -0.8
v -0.8 0 -0.8
v -0.7 0 -0.8
v -0.6 0 -0.8
v 0.2 0 -0.8
v 0.4 0 -0.8
v -1.7 0 -0.9
v -1.5 0 -0.9
v -1.2 0 -0.9
v -1.1 0 -0.9
v -0.9 0 -0.9
v -0.8 0 -0.9
v -0.7 0 -0.9
v -0.6 0 -0.9
v -1.5 0 -1
v -1.4 0 -1
v -1.3 0 -1
v -0.8 0 -1
v -0.7 0 -1
v -0.6 0 -1
v -0.5 0 -1
v -1.4 0 -1.1
v -1.3 0 -1.1
v -1.2 0 -1.1
v -1 0 -1.1
v -0.9 0 -1.1
v -0.5 0 -1.1
v -0.4 0 -1.1
v -1.3 0 -1.2
v -1.2 0 -1.2
v -1 0 -1.2
v -0.9 0 -1.2
v -0.6 0 -1.2
v -0.4 0 -1.2
v -1 0 -1.3
v -0.9 0 -1.3
v -0.6 0 -1.3
v -1 0 -1.4
v -0.9 0 -1.4
v -0.5 0 -1.6
v -0.4 0 -1.6
v -0.5 0 -1.8
v -0.4 0 -1.8
v -0.2 0 -1.8
v -0.5 0 -2
v -0.4 0 -2
v -0.2 0 -2
v -0.1 0 -2
v -0.4 0 -2.1
v -0.3 0 -2.1
v -0.3 0 -2.2
v -0.1 0 -2.2
v 1.1 0.1 1
v 1.2 0.1 1
v 1.1 0.1 0.9
v 1.2 0.1 0.9
v 1.1 0.1 0.8
v 1.2 0.1 0.8
v 1.3 0.1 0.8
v 0.6 0.1 0.7
v 0.8 0.1 0.7
v 1 0.1 0.7
v 1.1 0.1 0.7
v 0.6 0.1 0.6
v 0.7 0.1 0.6
v 0.8 0.1 0.6
v 1 0.1 0.6
v 1.3 0.1 0.6
v 0.5 0.1 0.5
v 0.6 0.1 0.5
v 0.7 0.1 0.5
v 0.8 0.1 0.5
v 0.9 0.1 0.5
v 1 0.1 0.5
v 0.5 0.1 0.4
v 0.6 0.1 0.4
v 0.7 0.1 0.4
v 0.9 0.1 0.4
v 1 0.1 0.4
v 0.4 0.1 0.3
v 0.5 0.1 0.3
v 0.6 0.1 0.3
v 0.7 0.1 0.3
v 0.9 0.1 0.3
v 1 0.1 0.3
v 0.4 0.1 0.2
v 0.5 0.1 0.2
v 0.6 0.1 0.2
v 0.7 0.1 0.2
v 0.4 0.1 0.1
v 0.5 0.1 0.1
v 0.8 0.1 0.1
v 0.9 0.1 0.1
v 0.7 0.1 0
v 0.8 0.1 0
v 0.9 0.1 0
v 0.3 0.1 -0.0999999
v 0.4 0.1 -0.0999999
v 0.6 0.1 -0.0999999
v 0.7 0.1 -0.0999999
v 0.2 0.1 -0.2
v 0.3 0.1 -0.2
v 0.4 0.1 -0.2
v 0.6 0.1 -0.2
v 0.2 0.1 -0.3
v 0.3 0.1 -0.3
v 0.4 0.1 -0.3
v -0.8 0.1 -0.4
v -0.7 0.1 -0.4
v 0.6 0.1 -0.4
v 0.7 0.1 -0.4
v -1.1 0.1 -0.5
v -0.8 0.1 -0.5
v -0.7 0.1 -0.5
v 0.6 0.1 -0.5
v 0.7 0.1 -0.5
v -1.1 0.1 -0.6
v -1 0.1 -0.6
v -0.9 0.1 -0.6
v -0.8 0.1 -0.6
v 0.4 0.1 -0.6
v 0.5 0.1 -0.6
v 0.6 0.1 -0.6
v -0.8 0.1 -0.7
v -0.7 0.1 -0.7
v -0.6 0.1 -0.7
v -0.5 0.1 -0.7
v 0.4 0.1 -0.7
v 0.6 0.1 -0.7
v -1 0.1 -0.8
v -0.9 0.1 -0.8
v -0.8 0.1 -0.8
v -0.7 0.1 -0.8
v -0.6 0.1 -0.8
v -1.2 0.1 -0.9
v -1.1 0.1 -0.9
v -0.9 0.1 -0.9
v -0.8 0.1 -0.9
v -0.7 0.1 -0.9
v -0.6 0.1 -0.9
v -0.5 0.1 -0.9
v -0.4 0.1 -0.9
v -0.8 0.1 -1
v -0.7 0.1 -1
v -0.6 0.1 -1
v -0.5 0.1 -1
v -0.4 0.1 -1
v -1.2 0.1 -1.1
v -1.1 0.1 -1.1
v -1 0.1 -1.1
v -0.9 0.1 -1.1
v -1.2 0.1 -1.2
v -1.1 0.1 -1.2
v -1 0.1 -1.2
v -0.9 0.1 -1.2
v -0.6 0.1 -1.2
v -0.5 0.1 -1.2
v -1.1 0.1 -1.3
v -1 0.1 -1.3
v -0.9 0.1 -1.3
v -0.6 0.1 -1.3
v -0.5 0.1 -1.3
v -1 0.1 -1.4
v -0.9 0.1 -1.4
v -0.7 0.1 -1.4
v -0.6 0.1 -1.4
v -0.5 0.1 -1.4
v -1 0.1 -1.5
v -0.8 0.1 -1.5
v -0.7 0.1 -1.5
v -0.6 0.1 -1.5
v -0.8 0.1 -1.6
v -0.7 0.1 -1.6
v -0.5 0.1 -1.6
v -0.3 0.1 -1.6
v -0.2 0.1 -1.6
v -0.4 0.1 -1.7
v -0.3 0.1 -1.7
v -0.2 0.1 -1.7
v -0.7 0.1 -1.8
v -0.6 0.1 -1.8
v -0.5 0.1 -1.8
v -0.4 0.1 -1.8
v -0.3 0.1 -1.8
v -0.2 0.1 -1.8
v -0.1 0.1 -1.8
v -0.6 0.1 -1.9
v -0.5 0.1 -1.9
v -0.2 0.1 -2
v -0.1 0.1 -2
v 0.8 0.2 0.7
v 1 0.2 0.7
v 0.5 0.2 0.6
v 0.6 0.2 0.6
v 0.7 0.2 0.6
v 0.8 0.2 0.6
v 1 0.2 0.6
v 0.5 0.2 0.5
v 0.6 0.2 0.5
v 0.7 0.2 0.5
v 0.8 0.2 0.5
v 0.3 0.2 0.4
v 0.4 0.2 0.4
v 0.5 0.2 0.4
v 0.4 0.2 0.3
v 0.5 0.2 0.3
v 0.4 0.2 0.2
v 0.5 0.2 0.2
v 0.4 0.2 0.1
v 0.5 0.2 0.1
v 0.2 0.2 0
v 0.3 0.2 0
v 0.7 0.2 0
v 0.8 0.2 0
v 0.3 0.2 -0.0999999
v 0.4 0.2 -0.0999999
v 0.6 0.2 -0.0999999
v 0.7 0.2 -0.0999999
v 0.2 0.2 -0.2
v 0.3 0.2 -0.2
v 0.7 0.2 -0.2
v 0.8 0.2 -0.2
v 0.2 0.2 -0.3
v 0.3 0.2 -0.3
v 0.5 0.2 -0.3
v 0.6 0.2 -0.3
v 0.2 0.2 -0.4
v 0.3 0.2 -0.4
v 0.5 0.2 -0.4
v 0.6 0.2 -0.4
v 0.7 0.2 -0.4
v 0.5 0.2 -0.5
v 0.6 0.2 -0.5
v -0.5 0.2 -0.7
v -0.4 0.2 -0.7
v -1.1 0.2 -0.8
v -1 0.2 -0.8
v -0.5 0.2 -0.9
v -0.4 0.2 -0.9
v -1.1 0.2 -1.1
v -1 0.2 -1.1
v -1.2 0.2 -1.2
v -1.1 0.2 -1.2
v -1.2 0.2 -1.3
v -1.1 0.2 -1.3
v -1 0.2 -1.3
v -0.6 0.2 -1.3
v -0.5 0.2 -1.3
v -0.4 0.2 -1.3
v -0.7 0.2 -1.4
v -0.6 0.2 -1.4
v -0.5 0.2 -1.4
v -1.1 0.2 -1.5
v -1 0.2 -1.5
v -0.9 0.2 -1.5
v -0.8 0.2 -1.5
v -0.7 0.2 -1.5
v -0.6 0.2 -1.5
v -0.4 0.2 -1.5
v -0.3 0.2 -1.5
v -1 0.2 -1.6
v -0.9 0.2 -1.6
v -0.8 0.2 -1.6
v -0.7 0.2 -1.6
v -0.5 0.2 -1.6
v -0.4 0.2 -1.6
v -0.3 0.2 -1.6
v -0.9 0.2 -1.7
v -0.8 0.2 -1.7
v -0.4 0.2 -1.7
v -0.3 0.2 -1.7
v -0.2 0.2 -1.7
v -0.7 0.2 -1.8
v -0.6 0.2 -1.8
v -0.3 0.2 -1.8
v -0.2 0.2 -1.8
v -0.8 0.2 -1.9
v -0.6 0.2 -1.9
v -0.5 0.2 -1.9
v -0.6 0.2 -2
v -0.5 0.2 -2
v -1.2 0.4 -1.3
v -1.1 0.4 -1.3
v -1.2 0.4 -1.4
v -1.1 0.4 -1.4
v -1.2 0.4 -1.5
v -1.1 0.4 -1.5
v -1 0.4 -1.5
v -1.1 0.4 -1.6
v -1 0.4 -1.6
v -0.6 0.5 -1
v -0.5 0.5 -1
v -0.6 0.5 -1.1
v -0.5 0.5 -1.1
v -1.3 0.5 -1.2
v -1.2 0.5 -1.2
v -1.1 0.5 -1.2
v -1.3 0.5 -1.3
v -1.2 0.5 -1.3
v -1.1 0.5 -1.3
v 0.7 0.6 0.6
v 0.8 0.6 0.6
v 0.6 0.6 0.5
v 0.7 0.6 0.5
v 0.8 0.6 0.5
v 0.6 0.6 0.3
v 0.7 0.6 0.3
v -1.1 0.6 -1
v -1 0.6 -1
v -1.1 0.6 -1.1
v -1 0.6 -1.1
v -0.6 0.6 -1.1
v -0.5 0.6 -1.1
v -0.6 0.6 -1.2
v -0.5 0.6 -1.2
v -1 0.6 -1.3
v -0.9 0.6 -1.3
v -1 0.6 -1.4
v -0.9 0.6 -1.4
v 0.9 0.7 0.6
v 1 0.7 0.6
v 0.5 0.7 0.5
v 0.6 0.7 0.5
v 0.9 0.7 0.5
v 1 0.7 0.5
v 0.9 0.7 0.4
v 1 0.7 0.4
v 0.9 0.7 0.3
v 1 0.7 0.3
v 0.6 0.7 0.1
v 0.5 0.7 0
v 0.6 0.7 0
v -1 0.7 -0.8
v -0.9 0.7 -0.8
v -1 0.7 -0.9
v -0.9 0.7 -0.9
v 0.4 0.8 0.3
v 0.5 0.8 0.3
v 0.4 0.8 0
v 0.5 0.8 0
v -0.9 0.8 -0.8
v -0.6 0.8 -0.8
v -1.1 0.8 -0.9
v -1 0.8 -0.9
v -1.1 0.8 -1
v -1 0.8 -1
v -0.9 0.8 -1
v -0.7 0.8 -1
v -0.6 0.8 -1
v -0.5 0.8 -1
v -1.1 0.8 -1.1
v -1 0.8 -1.1
v -0.7 0.8 -1.1
v -0.6 0.8 -1.1
v -0.5 0.8 -1.1
v -1.1 0.8 -1.2
v -1 0.8 -1.2
v 0.5 0.9 0.7
v 0.7 0.9 0.7
v 0.7 0.9 0.6
v 0.4 0.9 0.5
v 0.5 0.9 0.5
v 0.7 0.9 0.5
v 0.4 0.9 0.4
v 0.5 0.9 0.4
v 0.4 0.9 0.3
v 0.5 0.9 0.3
v -0.9 0.9 -0.7
v -0.6 0.9 -0.7
v -0.9 0.9 -0.8
v -0.6 0.9 -0.8
v -0.6 0.9 -0.9
v -0.5 0.9 -0.9
v -0.6 0.9 -1
v -0.5 0.9 -1
v -0.6 0.9 -1.1
v -0.5 0.9 -1.1
v -0.6 0.9 -1.2
v -0.5 0.9 -1.2
v -0.6 1 -0.8
v -0.5 1 -0.8
v -0.6 1 -0.9
v -0.5 1 -0.9
v -0.5 1 -1
v -0.4 1 -1
v -0.5 1 -1.2
v -0.4 1 -1.2
v 0.3 1.1 0.4
v 0.4 1.1 0.4
v 0.3 1.1 0.3
v 0.4 1.1 0.3
v 0.3 1.1 0.2
v 0.4 1.1 0.2
v 0.7 1.1 0.2
v 0.8 1.1 0.2
v 0.3 1.1 0.1
v 0.4 1.1 0.1
v 0.5 1.1 0.1
v 0.6 1.1 0.1
v 0.7 1.1 0.1
v 0.8 1.1 0.1
v 0.5 1.1 0
v 0.6 1.1 0
v -0.5 1.1 -0.8
v -0.4 1.1 -0.8
v -0.5 1.1 -0.9
v -0.5 1.1 -1
v -0.4 1.1 -1
v -0.6 1.1 -1.2
v -0.5 1.1 -1.2
v -0.6 1.1 -1.3
v -0.5 1.1 -1.3
v 0.3 1.2 0.5
v 0.5 1.2 0.5
v 0.2 1.2 0.4
v 0.3 1.2 0.4
v 0.4 1.2 0.4
v 0.5 1.2 0.4
v 0.3 1.2 0.3
v 0.2 1.2 0.2
v 0.3 1.2 0.2
v 0.4 1.2 0.1
v 0.5 1.2 0.1
v 0.6 1.2 0.1
v 0.8 1.2 0.1
v 0.4 1.2 0
v 0.5 1.2 0
v 0.6 1.2 0
v 0.8 1.2 0
v -0.5 1.2 -1.2
v -0.4 1.2 -1.2
v -0.5 1.2 -1.3
v -0.4 1.2 -1.3
v 0.8 1.3 0.5
v 0.9 1.3 0.5
v 0.8 1.3 0.3
v 0.9 1.3 0.3
v 0.8 1.3 0.2
v 0.9 1.3 0.2
v 0.5 1.3 0
v 0.7 1.3 0
v 0.5 1.3 -0.0999999
v 0.7 1.3 -0.0999999
v -0.6 1.3 -0.7
v -0.5 1.3 -0.7
v -0.9 1.3 -0.8
v -0.8 1.3 -0.8
v -0.6 1.3 -0.8
v -0.5 1.3 -0.8
v -0.4 1.3 -0.8
v -0.3 1.3 -0.8
v -0.9 1.3 -0.9
v -0.8 1.3 -0.9
v -0.4 1.3 -0.9
v -0.3 1.3 -0.9
v -0.4 1.3 -1.1
v -0.4 1.3 -1.2
v -0.3 1.3 -1.2
v 0.4 1.4 0.5
v 0.5 1.4 0.5
v 0.4 1.4 0.4
v 0.5 1.4 0.4
v 0.2 1.4 0.2
v 0.3 1.4 0.2
v 0.2 1.4 0.1
v 0.3 1.4 0.1
v 0.4 1.4 0
v 0.5 1.4 0
v 0.7 1.4 0
v 0.8 1.4 0
v 0.4 1.4 -0.0999999
v 0.5 1.4 -0.0999999
v 0.7 1.4 -0.0999999
v 0.8 1.4 -0.0999999
v -0.7 1.4 -0.7
v -0.6 1.4 -0.7
v -0.5 1.4 -0.7
v -0.4 1.4 -0.7
v -0.7 1.4 -0.8
v -0.6 1.4 -0.8
v -0.5 1.4 -0.8
v -0.4 1.4 -0.8
v -0.3 1.4 -0.8
v -0.2 1.4 -0.8
v -0.3 1.4 -0.9
v -0.3 1.4 -1
v -0.2 1.4 -1
v 0.2 1.5 0.1
v 0.4 1.5 0.1
v 0.2 1.5 0
v 0.4 1.5 0
v -0.4 1.5 -0.7
v -0.3 1.5 -0.7
v -0.4 1.5 -0.8
v -0.3 1.5 -0.8
v -0.3 1.5 -1
v -0.2 1.5 -1
v -0.4 1.5 -1.2
v -0.3 1.5 -1.2
v -0.2 1.5 -1.2
v -0.4 1.5 -1.3
v -0.3 1.5 -1.3
v 0.4 1.6 0
v 0.5 1.6 0
v 0.4 1.6 -0.0999999
v 0.5 1.6 -0.0999999
v -0.9 1.6 -0.7
v -0.7 1.6 -0.7
v -0.9 1.6 -0.8
v -0.7 1.6 -0.8
v -0.8 1.6 -1.1
v -0.7 1.6 -1.1
v -0.8 1.6 -1.2
v -0.7 1.6 -1.2
v -0.6 1.6 -1.2
v -0.5 1.6 -1.2
v -0.4 1.6 -1.2
v -0.3 1.6 -1.2
v -0.2 1.6 -1.2
v -0.7 1.6 -1.3
v -0.6 1.6 -1.3
v -0.5 1.6 -1.3
v -0.4 1.6 -1.3
v -0.3 1.6 -1.3
v -0.2 1.6 -1.3
v 0.7 1.7 0.4
v 0.8 1.7 0.4
v 0.7 1.7 0.3
v 0.8 1.7 0.3
v 0.9 1.7 0.3
v 0.8 1.7 0.2
v 0.8 1.7 0.1
v 0.9 1.7 0.1
v 0.6 1.7 0
v 0.7 1.7 0
v 0.4 1.7 -0.0999999
v 0.5 1.7 -0.0999999
v 0.6 1.7 -0.0999999
v 0.7 1.7 -0.0999999
v 0.4 1.7 -0.2
v 0.5 1.7 -0.2
v -0.7 1.7 -0.7
v -0.5 1.7 -0.7
v -0.7 1.7 -0.8
v -0.5 1.7 -0.8
v -0.9 1.7 -1
v -0.8 1.7 -1
v -0.9 1.7 -1.2
v -0.8 1.7 -1.2
v 0.5 1.8 0.6
v 0.7 1.8 0.6
v 0.7 1.8 0.5
v 0.8 1.8 0.5
v 0.3 1.8 0.4
v 0.4 1.8 0.4
v 0.5 1.8 0.4
v 0.8 1.8 0.4
v 0.9 1.8 0.4
v 0.3 1.8 0.3
v 0.4 1.8 0.3
v 0.8 1.8 0.3
v 0.9 1.8 0.3
v 0.8 1.8 0.1
v 0.9 1.8 0.1
v 0.3 1.8 0
v 0.4 1.8 0
v 0.7 1.8 0
v 0.8 1.8 0
v 0.9 1.8 0
v 0.3 1.8 -0.0999999
v 0.4 1.8 -0.0999999
v 0.5 1.8 -0.0999999
v 0.6 1.8 -0.0999999
v 0.7 1.8 -0.0999999
v 0.8 1.8 -0.0999999
v 0.5 1.8 -0.2
v 0.6 1.8 -0.2
v -0.9 1.8 -0.7
v -0.8 1.8 -0.7
v -0.3 1.8 -0.7
v -0.2 1.8 -0.7
v -0.9 1.8 -0.8
v -0.8 1.8 -0.8
v -1 1.8 -1
v -0.9 1.8 -1
v -0.3 1.8 -1.1
v -1 1.8 -1.2
v -0.9 1.8 -1.2
v -0.6 1.8 -1.2
v -0.3 1.8 -1.2
v -0.2 1.8 -1.2
v -0.9 1.8 -1.3
v -0.6 1.8 -1.3
v 0.2 1.9 0.5
v 0.4 1.9 0.5
v 0.5 1.9 0.5
v 0.3 1.9 0.4
v 0.4 1.9 0.4
v 0.5 1.9 0.4
v 0.2 1.9 0.3
v 0.3 1.9 0.3
v 0.2 1.9 0.1
v 0.3 1.9 0.1
v 0.8 1.9 0
v 0.9 1.9 0
v 0.8 1.9 -0.0999999
v 0.9 1.9 -0.0999999
v 0.4 1.9 -0.2
v 0.5 1.9 -0.2
v 0.4 1.9 -0.3
v 0.5 1.9 -0.3
v -0.7 1.9 -0.6
v -0.6 1.9 -0.6
v -0.3 1.9 -0.6
v -0.2 1.9 -0.6
v -0.7 1.9 -0.7
v -0.6 1.9 -0.7
v -0.4 1.9 -0.7
v -0.3 1.9 -0.7
v -0.2 1.9 -0.7
v -1 1.9 -0.8
v -0.9 1.9 -0.8
v -0.9 1.9 -0.9
v -0.8 1.9 -0.9
v -0.2 1.9 -0.9
v -0.1 1.9 -0.9
v -1 1.9 -1
v -0.8 1.9 -1
v -0.6 1.9 -1.2
v -0.5 1.9 -1.2
v -0.3 1.9 -1.2
v -0.2 1.9 -1.2
v -0.6 1.9 -1.3
v -0.4 1.9 -1.3
v -0.3 1.9 -1.3
v -0.2 1.9 -1.3
v -0.1 1.9 -1.3
v -0.6 1.9 -1.4
v -0.4 1.9 -1.4
v -0.3 1.9 -1.4
v -0.2 1.9 -1.4
v 0.0999999 2 0.2
v 0.2 2 0.2
v 0.2 2 0.1
v 0.3 2 0.1
v 0.2 2 0
v 0.3 2 0
v 0.6 2 0
v 0.7 2 0
v 0.8 2 0
v 0.0999999 2 -0.0999999
v 0.2 2 -0.0999999
v 0.3 2 -0.0999999
v 0.4 2 -0.0999999
v 0.6 2 -0.0999999
v 0.7 2 -0.0999999
v 0.8 2 -0.0999999
v 0.5 2 -0.2
v 0.6 2 -0.2
v 0.7 2 -0.2
v 0.3 2 -0.3
v 0.4 2 -0.3
v 0.5 2 -0.3
v 0.4 2 -0.4
v 0.6 2 -0.4
v -0.5 2 -0.5
v -0.4 2 -0.5
v -0.3 2 -0.5
v -0.5 2 -0.6
v -0.4 2 -0.6
v -0.3 2 -0.6
v -0.7 2 -1.3
v -0.6 2 -1.3
v -0.7 2 -1.4
v -0.6 2 -1.4
v -2.38419e-07 2.1 0.3
v 0.2 2.1 0.3
v 0.0999999 2.1 0.2
v 0.2 2.1 0.2
v -2.38419e-07 2.1 0
v 0.0999999 2.1 0
v 0.2 2.1 0
v 0.3 2.1 0
v 0.0999999 2.1 -0.0999999
v 0.2 2.1 -0.0999999
v 0.0999999 2.1 -0.2
v 0.2 2.1 -0.2
v 0.6 2.1 -0.2
v 0.7 2.1 -0.2
v 0.2 2.1 -0.3
v 0.3 2.1 -0.3
v 0.4 2.1 -0.3
v 0.3 2.1 -0.4
v 0.4 2.1 -0.4
v 0.6 2.1 -0.4
v 0.7 2.1 -0.4
v -0.2 2.1 -0.7
v -0.1 2.1 -0.7
v -0.2 2.1 -0.9
v -0.1 2.1 -0.9
v -0.8 2.1 -1.2
v -0.7 2.1 -1.2
v -0.8 2.1 -1.3
v -0.7 2.1 -1.3
v -2.38419e-07 2.2 0
v 0.0999999 2.2 0
v -2.38419e-07 2.2 -0.0999999
v 0.0999999 2.2 -0.0999999
v 0.0999999 2.2 -0.2
v 0.2 2.2 -0.2
v 0.0999999 2.2 -0.3
v 0.2 2.2 -0.3
v 0.3 2.2 -0.3
v -0.6 2.2 -0.4
v -0.4 2.2 -0.4
v -0.3 2.2 -0.4
v 0.2 2.2 -0.4
v 0.3 2.2 -0.4
v 0.4 2.2 -0.4
v 0.5 2.2 -0.4
v -0.7 2.2 -0.5
v -0.6 2.2 -0.5
v -0.5 2.2 -0.5
v -0.4 2.2 -0.5
v -0.3 2.2 -0.5
v 0.4 2.2 -0.5
v 0.5 2.2 -0.5
v -0.8 2.2 -0.6
v -0.7 2.2 -0.6
v -0.5 2.2 -0.6
v -0.8 2.2 -0.7
v -0.7 2.2 -0.7
v -0.2 2.2 -0.9
v -0.1 2.2 -0.9
v -0.2 2.2 -1.1
v -0.1 2.2 -1.1
v 0.7 2.3 0.3
v 0.8 2.3 0.3
v -2.38419e-07 2.3 0.2
v 0.0999999 2.3 0.2
v -2.38419e-07 2.3 0.1
v 0.0999999 2.3 0.1
v 0.7 2.3 -0.0999999
v 0.8 2.3 -0.0999999
v -0.6 2.3 -0.3
v -0.5 2.3 -0.3
v -0.4 2.3 -0.3
v 0.0999999 2.3 -0.3
v 0.2 2.3 -0.3
v -0.8 2.3 -0.4
v -0.6 2.3 -0.4
v -0.5 2.3 -0.4
v -0.4 2.3 -0.4
v 0.0999999 2.3 -0.4
v 0.2 2.3 -0.4
v 0.3 2.3 -0.4
v 0.4 2.3 -0.4
v -0.8 2.3 -0.5
v -0.7 2.3 -0.5
v -0.6 2.3 -0.5
v 0.2 2.3 -0.5
v 0.4 2.3 -0.5
v -0.8 2.3 -0.6
v -0.7 2.3 -0.6
v -0.3 2.3 -0.6
v -0.2 2.3 -0.6
v -0.3 2.3 -0.7
v -0.2 2.3 -0.7
v -0.8 2.4 -0.3
v -0.6 2.4 -0.3
v -0.4 2.4 -0.3
v -0.3 2.4 -0.3
v -0.8 2.4 -0.4
v -0.6 2.4 -0.4
v -0.4 2.4 -0.4
v -0.3 2.4 -0.4
v -0.2 2.4 -0.6
v -0.1 2.4 -0.6
v -0.2 2.4 -0.7
v -0.1 2.4 -0.7
v -0.3 2.4 -1.1
v -0.2 2.4 -1.1
v -0.3 2.4 -1.2
v -0.2 2.4 -1.2
v 0.7 2.5 0.2
v 0.8 2.5 0.2
v -2.38419e-07 2.5 0.1
v 0.0999999 2.5 0.1
v 0.7 2.5 0.1
v 0.8 2.5 0.1
v 0.7 2.5 -0.0999999
v 0.8 2.5 -0.0999999
v -2.38419e-07 2.5 -0.3
v 0.0999999 2.5 -0.3
v 0.2 2.5 -0.3
v 0.6 2.5 -0.3
v 0.7 2.5 -0.3
v 0.8 2.5 -0.3
v -0.3 2.5 -0.4
v -0.2 2.5 -0.4
v 0.0999999 2.5 -0.4
v 0.2 2.5 -0.4
v 0.4 2.5 -0.4
v 0.6 2.5 -0.4
v 0.7 2.5 -0.4
v -0.3 2.5 -0.5
v -0.2 2.5 -0.5
v -0.1 2.5 -0.5
v 0.4 2.5 -0.5
v 0.6 2.5 -0.5
v -0.3 2.5 -0.6
v -0.2 2.5 -0.6
v -0.1 2.5 -0.6
v 0.0999999 2.7 0.3
v 0.2 2.7 0.3
v 0.0999999 2.7 0.2
v 0.2 2.7 0.2
v -0.2 2.7 -0.0999999
v -2.38419e-07 2.7 -0.0999999
v 0.0999999 2.7 -0.0999999
v -0.3 2.7 -0.3
v -0.2 2.7 -0.3
v -2.38419e-07 2.7 -0.3
v 0.0999999 2.7 -0.3
v 0.4 2.7 -0.3
v -0.3 2.7 -0.4
v -0.2 2.7 -0.4
v 0.0999999 2.7 -0.4
v 0.4 2.7 -0.4
v -0.2 2.7 -0.5
v -2.38419e-07 2.7 -0.5
v 0.0999999 2.7 -0.5
v -0.1 2.7 -0.6
v -2.38419e-07 2.7 -0.6
v -0.2 2.7 -0.7
v -0.1 2.7 -0.7
v -2.38419e-07 2.8 0.2
v 0.0999999 2.8 0.2
v 0.2 2.8 0.2
v 0.3 2.8 0.2
v -0.2 2.8 0.1
v -2.38419e-07 2.8 0.1
v 0.2 2.8 0.1
v 0.3 2.8 0.1
v -2.38419e-07 2.8 0
v 0.0999999 2.8 0
v -0.3 2.8 -0.0999999
v -0.2 2.8 -0.0999999
v -2.38419e-07 2.8 -0.0999999
v -0.5 2.8 -0.2
v -0.3 2.8 -0.2
v -0.5 2.8 -0.3
v -0.4 2.8 -0.3
v -0.3 2.8 -0.3
v -0.2 2.8 -0.3
v 0.5 2.8 -0.3
v 0.6 2.8 -0.3
v -0.5 2.8 -0.4
v -0.4 2.8 -0.4
v -0.3 2.8 -0.4
v 0.0999999 2.8 -0.4
v 0.4 2.8 -0.4
v 0.5 2.8 -0.4
v 0.6 2.8 -0.4
v 0.0999999 2.8 -0.5
v 0.4 2.8 -0.5
v 0.5 2.8 -0.5
v 0.0999999 2.8 -0.6
v 0.2 2.8 -0.6
v 0.4 2.8 -0.6
v -0.3 2.8 -0.8
v -0.2 2.8 -0.8
v 0.0999999 2.8 -0.8
v 0.2 2.8 -0.8
v -0.3 2.8 -0.9
v -0.2 2.8 -0.9
v -0.6 2.9 -0.2
v -0.5 2.9 -0.2
v -0.6 2.9 -0.3
v -0.5 2.9 -0.3
v -0.6 2.9 -0.4
v -0.5 2.9 -0.4
v -0.1 2.9 -0.5
v 0.0999999 2.9 -0.5
v -0.1 2.9 -0.6
v 0.0999999 2.9 -0.6
v 0.2 2.9 -0.6
v 0.4 2.9 -0.6
v -0.2 2.9 -0.7
v -0.1 2.9 -0.7
v 0.3 2.9 -0.7
v 0.4 2.9 -0.7
v -0.2 2.9 -0.8
v 0.0999999 2.9 -0.8
v 0.2 2.9 -0.8
v 0.3 2.9 -0.8
v 1 3 0.4
v 1.1 3 0.4
v 1 3 0.3
v 1.1 3 0.3
v -0.3 3 0
v -0.2 3 0
v -0.4 3 -0.0999999
v -0.3 3 -0.0999999
v -0.2 3 -0.0999999
v -0.4 3 -0.2
v -0.3 3 -0.2
v 0.3 3 -0.7
v 0.4 3 -0.7
v 0.3 3 -0.8
v 0.4 3 -0.8
v 0.9 3.1 0.4
v 1 3.1 0.4
v 1.1 3.1 0.4
v 1.2 3.1 0.4
v 0.9 3.1 0.3
v 1 3.1 0.3
v 1.1 3.1 0.3
v 1.2 3.1 0.2
v 1.3 3.1 0.2
v 1 3.1 0.1
v 1.3 3.1 0.1
v 1.2 3.2 0.3
v 1.3 3.2 0.3
v 1.2 3.2 0.2
v 1.3 3.2 0.2
v 1.4 3.2 0.2
v 1.1 3.2 0.1
v 1.2 3.2 0.1
v 1.3 3.2 0.1
v 1.1 3.2 0
v 1.2 3.2 0
v 1.2 3.2 -0.0999999
v 1.4 3.2 -0.0999999
v -0.1 3.2 -0.7
v -2.38419e-07 3.2 -0.7
v -0.1 3.2 -0.8
v -2.38419e-07 3.2 -0.8
v 1.2 3.3 -0.0999999
v 1.4 3.3 -0.0999999
v 1.2 3.3 -0.2
v 1.4 3.3 -0.2
v 1 3.4 0.7
v 1.2 3.4 0.7
v 1 3.4 0.6
v 1.1 3.4 0.6
v 1.1 3.4 0.5
v 1.2 3.4 0.5
v 1.1 3.4 0.1
v 1.2 3.4 0.1
v 1.4 3.4 0.1
v 1.5 3.4 0.1
v 1.1 3.4 -0.2
v 1.2 3.4 -0.2
v 1.4 3.4 -0.2
v 1.4 3.4 -0.3
v 1.5 3.4 -0.3
v 1.2 3.4 -0.4
v 1.4 3.4 -0.4
v 1 3.5 0.6
v 1.1 3.5 0.6
v 1.2 3.5 0.6
v 1.3 3.5 0.6
v 1 3.5 0.5
v 1.1 3.5 0.5
v 1.2 3.5 0.5
v 1.1 3.5 0.4
v 1.2 3.5 0.4
v 1.3 3.5 0.4
v 1.4 3.5 0.4
v 1.2 3.5 0.1
v 1.4 3.5 0.1
v 1 3.5 -0.0999999
v 1.1 3.5 -0.0999999
v 1 3.5 -0.2
v 1.1 3.5 -0.2
v 1.2 3.5 -0.2
v 1.1 3.5 -0.3
v 1.2 3.5 -0.3
v -0.4 3.5 -0.6
v -0.3 3.5 -0.6
v -0.4 3.5 -0.7
v -0.3 3.5 -0.7
v 1.1 3.6 0.4
v 1.2 3.6 0.4
v 1.1 3.6 0.3
v 1.2 3.6 0.3
v 1.1 3.6 0.2
v 1.2 3.6 0.2
v 1.1 3.6 0.1
v 1.2 3.6 0.1
v 1 3.6 -0.2
v 1.1 3.6 -0.2
v 1.1 3.6 -0.3
v 1.2 3.6 -0.3
v 1 3.6 -0.4
v 1.1 3.6 -0.4
v 1.2 3.6 -0.4
v 1.3 3.6 -0.4
v 1.4 3.6 -0.4
v 1.1 3.6 -0.5
v 1.2 3.6 -0.5
v 1.4 3.6 -0.5
v -2.38419e-07 3.6 -0.7
v 0.0999999 3.6 -0.7
v -2.38419e-07 3.6 -0.8
v 0.0999999 3.6 -0.8
v -0.4 3.7 0
v -0.2 3.7 0
v -0.1 3.7 0
v -2.38419e-07 3.7 0
v 0.0999999 3.7 0
v 0.3 3.7 0
v -0.5 3.7 -0.0999999
v -0.4 3.7 -0.0999999
v -0.2 3.7 -0.0999999
v -0.1 3.7 -0.0999999
v -2.38419e-07 3.7 -0.0999999
v 0.0999999 3.7 -0.0999999
v 0.2 3.7 -0.0999999
v 0.3 3.7 -0.0999999
v 0.4 3.7 -0.0999999
v -0.4 3.7 -0.2
v 0.3 3.7 -0.2
v 1.5 3.7 -0.2
v 1.6 3.7 -0.2
v -0.4 3.7 -0.3
v 1.4 3.7 -0.3
v 1.5 3.7 -0.3
v -0.4 3.7 -0.4
v 0.3 3.7 -0.4
v 1.4 3.7 -0.4
v -0.4 3.7 -0.5
v 0.3 3.7 -0.5
v 1.2 3.7 -0.5
v 1.4 3.7 -0.5
v 1.6 3.7 -0.5
v -0.4 3.7 -0.6
v -0.3 3.7 -0.6
v 0.3 3.7 -0.6
v -0.5 3.7 -0.7
v -0.4 3.7 -0.7
v -0.3 3.7 -0.7
v -0.2 3.7 -0.7
v -0.1 3.7 -0.7
v -2.38419e-07 3.7 -0.7
v 0.0999999 3.7 -0.7
v 0.2 3.7 -0.7
v 0.3 3.7 -0.7
v 0.4 3.7 -0.7
v 1.2 3.7 -0.7
v 1.4 3.7 -0.7
v -0.4 3.7 -0.8
v -0.3 3.7 -0.8
v -0.1 3.7 -0.8
v -2.38419e-07 3.7 -0.8
v 0.0999999 3.7 -0.8
v 0.2 3.7 -0.8
v 1.2 3.8 0.5
v 1.3 3.8 0.5
v 1.1 3.8 0.4
v 1.2 3.8 0.4
v 1.2 3.8 0.3
v 1.3 3.8 0.3
v 1.1 3.8 0.2
v 1.2 3.8 0.2
v 1.4 3.8 -0.0999999
v 1.5 3.8 -0.0999999
v 1.4 3.8 -0.2
v 1.5 3.8 -0.2
v 1.1 3.8 -0.5
v 1.2 3.8 -0.5
v 1.4 3.8 -0.5
v 1.5 3.8 -0.5
v 1.1 3.8 -0.6
v 1.2 3.8 -0.6
v 1.4 3.8 -0.6
v 1.5 3.8 -0.6
v -2.38419e-07 3.8 -0.7
v 0.0999999 3.8 -0.7
v 0.2 3.8 -0.7
v 0.3 3.8 -0.7
v 1.2 3.8 -0.7
v 1.4 3.8 -0.7
v -2.38419e-07 3.8 -0.8
v 0.0999999 3.8 -0.8
v 0.2 3.8 -0.8
v 0.3 3.8 -0.8
v 1.2 3.8 -0.8
v 1.4 3.8 -0.8
v -1.2 3.9 0.6
v -1.1 3.9 0.6
v 1 3.9 0.5
v 1.2 3.9 0.5
v -1.2 3.9 0.4
v -1.1 3.9 0.4
v 1 3.9 0.4
v 1.1 3.9 0.4
v 1.2 3.9 0.4
v -0.6 3.9 0.1
v -0.5 3.9 0.1
v -0.3 3.9 0.1
v -0.1 3.9 0.1
v -2.38419e-07 3.9 0.1
v 0.0999999 3.9 0.1
v 0.4 3.9 0.1
v -0.5 3.9 0
v -0.4 3.9 0
v -0.3 3.9 0
v -0.2 3.9 0
v -0.1 3.9 0
v -2.38419e-07 3.9 0
v 0.0999999 3.9 0
v 0.3 3.9 0
v 0.4 3.9 0
v 0.5 3.9 0
v -0.5 3.9 -0.0999999
v -0.4 3.9 -0.0999999
v 0.3 3.9 -0.0999999
v 0.4 3.9 -0.0999999
v 0.5 3.9 -0.0999999
v -0.5 3.9 -0.2
v 0.4 3.9 -0.2
v 0.5 3.9 -0.2
v 0.6 3.9 -0.2
v 1.3 3.9 -0.2
v 1.4 3.9 -0.2
v -0.6 3.9 -0.3
v -0.5 3.9 -0.3
v 0.4 3.9 -0.3
v 0.6 3.9 -0.3
v 1.1 3.9 -0.3
v 1.2 3.9 -0.3
v 1.3 3.9 -0.3
v 1.4 3.9 -0.3
v 1.1 3.9 -0.4
v 1.2 3.9 -0.4
v 0.4 3.9 -0.5
v 0.6 3.9 -0.5
v -0.6 3.9 -0.6
v -0.5 3.9 -0.6
v 0.5 3.9 -0.6
v 0.6 3.9 -0.6
v -0.6 3.9 -0.7
v -0.5 3.9 -0.7
v 0.3 3.9 -0.7
v 0.4 3.9 -0.7
v 0.5 3.9 -0.7
v 0.3 3.9 -0.8
v 0.4 3.9 -0.8
v -1.3 4 0.7
v -1.2 4 0.7
v -1.2 4 0.6
v -1.3 4 0.5
v -1.2 4 0.5
v -1.2 4 0.4
v -1.1 4 0.4
v -1 4 0.4
v -1.2 4 0.3
v -1.1 4 0.3
v -0.6 4 0.2
v -0.2 4 0.2
v -0.1 4 0.2
v -2.38419e-07 4 0.2
v 0.0999999 4 0.2
v 0.6 4 0.2
v -1.1 4 0.1
v -1 4 0.1
v -0.6 4 0.1
v -0.5 4 0.1
v -0.3 4 0.1
v -0.2 4 0.1
v -0.1 4 0.1
v -2.38419e-07 4 0.1
v 0.0999999 4 0.1
v 0.4 4 0.1
v 0.5 4 0.1
v 0.6 4 0.1
v 0.4 4 0
v 0.5 4 0
v 0.5 4 -0.0999999
v 0.5 4 -0.2
v 0.6 4 -0.2
v 1.5 4 -0.4
v 1.6 4 -0.4
v 1.5 4 -0.5
v 1.6 4 -0.5
v -1.6 4.1 1
v -1.5 4.1 1
v -1.5 4.1 0.9
v -1.3 4.1 0.9
v -1.6 4.1 0.8
v -1.4 4.1 0.8
v -1.3 4.1 0.7
v -1.4 4.1 0.6
v -1.3 4.1 0.6
v -0.7 4.1 0.3
v -0.2 4.1 0.3
v 0.0999999 4.1 0.3
v 0.6 4.1 0.3
v -0.7 4.1 0.2
v -0.6 4.1 0.2
v -0.2 4.1 0.2
v -0.1 4.1 0.2
v -2.38419e-07 4.1 0.2
v 0.0999999 4.1 0.2
v 0.6 4.1 0.2
v -0.7 4.1 0.1
v -0.6 4.1 0.1
v -0.7 4.1 0
v -0.6 4.1 0
v -0.7 4.1 -0.2
v -0.6 4.1 -0.2
v -0.7 4.1 -0.3
v -0.6 4.1 -0.3
v -0.7 4.1 -0.5
v -0.6 4.1 -0.5
v 1.2 4.1 -0.6
v 1.3 4.1 -0.6
v 1.2 4.1 -0.7
v 1.3 4.1 -0.7
v -1.8 4.2 2.3
v -1.3 4.2 2.3
v -1.8 4.2 2.2
v -1.3 4.2 2.2
v -1.6 4.2 1.1
v -1.5 4.2 1.1
v -1.6 4.2 1
v -1.5 4.2 1
v -1.7 4.2 0.7
v -1.6 4.2 0.7
v -1.7 4.2 0.4
v -1.6 4.2 0.4
v -0.7 4.2 0.4
v -0.1 4.2 0.4
v -2.38419e-07 4.2 0.4
v 0.7 4.2 0.4
v -0.7 4.2 0.3
v -0.2 4.2 0.3
v -0.1 4.2 0.3
v -2.38419e-07 4.2 0.3
v 0.0999999 4.2 0.3
v 0.6 4.2 0.3
v 0.7 4.2 0.3
v 0.6 4.2 0.2
v 0.7 4.2 0.2
v 0.8 4.2 0.2
v -1.1 4.2 0.1
v -1 4.2 0.1
v -0.8 4.2 0.1
v -0.7 4.2 0.1
v 0.6 4.2 0.1
v 0.7 4.2 0.1
v 0.8 4.2 0.1
v -1.1 4.2 0
v -1 4.2 0
v -0.8 4.2 0
v -0.7 4.2 0
v 0.6 4.2 0
v 0.7 4.2 0
v -0.8 4.2 -0.2
v -0.7 4.2 -0.2
v 0.6 4.2 -0.2
v 0.7 4.2 -0.2
v 1.2 4.2 -0.2
v 1.3 4.2 -0.2
v 0.6 4.2 -0.3
v 0.7 4.2 -0.3
v 1.2 4.2 -0.3
v 1.3 4.2 -0.3
v 1.5 4.2 -0.3
v 1.6 4.2 -0.3
v 1.1 4.2 -0.4
v 1.2 4.2 -0.4
v 1.5 4.2 -0.4
v 1.6 4.2 -0.4
v 0.6 4.2 -0.5
v 0.7 4.2 -0.5
v 0.8 4.2 -0.5
v 1.2 4.2 -0.5
v 0.5 4.2 -0.6
v 0.6 4.2 -0.6
v 0.7 4.2 -0.6
v 1.1 4.2 -0.6
v 1.2 4.2 -0.6
v 0.5 4.2 -0.7
v 0.6 4.2 -0.7
v 1.1 4.2 -0.7
v 1.2 4.2 -0.7
v -1.9 4.3 2.3
v -1.8 4.3 2.3
v -1.3 4.3 2.3
v -1.2 4.3 2.3
v -1.9 4.3 2.2
v -1.8 4.3 2.2
v -1.3 4.3 2.2
v -1.2 4.3 2.2
v -1.8 4.3 2.1
v -1.3 4.3 2.1
v -1.8 4.3 1.5
v -1.6 4.3 1.5
v -1.8 4.3 1.4
v -1.6 4.3 1.4
v -1.3 4.3 1.4
v -1.8 4.3 1.2
v -1.6 4.3 1.2
v -1.5 4.3 1.2
v -1.3 4.3 1.2
v -1.6 4.3 1.1
v -1.5 4.3 1.1
v -1.7 4.3 0.9
v -1.6 4.3 0.9
v -1.7 4.3 0.7
v -1.6 4.3 0.7
v -1.7 4.3 0.4
v -1.6 4.3 0.4
v -1.5 4.3 0.4
v -1.7 4.3 0.3
v -1.5 4.3 0.3
v -1.1 4.3 0
v -1 4.3 0
v -1.1 4.3 -0.0999999
v -1 4.3 -0.0999999
v -0.9 4.3 -0.0999999
v 1.1 4.3 -0.0999999
v 1.3 4.3 -0.0999999
v -1 4.3 -0.2
v -0.9 4.3 -0.2
v 1.2 4.3 -0.2
v 1.3 4.3 -0.2
v 1.1 4.3 -0.4
v 1.2 4.3 -0.4
v -0.6 4.3 -0.7
v -0.5 4.3 -0.7
v -0.4 4.3 -0.7
v -0.2 4.3 -0.7
v 0.0999999 4.3 -0.7
v 0.3 4.3 -0.7
v 0.4 4.3 -0.7
v 0.5 4.3 -0.7
v -0.6 4.3 -0.8
v -0.5 4.3 -0.8
v -0.4 4.3 -0.8
v -0.2 4.3 -0.8
v 0.0999999 4.3 -0.8
v 0.3 4.3 -0.8
v 0.4 4.3 -0.8
v 0.5 4.3 -0.8
v -2 4.4 2.3
v -1.9 4.4 2.3
v -1.2 4.4 2.3
v -1.1 4.4 2.3
v -2 4.4 2.2
v -1.9 4.4 2.2
v -1.8 4.4 2.2
v -1.3 4.4 2.2
v -1.2 4.4 2.2
v -1.1 4.4 2.2
v -1.9 4.4 2.1
v -1.8 4.4 2.1
v -1.3 4.4 2.1
v -1.2 4.4 2.1
v -1.9 4.4 1.6
v -1.8 4.4 1.6
v -1.8 4.4 1.5
v -1.9 4.4 1.4
v -1.8 4.4 1.4
v -1.3 4.4 1.4
v -1.2 4.4 1.4
v -1.9 4.4 1.3
v -1.8 4.4 1.3
v -1.7 4.4 1.2
v -1.6 4.4 1.2
v -1.5 4.4 1.2
v -1.3 4.4 1.2
v -1.2 4.4 1.2
v -1.7 4.4 1.1
v -1.6 4.4 1.1
v -1.5 4.4 1.1
v -1.3 4.4 1.1
v -1.7 4.4 1
v -1.6 4.4 1
v -1.7 4.4 0.9
v -1.6 4.4 0.9
v -1.5 4.4 0.9
v -1.5 4.4 0.8
v -1.3 4.4 0.8
v -1.5 4.4 0.7
v -1.4 4.4 0.7
v -1.6 4.4 0.6
v -1.6 4.4 0.5
v -1.5 4.4 0.5
v -1.4 4.4 0.5
v -1.3 4.4 0.5
v -1.2 4.4 0.5
v -1.5 4.4 0.4
v -1.4 4.4 0.4
v -1.3 4.4 0.4
v -1.5 4.4 0.3
v -1.4 4.4 0.3
v -0.8 4.4 0.3
v -0.7 4.4 0.3
v 0.7 4.4 0.3
v 0.8 4.4 0.3
v -1.4 4.4 0.2
v -1.3 4.4 0.2
v -1.2 4.4 0.2
v 0.7 4.4 0.2
v 0.8 4.4 0.2
v -0.8 4.4 0.1
v -0.7 4.4 0.1
v 0.7 4.4 0.1
v 0.8 4.4 0.1
v 1.1 4.4 0
v 1.2 4.4 0
v 1 4.4 -0.0999999
v 1.1 4.4 -0.0999999
v 1.2 4.4 -0.0999999
v -0.8 4.4 -0.2
v -0.7 4.4 -0.2
v 1.4 4.4 -0.2
v 1.5 4.4 -0.2
v 1.4 4.4 -0.3
v 1.5 4.4 -0.3
v 0.7 4.4 -0.4
v 0.8 4.4 -0.4
v -0.7 4.4 -0.5
v -0.6 4.4 -0.5
v 0.7 4.4 -0.5
v 0.8 4.4 -0.5
v 1 4.4 -0.5
v 1.1 4.4 -0.5
v 0.5 4.4 -0.6
v 0.6 4.4 -0.6
v -0.8 4.4 -0.7
v -0.7 4.4 -0.7
v -0.6 4.4 -0.7
v 0.3 4.4 -0.7
v 0.4 4.4 -0.7
v 0.5 4.4 -0.7
v 0.6 4.4 -0.7
v -0.7 4.4 -0.8
v -0.6 4.4 -0.8
v -0.4 4.4 -0.8
v -0.2 4.4 -0.8
v -0.1 4.4 -0.8
v 0.3 4.4 -0.8
v 0.4 4.4 -0.8
v -0.4 4.4 -0.9
v -0.1 4.4 -0.9
v -1 4.4 -1
v -0.9 4.4 -1
v -1 4.4 -1.1
v -0.9 4.4 -1.1
v -1.1 4.5 2.3
v -1 4.5 2.3
v -1.2 4.5 2.2
v -1.1 4.5 2.2
v -1 4.5 2.2
v -1.2 4.5 2.1
v -1.1 4.5 2.1
v -1.2 4.5 1.4
v -1.1 4.5 1.4
v -1.9 4.5 1.3
v -1.8 4.5 1.3
v -1.8 4.5 1.2
v -1.7 4.5 1.2
v -1.3 4.5 1.2
v -1.2 4.5 1.2
v -1.1 4.5 1.2
v -1.9 4.5 1.1
v -1.8 4.5 1.1
v -1.7 4.5 1.1
v -1.3 4.5 1.1
v -1.2 4.5 1.1
v -1.8 4.5 1
v -1.7 4.5 1
v -1.6 4.5 1
v -1.6 4.5 0.9
v -1.5 4.5 0.9
v -1.7 4.5 0.8
v -1.6 4.5 0.8
v -1.5 4.5 0.8
v -1.3 4.5 0.8
v -1.2 4.5 0.8
v -1.8 4.5 0.7
v -1.7 4.5 0.7
v -1.6 4.5 0.7
v -1.8 4.5 0.6
v -1.7 4.5 0.6
v -1.7 4.5 0.5
v -1.6 4.5 0.5
v -1.5 4.5 0.5
v -1.4 4.5 0.5
v -1.3 4.5 0.5
v -1.2 4.5 0.5
v -1.1 4.5 0.5
v -1.6 4.5 0.4
v -1.4 4.5 0.4
v -1.3 4.5 0.4
v -1.2 4.5 0.4
v -1.1 4.5 0.4
v -1 4.5 0.4
v -1.1 4.5 0.3
v -1 4.5 0.3
v -0.9 4.5 0.3
v -0.8 4.5 0.3
v -1.4 4.5 0.2
v -1.3 4.5 0.2
v -1.2 4.5 0.2
v -0.9 4.5 0.2
v -0.8 4.5 0.2
v -1.4 4.5 0.1
v -1.3 4.5 0.1
v -1.1 4.5 0.1
v -0.9 4.5 0.1
v -0.8 4.5 0.1
v -1.4 4.5 0
v -1.2 4.5 0
v -1.1 4.5 0
v -1 4.5 0
v 1 4.5 0
v 1.1 4.5 0
v 1.2 4.5 0
v 1.3 4.5 0
v -1.2 4.5 -0.0999999
v -1.1 4.5 -0.0999999
v -1 4.5 -0.0999999
v -0.9 4.5 -0.0999999
v 1 4.5 -0.0999999
v 1.1 4.5 -0.0999999
v 1.2 4.5 -0.0999999
v 1.3 4.5 -0.0999999
v -1 4.5 -0.2
v -0.9 4.5 -0.2
v -1.1 4.5 -0.3
v -0.9 4.5 -0.3
v -0.8 4.5 -0.3
v 0.9 4.5 -0.3
v 1 4.5 -0.3
v -0.9 4.5 -0.4
v -0.8 4.5 -0.4
v 0.9 4.5 -0.5
v 1 4.5 -0.5
v -0.9 4.5 -0.6
v -0.8 4.5 -0.6
v -0.8 4.5 -0.7
v -0.7 4.5 -0.7
v -1.3 4.5 -0.8
v -1.2 4.5 -0.8
v -0.8 4.5 -0.8
v -0.7 4.5 -0.8
v -0.1 4.5 -0.8
v -2.38419e-07 4.5 -0.8
v 0.2 4.5 -0.8
v 0.3 4.5 -0.8
v 0.4 4.5 -0.8
v -1.3 4.5 -0.9
v -1.2 4.5 -0.9
v -1 4.5 -0.9
v -0.1 4.5 -0.9
v 0.2 4.5 -0.9
v 0.3 4.5 -0.9
v 0.4 4.5 -0.9
v -1.2 4.5 -1
v -1.1 4.5 -1
v -1 4.5 -1
v -0.9 4.5 -1
v -0.8 4.5 -1
v -1.1 4.5 -1.1
v -1 4.5 -1.1
v -0.9 4.5 -1.1
v -0.8 4.5 -1.1
v -2 4.6 1.3
v -1.9 4.6 1.3
v -2 4.6 1.2
v -1.9 4.6 1.2
v -1.8 4.6 0.8
v -1.7 4.6 0.8
v -1.8 4.6 0.7
v -1.7 4.6 0.7
v -1.8 4.6 0.6
v -1.7 4.6 0.6
v -1.8 4.6 0.5
v -1.7 4.6 0.5
v -1.6 4.6 0.5
v -1.8 4.6 0.4
v -1.7 4.6 0.4
v -1.6 4.6 0.4
v -1.5 4.6 0.4
v -2 4.6 0.3
v -1.8 4.6 0.3
v -1.6 4.6 0.3
v -1.5 4.6 0.3
v -1.4 4.6 0.3
v -1.2 4.6 0.3
v -1.1 4.6 0.3
v -1 4.6 0.3
v -2 4.6 0.2
v -1.8 4.6 0.2
v -1.6 4.6 0.2
v -1.5 4.6 0.2
v -1.1 4.6 0.2
v -1 4.6 0.2
v -1.5 4.6 0.1
v -1.4 4.6 0.1
v -1.2 4.6 0.1
v -1.1 4.6 0.1
v -1 4.6 0.1
v 0.8 4.6 0.1
v 0.9 4.6 0.1
v 1 4.6 0.1
v 1.1 4.6 0.1
v -1.4 4.6 0
v -1.2 4.6 0
v -1.1 4.6 0
v 0.9 4.6 0
v 1 4.6 0
v 1.1 4.6 0
v -1.4 4.6 -0.0999999
v -1.2 4.6 -0.0999999
v 0.8 4.6 -0.3
v 0.9 4.6 -0.3
v 1 4.6 -0.3
v 0.7 4.6 -0.4
v 0.8 4.6 -0.4
v 0.6 4.6 -0.5
v 0.7 4.6 -0.5
v 0.9 4.6 -0.5
v 1 4.6 -0.5
v 1.1 4.6 -0.5
v -1.6 4.6 -0.6
v -1.5 4.6 -0.6
v 0.6 4.6 -0.6
v 0.8 4.6 -0.6
v 0.9 4.6 -0.6
v 1 4.6 -0.6
v 1.1 4.6 -0.6
v -1.6 4.6 -0.7
v -1.5 4.6 -0.7
v -1.3 4.6 -0.7
v -1.5 4.6 -0.8
v -1.3 4.6 -0.8
v -0.5 4.6 -0.8
v -0.4 4.6 -0.8
v 0.2 4.6 -0.8
v 0.3 4.6 -0.8
v -0.5 4.6 -0.9
v -0.4 4.6 -0.9
v 0.2 4.6 -0.9
v 0.3 4.6 -0.9
v -2 4.7 1.2
v -1.9 4.7 1.2
v -1.9 4.7 1.1
v -2 4.7 1
v -1.9 4.7 1
v -1.3 4.7 0.8
v -1.1 4.7 0.8
v -1.3 4.7 0.7
v -1.2 4.7 0.7
v -1.1 4.7 0.7
v -1 4.7 0.7
v -1.2 4.7 0.6
v -1 4.7 0.6
v -1.2 4.7 0.4
v -1.1 4.7 0.4
v -0.9 4.7 0.4
v -0.8 4.7 0.4
v -0.7 4.7 0.4
v -1.2 4.7 0.3
v -1.1 4.7 0.3
v -0.9 4.7 0.3
v -0.8 4.7 0.3
v -0.7 4.7 0.3
v -2.1 4.7 0.2
v -2 4.7 0.2
v -2.1 4.7 0.1
v -2 4.7 0.1
v -1.5 4.7 0.1
v -1.4 4.7 0.1
v -1 4.7 0.1
v -0.9 4.7 0.1
v 0.9 4.7 0.1
v 1 4.7 0.1
v -1.5 4.7 0
v -1.4 4.7 0
v -1 4.7 0
v -0.9 4.7 0
v 0.9 4.7 0
v 1 4.7 0
v 0.8 4.7 -0.3
v 0.9 4.7 -0.3
v 0.8 4.7 -0.4
v -1.7 4.7 -0.5
v -1.6 4.7 -0.5
v 0.8 4.7 -0.5
v 0.9 4.7 -0.5
v -1.7 4.7 -0.6
v -1.6 4.7 -0.6
v -0.7 4.7 -0.8
v -0.6 4.7 -0.8
v -0.5 4.7 -0.8
v -0.7 4.7 -0.9
v -0.6 4.7 -0.9
v -0.5 4.7 -0.9
v -0.8 4.7 -1
v -0.7 4.7 -1
v -0.6 4.7 -1
v -0.8 4.7 -1.1
v -0.7 4.7 -1.1
v -1.2 4.8 2.3
v -1.1 4.8 2.3
v -1.3 4.8 2.2
v -1.2 4.8 2.2
v -1.1 4.8 2.2
v -1.3 4.8 2.1
v -1.2 4.8 2.1
v -2.1 4.8 1.1
v -2 4.8 1.1
v -2 4.8 1
v -2.1 4.8 0.9
v -2 4.8 0.9
v -1.1 4.8 0.6
v -1 4.8 0.6
v -0.9 4.8 0.6
v -1.1 4.8 0.5
v -0.9 4.8 0.5
v -1 4.8 0.2
v -0.9 4.8 0.2
v -2.1 4.8 0.1
v -2 4.8 0.1
v -1 4.8 0.1
v -0.9 4.8 0.1
v -2.1 4.8 0
v -2 4.8 0
v -1.8 4.8 0
v -2 4.8 -0.0999999
v -1.9 4.8 -0.0999999
v -1.2 4.8 -0.0999999
v -1.1 4.8 -0.0999999
v -1.8 4.8 -0.2
v -1.7 4.8 -0.2
v -1.2 4.8 -0.2
v -1.1 4.8 -0.2
v -1.9 4.8 -0.3
v -1.8 4.8 -0.3
v -1.7 4.8 -0.3
v -1.6 4.8 -0.3
v -1.8 4.8 -0.4
v -1.7 4.8 -0.4
v -1.7 4.8 -0.5
v -1.6 4.8 -0.5
v -1.9 4.9 2.3
v -1.7 4.9 2.3
v -1.3 4.9 2.3
v -1.2 4.9 2.3
v -1.9 4.9 2.2
v -1.8 4.9 2.2
v -1.4 4.9 2.2
v -1.3 4.9 2.2
v -1.2 4.9 2.2
v -1.8 4.9 2.1
v -1.7 4.9 2.1
v -1.4 4.9 2.1
v -1.3 4.9 2.1
v -2.2 4.9 0.9
v -2.1 4.9 0.9
v -2.2 4.9 0.7
v -2.1 4.9 0.7
v -2.1 4.9 0
v -2 4.9 0
v -2.1 4.9 -0.0999999
v -2 4.9 -0.0999999
v -1.7 5 2.3
v -1.3 5 2.3
v -1.4 5 2.2
v -1.3 5 2.2
v -1.7 5 2.1
v -1.4 5 2.1
v -1.6 5 1
v -1.4 5 1
v -1.6 5 0.9
v -1.4 5 0.9
v -1.1 5 0.5
v -1 5 0.5
v -0.9 5 0.5
v -1.1 5 0.4
v -0.9 5 0.4
v -1 5 0.3
v -0.9 5 0.3
v -1 5 0.2
v -0.9 5 0.2
v -1.5 5.1 0.9
v -1.4 5.1 0.9
v -1.5 5.1 0.8
v -1.4 5.1 0.8
v -2.2 5.1 0.7
v -2.1 5.1 0.7
v -2.2 5.1 0.6
v -2.1 5.1 0.6
v -0.1 5.1 0.4
v -2.38419e-07 5.1 0.4
v 0.2 5.1 0.4
v 0.3 5.1 0.4
v -0.1 5.1 0.3
v -2.38419e-07 5.1 0.3
v 0.2 5.1 0.3
v 0.3 5.1 0.3
v -2.1 5.1 0.2
v -2 5.1 0.2
v -1 5.1 0.2
v -0.9 5.1 0.2
v -2.1 5.1 0
v -2 5.1 0
v -1 5.1 0
v -0.9 5.1 0
v -1.3 5.1 -0.0999999
v -1.2 5.1 -0.0999999
v -1.2 5.1 -0.2
v -1.3 5.1 -0.3
v -1.2 5.1 -0.3
v -0.5 5.1 -0.6
v 0.4 5.1 -0.6
v -0.5 5.1 -0.7
v 0.4 5.1 -0.7
v -1.5 5.2 0.8
v -1.4 5.2 0.8
v -2.2 5.2 0.6
v -2.1 5.2 0.6
v -1.5 5.2 0.6
v -1.4 5.2 0.6
v -0.8 5.2 0.5
v -0.5 5.2 0.5
v 0.3 5.2 0.5
v 0.6 5.2 0.5
v -2.2 5.2 0.4
v -2.1 5.2 0.4
v -2 5.2 0.4
v -0.8 5.2 0.4
v -0.5 5.2 0.4
v 0.3 5.2 0.4
v 0.6 5.2 0.4
v -2.1 5.2 0.3
v -2 5.2 0.3
v -1.3 5.2 0.3
v -1.2 5.2 0.3
v -0.8 5.2 0.3
v -0.5 5.2 0.3
v 0.3 5.2 0.3
v 0.4 5.2 0.3
v 0.6 5.2 0.3
v -2.1 5.2 0.2
v -2 5.2 0.2
v -1.3 5.2 0.2
v -1.2 5.2 0.2
v -1.4 5.2 -0.2
v -1.3 5.2 -0.2
v -1.4 5.2 -0.3
v -1.3 5.2 -0.3
v -1.4 5.3 0.6
v -1.3 5.3 0.6
v -0.8 5.3 0.6
v -0.7 5.3 0.6
v -0.5 5.3 0.6
v 0.3 5.3 0.6
v 0.4 5.3 0.6
v 0.6 5.3 0.6
v 0.7 5.3 0.6
v -0.9 5.3 0.5
v -0.8 5.3 0.5
v -0.7 5.3 0.5
v -0.5 5.3 0.5
v -0.4 5.3 0.5
v -0.3 5.3 0.5
v -0.2 5.3 0.5
v -0.1 5.3 0.5
v -2.38419e-07 5.3 0.5
v 0.0999999 5.3 0.5
v 0.2 5.3 0.5
v 0.3 5.3 0.5
v 0.4 5.3 0.5
v 0.6 5.3 0.5
v 0.7 5.3 0.5
v 0.8 5.3 0.5
v -2 5.3 0.4
v -1.9 5.3 0.4
v -1.3 5.3 0.4
v -1.2 5.3 0.4
v -0.9 5.3 0.4
v -0.8 5.3 0.4
v -0.5 5.3 0.4
v 0.3 5.3 0.4
v 0.6 5.3 0.4
v 0.7 5.3 0.4
v 0.8 5.3 0.4
v -2 5.3 0.3
v -1.9 5.3 0.3
v -1.4 5.3 0.3
v -1.3 5.3 0.3
v -1.2 5.3 0.3
v -0.9 5.3 0.3
v -0.8 5.3 0.3
v -0.5 5.3 0.3
v -0.4 5.3 0.3
v -0.3 5.3 0.3
v -0.2 5.3 0.3
v -0.1 5.3 0.3
v -2.38419e-07 5.3 0.3
v 0.0999999 5.3 0.3
v 0.2 5.3 0.3
v 0.3 5.3 0.3
v 0.4 5.3 0.3
v 0.6 5.3 0.3
v 0.7 5.3 0.3
v 0.8 5.3 0.3
v -0.8 5.3 0.2
v -0.6 5.3 0.2
v -0.5 5.3 0.2
v 0.2 5.3 0.2
v 0.3 5.3 0.2
v 0.4 5.3 0.2
v 0.5 5.3 0.2
v 0.7 5.3 0.2
v -1.5 5.3 0
v -1.4 5.3 0
v -1.5 5.3 -0.2
v -1.4 5.3 -0.2
v 0.5 5.4 1.2
v 0.6 5.4 1.2
v 0.5 5.4 1
v 0.6 5.4 1
v -0.5 5.4 0.6
v -0.4 5.4 0.6
v -0.5 5.4 0.5
v -0.4 5.4 0.5
v -1.9 5.4 0.4
v -1.8 5.4 0.4
v -1.9 5.4 0.3
v -0.5 5.4 0.3
v -0.4 5.4 0.3
v 0.3 5.4 0.3
v 0.4 5.4 0.3
v -1.9 5.4 0.2
v -1.8 5.4 0.2
v -0.7 5.4 0.2
v -0.5 5.4 0.2
v -0.4 5.4 0.2
v 0.3 5.4 0.2
v 0.4 5.4 0.2
v -1.6 5.4 0.1
v -1.5 5.4 0.1
v -0.6 5.4 0.1
v -0.5 5.4 0.1
v 0.5 5.4 0.1
v 0.6 5.4 0.1
v -1.5 5.4 0
v -1.6 5.4 -0.0999999
v -1.5 5.4 -0.0999999
v -0.7 5.4 -0.2
v -0.6 5.4 -0.2
v 0.5 5.4 -0.2
v 0.6 5.4 -0.2
v 0.4 5.4 -0.4
v 0.5 5.4 -0.4
v 0.4 5.4 -0.5
v 0.5 5.4 -0.5
v -0.4 5.4 -0.6
v 0.3 5.4 -0.6
v -0.4 5.4 -0.7
v 0.3 5.4 -0.7
v 0.4 5.5 1.1
v 0.5 5.5 1.1
v 0.6 5.5 1.1
v 0.7 5.5 1.1
v 0.4 5.5 1
v 0.5 5.5 1
v 0.6 5.5 1
v 0.7 5.5 1
v 0.5 5.5 0.9
v 0.6 5.5 0.9
v -1.8 5.5 0.3
v -1.7 5.5 0.3
v -1.8 5.5 0.2
v -1.7 5.5 0.2
v -1.6 5.5 0.2
v 0.4 5.5 0.2
v 0.5 5.5 0.2
v -1.8 5.5 0.1
v -1.7 5.5 0.1
v -1.6 5.5 0.1
v 0.4 5.5 0.1
v 0.5 5.5 0.1
v -1.7 5.5 0
v -1.6 5.5 0
v -0.6 5.5 -0.4
v -0.5 5.5 -0.4
v -0.6 5.5 -0.5
v -0.5 5.5 -0.5
v -0.4 5.5 -0.5
v 0.3 5.5 -0.5
v 0.4 5.5 -0.5
v -0.5 5.5 -0.6
v -0.4 5.5 -0.6
v 0.3 5.5 -0.6
v 0.4 5.5 -0.6
v 0.4 5.6 1
v 0.5 5.6 1
v 0.6 5.6 1
v 0.7 5.6 1
v 0.4 5.6 0.9
v 0.5 5.6 0.9
v 0.6 5.6 0.9
v 0.7 5.6 0.9
v 0.5 5.6 0.8
v 0.6 5.6 0.8
v 0.5 5.6 0.2
v 0.6 5.6 0.2
v 0.5 5.6 0.1
v 0.6 5.6 0.1
v -0.7 5.6 -0.2
v -0.6 5.6 -0.2
v -0.7 5.6 -0.3
v -0.6 5.6 -0.3
v -0.5 5.7 0.4
v 0.4 5.7 0.4
v 0.5 5.7 0.4
v -0.6 5.7 0.3
v -0.5 5.7 0.3
v 0.4 5.7 -0.2
v 0.5 5.7 -0.2
v 0.6 5.7 -0.2
v -0.6 5.7 -0.3
v -0.5 5.7 -0.3
v 0.5 5.7 -0.3
v 0.6 5.7 -0.3
v -0.5 5.7 -0.5
v 0.4 5.7 -0.5
v -0.7 5.8 1.1
v -0.6 5.8 1.1
v -0.7 5.8 1
v -0.6 5.8 1
v 0.5 5.8 0.8
v 0.6 5.8 0.8
v 0.5 5.8 0.7
v 0.6 5.8 0.7
v -0.7 5.9 1.2
v -0.6 5.9 1.2
v -0.8 5.9 1.1
v -0.7 5.9 1.1
v -0.6 5.9 1.1
v -0.5 5.9 1.1
v -0.8 5.9 1
v -0.7 5.9 1
v -0.6 5.9 1
v -0.5 5.9 1
v -0.7 5.9 0.9
v -0.6 5.9 0.9
v 0.5 5.9 0.7
v 0.6 5.9 0.7
v 0.5 5.9 0.6
v 0.6 5.9 0.6
v 0.5 6 0.6
v 0.6 6 0.6
v 0.5 6 0.5
v 0.6 6 0.5
v 0.4 6.1 0.6
v 0.5 6.1 0.6
v 0.4 6.1 0.5
v 0.5 6.1 0.5
v 0.0999999 6.1 0.3
v 0.2 6.1 0.3
v 0.0999999 6.1 0.2
v 0.2 6.1 0.2
v 0.3 6.2 0.5
v 0.4 6.2 0.5
v 0.2 6.2 0.4
v 0.3 6.2 0.4
v 0.4 6.2 0.4
v -0.4 6.2 0.3
v -0.2 6.2 0.3
v 0.2 6.2 0.3
v 0.3 6.2 0.3
v -0.4 6.2 0.2
v -0.3 6.2 0.2
v -0.2 6.2 0.2
v -0.4 6.3 0.4
v -0.3 6.3 0.4
v -0.4 6.3 0.3
v -0.3 6.3 0.3
v -0.7 6.4 1
v -0.6 6.4 1
v -0.7 6.4 0.8
v -0.6 6.4 0.8
v -0.5 6.4 0.5
v -0.3 6.4 0.5
v -0.5 6.4 0.4
v -0.4 6.4 0.4
v -0.3 6.4 0.4
v -0.6 6.5 0.9
v -0.5 6.5 0.9
v -0.6 6.5 0.8
v -0.5 6.5 0.6
v -0.4 6.5 0.6
v -0.6 6.5 0.5
v -0.5 6.5 0.5
v -0.4 6.5 0.5
v 0.6 0.1 1.2
v 0.8 0.1 1.2
v 1.1 0.1 1.2
v 1.3 0.1 1.2
v 0.6 0.1 1.1
v 0.8 0.1 1.1
v 1.1 0.1 1.1
v 1.2 0.1 1.1
v 1.2 0.1 1
v 1.3 0.1 1
v 0.5 0.1 0.7
v 0.6 0.1 0.7
v 0.5 0.1 0.6
v 0.6 0.1 0.6
v -1.4 0.1 -0.4
v -1.3 0.1 -0.4
v -0.6 0.1 -0.4
v -0.5 0.1 -0.4
v -1.4 0.1 -0.5
v -1.3 0.1 -0.5
v -0.6 0.1 -0.5
v -0.5 0.1 -0.5
v 0.2 0.1 -0.5
v 0.3 0.1 -0.5
v 0.2 0.1 -0.6
v 0.3 0.1 -0.6
v -1.6 0.1 -0.7
v -1.5 0.1 -0.7
v 0.2 0.1 -0.7
v 0.4 0.1 -0.7
v -1.7 0.1 -0.8
v -1.6 0.1 -0.8
v -1.5 0.1 -0.8
v 0.2 0.1 -0.8
v 0.4 0.1 -0.8
v -1.7 0.1 -0.9
v -1.6 0.1 -0.9
v -1.3 0.1 -1.1
v -1.2 0.1 -1.1
v -1.3 0.1 -1.2
v -1.2 0.1 -1.2
v -0.4 0.1 -2
v -0.3 0.1 -2
v -0.2 0.1 -2
v -0.1 0.1 -2
v -0.4 0.1 -2.1
v -0.3 0.1 -2.1
v -0.2 0.1 -2.1
v -0.3 0.1 -2.2
v -0.1 0.1 -2.2
v 0.6 0.2 1.1
v 0.8 0.2 1.1
v 1 0.2 1.1
v 1.2 0.2 1.1
v 0.7 0.2 1
v 0.8 0.2 1
v 0.9 0.2 1
v 1 0.2 1
v 1.1 0.2 1
v 0.6 0.2 0.9
v 0.7 0.2 0.9
v 0.9 0.2 0.9
v 1 0.2 0.9
v 1.1 0.2 0.9
v 1.2 0.2 0.9
v 1.2 0.2 0.8
v 1.3 0.2 0.8
v 1.2 0.2 0.7
v 1.3 0.2 0.7
v 1.4 0.2 0.6
v 1.5 0.2 0.6
v 1.4 0.2 0.5
v 1.5 0.2 0.5
v -1.3 0.2 -0.4
v -1.2 0.2 -0.4
v -0.8 0.2 -0.4
v -0.6 0.2 -0.4
v 0.2 0.2 -0.4
v 0.3 0.2 -0.4
v -1.4 0.2 -0.5
v -1.3 0.2 -0.5
v -1.2 0.2 -0.5
v -1.1 0.2 -0.5
v -0.9 0.2 -0.5
v -0.8 0.2 -0.5
v -0.6 0.2 -0.5
v -0.5 0.2 -0.5
v 0.2 0.2 -0.5
v 0.3 0.2 -0.5
v -1.4 0.2 -0.6
v -1.3 0.2 -0.6
v -1.2 0.2 -0.6
v -1.1 0.2 -0.6
v -1 0.2 -0.6
v -0.9 0.2 -0.6
v -0.6 0.2 -0.6
v -0.5 0.2 -0.6
v 0.2 0.2 -0.6
v 0.3 0.2 -0.6
v 0.4 0.2 -0.6
v 0.5 0.2 -0.6
v 0.6 0.2 -0.6
v -1.5 0.2 -0.7
v -1.4 0.2 -0.7
v -1.3 0.2 -0.7
v -1.2 0.2 -0.7
v 0.2 0.2 -0.7
v 0.3 0.2 -0.7
v 0.4 0.2 -0.7
v 0.6 0.2 -0.7
v -1.6 0.2 -0.8
v -1.5 0.2 -0.8
v -1.4 0.2 -0.8
v -1.6 0.2 -0.9
v -1.5 0.2 -0.9
v -1.4 0.2 -0.9
v -1.5 0.2 -1
v -1.4 0.2 -1
v -1.3 0.2 -1
v -1.4 0.2 -1.1
v -1.3 0.2 -1.1
v -0.2 0.2 -1.8
v -0.1 0.2 -1.8
v -0.5 0.2 -1.9
v -0.4 0.2 -1.9
v -0.5 0.2 -2
v -0.4 0.2 -2
v -0.3 0.2 -2
v -0.2 0.2 -2
v -0.1 0.2 -2
v -0.3 0.2 -2.1
v -0.2 0.2 -2.1
v 0.8 0.3 1.1
v 0.9 0.3 1.1
v 0.7 0.3 1
v 0.8 0.3 1
v 0.9 0.3 1
v 1 0.3 1
v 1.1 0.3 1
v 0.6 0.3 0.9
v 0.7 0.3 0.9
v 0.8 0.3 0.9
v 0.9 0.3 0.9
v 1 0.3 0.9
v 1.1 0.3 0.9
v 1.2 0.3 0.9
v 0.6 0.3 0.8
v 0.7 0.3 0.8
v 0.8 0.3 0.8
v 1 0.3 0.8
v 1.1 0.3 0.8
v 1.2 0.3 0.8
v 1.1 0.3 0.7
v 1.2 0.3 0.7
v 1.3 0.3 0.7
v 1.1 0.3 0.6
v 1.2 0.3 0.6
v 1.3 0.3 0.6
v 1.4 0.3 0.6
v 1.3 0.3 0.5
v 1.4 0.3 0.5
v 0.3 0.3 0.3
v 0.4 0.3 0.3
v 0.3 0.3 0.2
v 0.4 0.3 0.2
v 0.2 0.3 0
v 0.3 0.3 0
v 0.2 0.3 -0.2
v 0.3 0.3 -0.2
v 0.2 0.3 -0.3
v 0.3 0.3 -0.3
v 0.2 0.3 -0.4
v 0.3 0.3 -0.4
v 0.5 0.3 -0.4
v 0.6 0.3 -0.4
v 0.7 0.3 -0.4
v -1.3 0.3 -0.5
v -1.2 0.3 -0.5
v -0.9 0.3 -0.5
v -0.8 0.3 -0.5
v -0.6 0.3 -0.5
v 0.3 0.3 -0.5
v 0.5 0.3 -0.5
v 0.6 0.3 -0.5
v 0.7 0.3 -0.5
v -1.3 0.3 -0.6
v -1.2 0.3 -0.6
v -1 0.3 -0.6
v -0.9 0.3 -0.6
v -0.8 0.3 -0.6
v -0.7 0.3 -0.6
v 0.4 0.3 -0.6
v 0.5 0.3 -0.6
v -1.4 0.3 -0.7
v -1.2 0.3 -0.7
v -1.1 0.3 -0.7
v -1 0.3 -0.7
v -0.9 0.3 -0.7
v -0.7 0.3 -0.7
v -0.6 0.3 -0.7
v -0.5 0.3 -0.7
v -0.4 0.3 -0.7
v 0.3 0.3 -0.7
v 0.4 0.3 -0.7
v -1.4 0.3 -0.8
v -1.3 0.3 -0.8
v -1.2 0.3 -0.8
v -1.1 0.3 -0.8
v -1.4 0.3 -0.9
v -1.3 0.3 -0.9
v -1.2 0.3 -0.9
v -0.5 0.3 -0.9
v -0.4 0.3 -0.9
v -1.4 0.3 -1
v -1.3 0.3 -1
v -1 0.3 -1.5
v -0.9 0.3 -1.5
v -1 0.3 -1.6
v -0.9 0.3 -1.6
v -0.3 0.3 -1.6
v -0.2 0.3 -1.6
v -0.8 0.3 -1.7
v -0.7 0.3 -1.7
v -0.4 0.3 -1.7
v -0.3 0.3 -1.7
v -0.2 0.3 -1.7
v -0.7 0.3 -1.8
v -0.6 0.3 -1.8
v -0.4 0.3 -1.8
v -0.3 0.3 -1.8
v -0.8 0.3 -1.9
v -0.6 0.3 -1.9
v -0.5 0.3 -1.9
v -0.4 0.3 -1.9
v -0.3 0.3 -1.9
v -0.6 0.3 -2
v -0.5 0.3 -2
v -0.4 0.3 -2
v -0.2 0.3 -2
v 0.8 0.4 0.9
v 0.9 0.4 0.9
v 0.6 0.4 0.8
v 0.7 0.4 0.8
v 0.8 0.4 0.8
v 0.9 0.4 0.8
v 1 0.4 0.8
v 1.1 0.4 0.8
v 0.6 0.4 0.7
v 0.7 0.4 0.7
v 0.8 0.4 0.7
v 1 0.4 0.7
v 1.1 0.4 0.7
v 0.5 0.4 0.6
v 0.6 0.4 0.6
v 1.1 0.4 0.6
v 1.2 0.4 0.6
v 1.3 0.4 0.6
v 0.5 0.4 0.5
v 0.6 0.4 0.5
v 1.1 0.4 0.5
v 1.2 0.4 0.5
v 1.3 0.4 0.5
v 0.3 0.4 0.4
v 0.5 0.4 0.4
v 0.3 0.4 0.3
v 0.4 0.4 0.3
v 0.5 0.4 0.3
v 0.9 0.4 0.2
v 1 0.4 0.2
v 0.9 0.4 0.1
v 1 0.4 0.1
v 0.3 0.4 0
v 0.4 0.4 0
v 0.9 0.4 0
v 1 0.4 0
v 0.3 0.4 -0.0999999
v 0.4 0.4 -0.0999999
v 0.9 0.4 -0.0999999
v 1 0.4 -0.0999999
v 0.2 0.4 -0.2
v 0.3 0.4 -0.2
v 0.4 0.4 -0.2
v 0.5 0.4 -0.2
v 0.6 0.4 -0.2
v 0.7 0.4 -0.2
v 0.2 0.4 -0.3
v 0.3 0.4 -0.3
v 0.4 0.4 -0.3
v 0.5 0.4 -0.3
v 0.6 0.4 -0.3
v 0.5 0.4 -0.4
v 0.7 0.4 -0.4
v 0.3 0.4 -0.5
v 0.5 0.4 -0.5
v -0.9 0.4 -0.6
v -0.7 0.4 -0.6
v -1.1 0.4 -0.7
v -1 0.4 -0.7
v -0.9 0.4 -0.7
v -0.7 0.4 -0.7
v -0.5 0.4 -0.7
v -1.1 0.4 -0.8
v -1 0.4 -0.8
v -1.3 0.4 -0.9
v -1.2 0.4 -0.9
v -0.7 0.4 -0.9
v -0.6 0.4 -0.9
v -0.5 0.4 -0.9
v -0.4 0.4 -0.9
v -0.5 0.4 -1
v -0.4 0.4 -1
v -1.3 0.4 -1.1
v -1.2 0.4 -1.1
v -0.6 0.4 -1.1
v -0.5 0.4 -1.1
v -0.4 0.4 -1.1
v -1.2 0.4 -1.2
v -1.1 0.4 -1.2
v -0.5 0.4 -1.2
v -0.4 0.4 -1.2
v -1.2 0.4 -1.3
v -1.1 0.4 -1.3
v -0.5 0.4 -1.5
v -0.4 0.4 -1.5
v -0.3 0.4 -1.5
v -0.8 0.4 -1.6
v -0.7 0.4 -1.6
v -0.5 0.4 -1.6
v -0.4 0.4 -1.6
v -0.8 0.4 -1.7
v -0.7 0.4 -1.7
v -0.5 0.4 -1.7
v -0.4 0.4 -1.7
v -0.3 0.4 -1.7
v -0.6 0.4 -1.8
v -0.5 0.4 -1.8
v -0.4 0.4 -1.8
v -0.3 0.4 -1.8
v -0.6 0.4 -1.9
v -0.5 0.4 -1.9
v -0.4 0.4 -1.9
v -0.3 0.4 -1.9
v 0.9 0.5 0.9
v 1 0.5 0.9
v 0.8 0.5 0.8
v 0.9 0.5 0.8
v 1 0.5 0.8
v 0.8 0.5 0.7
v 1 0.5 0.7
v 1.1 0.5 0.7
v 0.6 0.5 0.6
v 0.7 0.5 0.6
v 0.8 0.5 0.6
v 0.5 0.5 0.5
v 0.6 0.5 0.5
v 0.7 0.5 0.5
v 0.8 0.5 0.5
v 1 0.5 0.5
v 1.1 0.5 0.5
v 0.5 0.5 0.4
v 0.6 0.5 0.4
v 0.9 0.5 0.4
v 1 0.5 0.4
v 0.4 0.5 0.3
v 0.5 0.5 0.3
v 0.7 0.5 0.3
v 0.3 0.5 0.2
v 0.4 0.5 0.2
v 0.8 0.5 0.2
v 0.9 0.5 0.2
v 1 0.5 0.2
v 0.4 0.5 0.1
v 0.5 0.5 0.1
v 0.8 0.5 0.1
v 0.9 0.5 0.1
v 1 0.5 0.1
v 0.3 0.5 0
v 0.4 0.5 0
v 0.5 0.5 0
v 0.7 0.5 0
v 0.8 0.5 0
v 1 0.5 0
v 0.3 0.5 -0.0999999
v 0.4 0.5 -0.0999999
v 0.5 0.5 -0.0999999
v 0.6 0.5 -0.0999999
v 0.7 0.5 -0.0999999
v 0.8 0.5 -0.0999999
v 0.4 0.5 -0.2
v 0.5 0.5 -0.2
v 0.6 0.5 -0.2
v 0.8 0.5 -0.2
v 0.3 0.5 -0.3
v 0.4 0.5 -0.3
v 0.5 0.5 -0.3
v 0.6 0.5 -0.3
v -1 0.5 -0.7
v -0.7 0.5 -0.7
v -1.2 0.5 -0.8
v -1.1 0.5 -0.8
v -1 0.5 -0.8
v -0.9 0.5 -0.8
v -0.8 0.5 -0.8
v -1.2 0.5 -0.9
v -1.1 0.5 -0.9
v -0.8 0.5 -0.9
v -0.7 0.5 -0.9
v -0.6 0.5 -0.9
v -1.1 0.5 -1
v -1 0.5 -1
v -0.7 0.5 -1
v -0.6 0.5 -1
v -1.1 0.5 -1.1
v -1 0.5 -1.1
v -0.6 0.5 -1.1
v -0.5 0.5 -1.1
v -0.6 0.5 -1.2
v -0.5 0.5 -1.2
v -1 0.5 -1.3
v -0.9 0.5 -1.3
v -1.2 0.5 -1.4
v -1 0.5 -1.4
v -0.9 0.5 -1.4
v -0.5 0.5 -1.4
v -0.4 0.5 -1.4
v -1.2 0.5 -1.5
v -1.1 0.5 -1.5
v -1 0.5 -1.5
v -0.9 0.5 -1.5
v -0.8 0.5 -1.5
v -0.6 0.5 -1.5
v -0.5 0.5 -1.5
v -0.4 0.5 -1.5
v -1.1 0.5 -1.6
v -1 0.5 -1.6
v -0.9 0.5 -1.6
v -0.8 0.5 -1.6
v -0.7 0.5 -1.6
v -0.6 0.5 -1.6
v -0.5 0.5 -1.6
v -0.4 0.5 -1.6
v -0.9 0.5 -1.7
v -0.8 0.5 -1.7
v -0.5 0.5 -1.7
v -0.4 0.5 -1.7
v -0.7 0.5 -1.8
v -0.5 0.5 -1.8
v 0.6 0.6 0.7
v 0.7 0.6 0.7
v 1 0.6 0.7
v 0.6 0.6 0.6
v 0.7 0.6 0.6
v 0.9 0.6 0.6
v 0.9 0.6 0.5
v 1 0.6 0.5
v 0.5 0.6 0.3
v 0.6 0.6 0.3
v 0.4 0.6 0.1
v 0.5 0.6 0.1
v 0.6 0.6 0.1
v 0.4 0.6 0
v 0.5 0.6 0
v 0.6 0.6 0
v 0.7 0.6 0
v 0.6 0.6 -0.0999999
v 0.7 0.6 -0.0999999
v -1.1 0.6 -0.8
v -0.9 0.6 -0.8
v -0.8 0.6 -0.8
v -1.2 0.6 -0.9
v -1.1 0.6 -0.9
v -0.9 0.6 -0.9
v -0.8 0.6 -0.9
v -0.7 0.6 -0.9
v -1.1 0.6 -1
v -0.8 0.6 -1
v -0.7 0.6 -1
v -0.6 0.6 -1
v -0.5 0.6 -1
v -1.2 0.6 -1.1
v -1.1 0.6 -1.1
v -0.6 0.6 -1.1
v -0.5 0.6 -1.1
v -1.2 0.6 -1.2
v -1.1 0.6 -1.2
v -0.6 0.6 -1.2
v -0.5 0.6 -1.2
v -1.2 0.6 -1.3
v -1.1 0.6 -1.3
v -0.5 0.6 -1.3
v -0.4 0.6 -1.3
v -1.2 0.6 -1.4
v -1.1 0.6 -1.4
v -0.6 0.6 -1.4
v -0.5 0.6 -1.4
v -0.4 0.6 -1.4
v 0.5 0.7 0
v 0.6 0.7 0
v 0.5 0.7 -0.0999999
v 0.6 0.7 -0.0999999
v -1.1 0.7 -0.9
v -1 0.7 -0.9
v -0.9 0.7 -0.9
v -0.8 0.7 -0.9
v -1.1 0.7 -1
v -1 0.7 -1
v -0.9 0.7 -1
v -0.8 0.7 -1
v -0.7 0.7 -1
v -0.6 0.7 -1
v -1.1 0.7 -1.1
v -1 0.7 -1.1
v -0.7 0.7 -1.1
v -0.6 0.7 -1.1
v -0.5 0.7 -1.1
v -1.3 0.7 -1.2
v -1.2 0.7 -1.2
v -1.1 0.7 -1.2
v -1 0.7 -1.2
v -0.6 0.7 -1.2
v -0.5 0.7 -1.2
v -1.3 0.7 -1.3
v -1.2 0.7 -1.3
v -1.1 0.7 -1.3
v -1 0.7 -1.3
v -0.9 0.7 -1.3
v -1.1 0.7 -1.4
v -1 0.7 -1.4
v -0.9 0.7 -1.4
v -0.8 0.7 -1.4
v -0.6 0.7 -1.4
v -0.5 0.7 -1.4
v -0.9 0.7 -1.5
v -0.8 0.7 -1.5
v -0.6 0.7 -1.5
v -0.5 0.7 -1.5
v -0.8 0.7 -1.6
v -0.6 0.7 -1.6
v 0.7 0.8 0.1
v 0.8 0.8 0.1
v 0.7 0.8 0
v 0.8 0.8 0
v -1.1 0.8 -1
v -1 0.8 -1
v -1.1 0.8 -1.1
v -1 0.8 -1.1
v -1.1 0.8 -1.2
v -1 0.8 -1.2
v -0.9 0.8 -1.2
v -1.1 0.8 -1.3
v -1 0.8 -1.3
v -0.9 0.8 -1.3
v -0.8 0.8 -1.4
v -0.7 0.8 -1.4
v -0.8 0.8 -1.5
v -0.7 0.8 -1.5
v 0.8 0.9 0.6
v 1 0.9 0.6
v 0.8 0.9 0.5
v 0.9 0.9 0.5
v 0.9 0.9 0.3
v 1 0.9 0.3
v 0.4 0.9 0.1
v 0.5 0.9 0.1
v 0.4 0.9 0
v 0.5 0.9 0
v -1.1 0.9 -1.1
v -1 0.9 -1.1
v -1.1 0.9 -1.2
v -1 0.9 -1.2
v -0.9 0.9 -1.3
v -0.8 0.9 -1.3
v -0.7 0.9 -1.3
v -0.6 0.9 -1.3
v -0.9 0.9 -1.4
v -0.8 0.9 -1.4
v -0.7 0.9 -1.4
v -0.7 0.9 -1.5
v -0.6 0.9 -1.5
v 0.8 1 0.5
v 0.9 1 0.5
v 0.8 1 0.3
v 0.9 1 0.3
v 0.7 1 0.2
v 0.8 1 0.2
v 0.9 1 0.2
v 0.5 1 0.1
v 0.7 1 0.1
v 0.8 1 0.1
v 0.5 1 0
v 0.7 1 0
v -1.1 1 -0.9
v -1 1 -0.9
v -1.1 1 -1
v -1 1 -1
v -0.8 1 -1.3
v -0.7 1 -1.3
v -0.8 1 -1.4
v -0.7 1 -1.4
v 0.5 1.1 0.7
v 0.6 1.1 0.7
v 0.7 1.1 0.7
v 0.5 1.1 0.6
v 0.6 1.1 0.6
v 0.7 1.1 0.6
v 0.4 1.1 0.5
v 0.5 1.1 0.5
v 0.4 1.1 0.4
v 0.5 1.1 0.4
v -0.9 1.1 -0.7
v -0.6 1.1 -0.7
v -1 1.1 -0.8
v -0.9 1.1 -0.8
v -0.8 1.1 -0.8
v -0.6 1.1 -0.8
v -1 1.1 -0.9
v -0.9 1.1 -0.9
v -0.8 1.1 -0.9
v -0.9 1.1 -1.2
v -0.8 1.1 -1.2
v -0.9 1.1 -1.3
v -0.8 1.1 -1.3
v 0.5 1.2 0.6
v 0.6 1.2 0.6
v 0.7 1.2 0.6
v 0.8 1.2 0.6
v 0.5 1.2 0.5
v 0.6 1.2 0.5
v 0.7 1.2 0.5
v 0.8 1.2 0.5
v -1 1.2 -0.9
v -0.9 1.2 -0.9
v -1 1.2 -1.1
v -0.9 1.2 -1.1
v -1 1.2 -1.2
v -0.9 1.2 -1.2
v 0.3 1.3 0.5
v 0.5 1.3 0.5
v 0.2 1.3 0.4
v 0.3 1.3 0.4
v 0.5 1.3 0.4
v 0.2 1.3 0.3
v 0.3 1.3 0.3
v -0.9 1.3 -1.1
v -0.8 1.3 -1.1
v -0.9 1.3 -1.2
v -0.8 1.3 -1.2
v -0.8 1.4 -1.1
v -0.7 1.4 -1.1
v -0.8 1.4 -1.2
v -0.7 1.4 -1.2
v -0.6 1.4 -1.2
v -0.4 1.4 -1.2
v -0.8 1.4 -1.3
v -0.6 1.4 -1.3
v -0.4 1.4 -1.3
v 0.7 1.5 0.5
v 0.9 1.5 0.5
v 0.3 1.5 0.4
v 0.4 1.5 0.4
v 0.7 1.5 0.4
v 0.8 1.5 0.4
v 0.2 1.5 0.3
v 0.3 1.5 0.3
v 0.4 1.5 0.3
v 0.8 1.5 0.3
v 0.9 1.5 0.3
v 0.2 1.5 0.2
v 0.3 1.5 0.2
v 0.8 1.5 0.2
v 0.9 1.5 0.2
v 0.4 1.5 0
v 0.5 1.5 0
v 0.7 1.5 0
v 0.8 1.5 0
v 0.4 1.5 -0.0999999
v 0.5 1.5 -0.0999999
v 0.7 1.5 -0.0999999
v 0.8 1.5 -0.0999999
v -0.3 1.5 -0.8
v -0.2 1.5 -0.8
v -0.3 1.5 -0.9
v -0.2 1.5 -0.9
v 0.6 1.6 0.5
v 0.7 1.6 0.5
v 0.6 1.6 0.4
v 0.7 1.6 0.4
v 0.8 1.6 0.4
v 0.7 1.6 0.3
v 0.8 1.6 0.3
v 0.2 1.6 0.2
v 0.3 1.6 0.2
v 0.2 1.6 0
v 0.3 1.6 0
v 0.6 1.6 0
v 0.7 1.6 0
v 0.6 1.6 -0.0999999
v 0.7 1.6 -0.0999999
v -0.7 1.6 -0.7
v -0.5 1.6 -0.7
v -0.7 1.6 -0.8
v -0.5 1.6 -0.8
v -0.3 1.6 -0.9
v -0.2 1.6 -0.9
v -0.9 1.6 -1
v -0.8 1.6 -1
v -0.3 1.6 -1
v -0.2 1.6 -1
v -0.9 1.6 -1.1
v -0.8 1.6 -1.1
v 0.4 1.7 0.5
v 0.6 1.7 0.5
v 0.4 1.7 0.4
v 0.6 1.7 0.4
v -0.9 1.7 -0.7
v -0.8 1.7 -0.7
v -0.9 1.7 -0.8
v -0.8 1.7 -0.8
v -0.3 1.7 -1
v -0.2 1.7 -1
v -0.3 1.7 -1.1
v -0.7 1.7 -1.2
v -0.6 1.7 -1.2
v -0.5 1.7 -1.2
v -0.3 1.7 -1.2
v -0.7 1.7 -1.3
v -0.6 1.7 -1.3
v -0.5 1.7 -1.3
v -0.3 1.7 -1.3
v -0.2 1.7 -1.3
v -0.9 1.8 -0.9
v -0.8 1.8 -0.9
v -0.9 1.8 -1
v -0.8 1.8 -1
v 0.6 1.9 0.6
v 0.7 1.9 0.6
v 0.6 1.9 0.5
v 0.7 1.9 0.5
v 0.6 1.9 0
v 0.7 1.9 0
v 0.8 1.9 0
v 0.6 1.9 -0.0999999
v 0.7 1.9 -0.0999999
v 0.8 1.9 -0.0999999
v 0.5 2 0.6
v 0.6 2 0.6
v 0.2 2 0.5
v 0.4 2 0.5
v 0.5 2 0.5
v 0.6 2 0.5
v 0.7 2 0.5
v 0.8 2 0.5
v 0.2 2 0.4
v 0.3 2 0.4
v 0.4 2 0.4
v 0.5 2 0.4
v 0.7 2 0.4
v 0.8 2 0.4
v 0.9 2 0.4
v 0.8 2 -0.0999999
v 0.9 2 -0.0999999
v -1 2 -0.8
v -0.9 2 -0.8
v -1 2 -1.2
v -0.9 2 -1.2
v -0.7 2 -1.2
v -0.9 2 -1.3
v -0.7 2 -1.3
v 0.2 2.1 0.4
v 0.3 2.1 0.4
v 0.4 2.1 0.4
v 0.7 2.1 0.4
v 0.8 2.1 0.4
v 0.2 2.1 0.3
v 0.3 2.1 0.3
v 0.4 2.1 0.3
v 0.7 2.1 0.3
v 0.7 2.1 -0.0999999
v 0.8 2.1 -0.0999999
v -0.3 2.1 -0.6
v -0.2 2.1 -0.6
v -0.9 2.1 -0.7
v -0.8 2.1 -0.7
v -0.3 2.1 -0.7
v -0.2 2.1 -0.7
v -0.9 2.1 -0.8
v -0.8 2.1 -0.8
v -0.2 2.1 -0.9
v -0.1 2.1 -0.9
v -0.7 2.1 -1.3
v -0.6 2.1 -1.3
v -0.4 2.1 -1.3
v -0.3 2.1 -1.3
v -0.2 2.1 -1.3
v -0.1 2.1 -1.3
v -0.7 2.1 -1.4
v -0.6 2.1 -1.4
v -0.3 2.1 -1.4
v -0.2 2.1 -1.4
v 0.6 2.2 0.4
v 0.7 2.2 0.4
v -2.38419e-07 2.2 0.3
v 0.0999999 2.2 0.3
v 0.6 2.2 0.3
v 0.7 2.2 0.3
v -2.38419e-07 2.2 0.1
v 0.0999999 2.2 0.1
v -0.2 2.2 -0.7
v -0.1 2.2 -0.7
v -0.9 2.2 -0.8
v -0.8 2.2 -0.8
v -0.2 2.2 -0.8
v -0.1 2.2 -0.8
v -0.9 2.2 -1.2
v -0.8 2.2 -1.2
v 0.4 2.3 0.4
v 0.6 2.3 0.4
v 0.0999999 2.3 0.3
v 0.2 2.3 0.3
v 0.3 2.3 0.3
v 0.4 2.3 0.3
v 0.6 2.3 0.3
v 0.0999999 2.3 0.2
v 0.2 2.3 0.2
v 0.3 2.3 0.2
v 0.4 2.3 0.2
v -2.38419e-07 2.3 0
v 0.0999999 2.3 0
v -2.38419e-07 2.3 -0.0999999
v 0.0999999 2.3 -0.0999999
v 0.6 2.3 -0.3
v 0.7 2.3 -0.3
v 0.6 2.3 -0.4
v 0.7 2.3 -0.4
v -0.8 2.3 -0.6
v -0.7 2.3 -0.6
v -0.8 2.3 -0.7
v -0.7 2.3 -0.7
v -0.2 2.3 -0.8
v -0.1 2.3 -0.8
v -0.3 2.3 -1.1
v -0.2 2.3 -1.1
v -0.1 2.3 -1.1
v -0.8 2.3 -1.2
v -0.4 2.3 -1.2
v -0.3 2.3 -1.2
v -0.8 2.3 -1.3
v -0.4 2.3 -1.3
v -0.3 2.3 -1.3
v -0.2 2.3 -1.3
v 0.2 2.4 0.3
v 0.3 2.4 0.3
v 0.6 2.4 0.3
v 0.8 2.4 0.3
v -2.38419e-07 2.4 0.2
v 0.0999999 2.4 0.2
v 0.2 2.4 0.2
v 0.3 2.4 0.2
v 0.6 2.4 0.2
v 0.7 2.4 0.2
v 0.7 2.4 0.1
v 0.8 2.4 0.1
v -2.38419e-07 2.4 0
v 0.0999999 2.4 0
v 0.0999999 2.4 -0.3
v 0.2 2.4 -0.3
v 0.0999999 2.4 -0.4
v 0.2 2.4 -0.4
v 0.4 2.4 -0.4
v 0.5 2.4 -0.4
v 0.2 2.4 -0.5
v 0.4 2.4 -0.5
v 0.5 2.4 -0.5
v -0.8 2.4 -1.1
v -0.7 2.4 -1.1
v -0.8 2.4 -1.2
v -0.7 2.4 -1.2
v 0.4 2.5 0.3
v 0.6 2.5 0.3
v 0.4 2.5 0.2
v 0.6 2.5 0.2
v -0.8 2.5 -0.3
v -0.6 2.5 -0.3
v -0.7 2.5 -0.4
v -0.6 2.5 -0.4
v -0.7 2.5 -0.5
v -0.8 2.5 -0.6
v -0.7 2.5 -0.6
v -0.8 2.5 -0.8
v -0.7 2.5 -0.8
v -0.3 2.5 -0.8
v -0.2 2.5 -0.8
v -0.7 2.5 -1
v -0.3 2.5 -1
v -0.8 2.5 -1.1
v -0.7 2.5 -1.1
v -0.3 2.5 -1.1
v -0.7 2.5 -1.2
v -0.3 2.5 -1.2
v -0.2 2.5 -1.2
v 0.7 2.6 0.2
v 0.8 2.6 0.2
v -2.38419e-07 2.6 0.1
v 0.0999999 2.6 0.1
v -2.38419e-07 2.6 0
v 0.0999999 2.6 0
v -2.38419e-07 2.6 -0.0999999
v 0.0999999 2.6 -0.0999999
v 0.7 2.6 -0.2
v -0.6 2.6 -0.3
v -0.5 2.6 -0.3
v -2.38419e-07 2.6 -0.3
v 0.0999999 2.6 -0.3
v 0.4 2.6 -0.3
v 0.6 2.6 -0.3
v 0.7 2.6 -0.3
v 0.8 2.6 -0.3
v -0.7 2.6 -0.4
v -0.6 2.6 -0.4
v -0.5 2.6 -0.4
v 0.0999999 2.6 -0.4
v 0.4 2.6 -0.4
v 0.6 2.6 -0.4
v 0.7 2.6 -0.4
v -0.7 2.6 -0.5
v -0.6 2.6 -0.5
v -0.2 2.6 -0.5
v -0.1 2.6 -0.5
v 0.4 2.6 -0.5
v 0.6 2.6 -0.5
v -0.8 2.6 -0.7
v -0.7 2.6 -0.7
v -0.2 2.6 -0.7
v -0.1 2.6 -0.7
v -0.8 2.6 -0.8
v -0.7 2.6 -0.8
v -0.7 2.6 -1
v -0.6 2.6 -1
v -0.7 2.6 -1.1
v -0.6 2.6 -1.1
v 0.2 2.7 0.2
v 0.5 2.7 0.2
v 0.7 2.7 0.2
v 0.2 2.7 0.1
v 0.4 2.7 0.1
v 0.5 2.7 0.1
v 0.7 2.7 0.1
v 0.6 2.7 -0.0999999
v 0.7 2.7 -0.0999999
v 0.6 2.7 -0.2
v 0.7 2.7 -0.2
v -0.5 2.7 -0.3
v -0.4 2.7 -0.3
v -0.3 2.7 -0.3
v 0.5 2.7 -0.3
v 0.6 2.7 -0.3
v 0.7 2.7 -0.3
v -0.5 2.7 -0.4
v -0.4 2.7 -0.4
v -0.3 2.7 -0.4
v 0.5 2.7 -0.4
v 0.6 2.7 -0.4
v -0.7 2.7 -0.5
v -0.6 2.7 -0.5
v -0.7 2.7 -0.6
v -0.6 2.7 -0.6
v -0.6 2.7 -1
v -0.4 2.7 -1
v -0.3 2.7 -1
v -0.6 2.7 -1.1
v -0.4 2.7 -1.1
v -0.3 2.7 -1.1
v 0.3 2.8 0.1
v 0.4 2.8 0.1
v 0.6 2.8 0.1
v 0.7 2.8 0.1
v 0.3 2.8 0
v 0.4 2.8 0
v 0.6 2.8 0
v 0.7 2.8 0
v 0.6 2.8 -0.0999999
v 0.7 2.8 -0.0999999
v -0.1 2.8 -0.5
v -2.38419e-07 2.8 -0.5
v -0.7 2.8 -0.6
v -0.6 2.8 -0.6
v -0.1 2.8 -0.6
v -2.38419e-07 2.8 -0.6
v -0.6 2.8 -0.9
v -0.4 2.8 -0.9
v -0.3 2.8 -0.9
v -0.7 2.8 -1
v -0.3 2.8 -1
v 0.0999999 2.9 0.3
v 0.2 2.9 0.3
v 0.0999999 2.9 0.2
v 0.2 2.9 0.2
v 0.3 2.9 0.2
v 0.2 2.9 0.1
v 0.3 2.9 0.1
v 0.4 2.9 0.1
v 0.5 2.9 0.1
v 0.6 2.9 0.1
v 0.4 2.9 0
v 0.5 2.9 0
v 0.6 2.9 0
v 0.5 2.9 -0.0999999
v 0.6 2.9 -0.0999999
v 0.5 2.9 -0.2
v 0.6 2.9 -0.2
v -0.6 2.9 -0.5
v -0.5 2.9 -0.5
v -0.6 2.9 -0.6
v -0.5 2.9 -0.6
v -0.3 2.9 -0.8
v -0.2 2.9 -0.8
v -0.3 2.9 -0.9
v -0.2 2.9 -0.9
v -0.2 3 0.1
v -0.1 3 0.1
v -0.2 3 0
v -0.1 3 0
v 0.5 3 0
v 0.6 3 0
v 0.5 3 -0.0999999
v 0.6 3 -0.0999999
v 0.5 3 -0.2
v 0.6 3 -0.2
v 0.4 3 -0.3
v 0.5 3 -0.3
v 0.4 3 -0.4
v 0.5 3 -0.4
v 0.6 3 -0.4
v 0.4 3 -0.5
v 0.5 3 -0.5
v -0.6 3 -0.6
v -0.5 3 -0.6
v -0.6 3 -0.9
v -0.5 3 -0.9
v 1 3.1 0.4
v 1.1 3.1 0.4
v 1 3.1 0.3
v 1.1 3.1 0.3
v -2.38419e-07 3.1 0.2
v 0.0999999 3.1 0.2
v 0.2 3.1 0.2
v -0.1 3.1 0.1
v -2.38419e-07 3.1 0.1
v 0.0999999 3.1 0.1
v 0.2 3.1 0.1
v -0.1 3.1 0
v -2.38419e-07 3.1 0
v 0.4 3.1 0
v 0.5 3.1 0
v -0.6 3.1 -0.2
v -0.5 3.1 -0.2
v -0.4 3.1 -0.2
v 0.4 3.1 -0.2
v 0.5 3.1 -0.2
v -0.6 3.1 -0.3
v -0.5 3.1 -0.3
v -0.4 3.1 -0.3
v 0.4 3.1 -0.3
v 0.5 3.1 -0.3
v 0.3 3.1 -0.4
v 0.4 3.1 -0.4
v -0.6 3.1 -0.5
v -0.5 3.1 -0.5
v -0.4 3.1 -0.5
v 0.3 3.1 -0.5
v 0.4 3.1 -0.5
v -0.5 3.1 -0.7
v -0.4 3.1 -0.7
v -0.1 3.1 -0.7
v 0.0999999 3.1 -0.7
v -0.5 3.1 -0.8
v -0.4 3.1 -0.8
v -0.1 3.1 -0.8
v 0.0999999 3.1 -0.8
v -0.5 3.1 -0.9
v -0.4 3.1 -0.9
v 0.9 3.2 0.4
v 1 3.2 0.4
v 1.1 3.2 0.4
v 1.2 3.2 0.4
v 0.9 3.2 0.3
v 1 3.2 0.3
v 1.1 3.2 0.3
v 1.2 3.2 0.3
v -2.38419e-07 3.2 0.1
v 0.3 3.2 0.1
v 1 3.2 0.1
v 1.1 3.2 0.1
v -0.3 3.2 0
v -0.2 3.2 0
v -2.38419e-07 3.2 0
v 0.2 3.2 0
v 0.3 3.2 0
v 0.4 3.2 0
v -0.3 3.2 -0.0999999
v -0.2 3.2 -0.0999999
v 0.2 3.2 -0.0999999
v 0.3 3.2 -0.0999999
v 0.3 3.2 -0.4
v 0.4 3.2 -0.4
v 0.3 3.2 -0.7
v 0.4 3.2 -0.7
v 0.3 3.2 -0.8
v 0.4 3.2 -0.8
v 1.1 3.3 0.3
v 1.2 3.3 0.3
v 1.1 3.3 0.2
v 1.2 3.3 0.2
v 1.1 3.3 0.1
v 1.2 3.3 0.1
v 1.1 3.3 0
v 1.2 3.3 0
v 0.3 3.3 -0.5
v 0.4 3.3 -0.5
v -0.5 3.3 -0.7
v -0.4 3.3 -0.7
v 0.0999999 3.3 -0.7
v 0.3 3.3 -0.7
v 0.4 3.3 -0.7
v -0.5 3.3 -0.8
v -0.4 3.3 -0.8
v -0.3 3.3 -0.8
v 0.0999999 3.3 -0.8
v 0.3 3.3 -0.8
v -0.4 3.3 -0.9
v -0.3 3.3 -0.9
v 1.2 3.4 0.3
v 1.3 3.4 0.3
v 1.1 3.4 0.2
v 1.2 3.4 0.2
v 1.3 3.4 0.2
v 1.4 3.4 0.2
v 1.1 3.4 0.1
v 1.2 3.4 0.1
v 1.4 3.4 0.1
v -0.4 3.4 -0.6
v -0.3 3.4 -0.6
v -0.4 3.4 -0.8
v -0.3 3.4 -0.8
v 1 3.5 0.7
v 1.1 3.5 0.7
v 1 3.5 0.6
v 1.1 3.5 0.6
v 1.4 3.5 0.1
v 1.5 3.5 0.1
v 1.4 3.5 0
v 1.5 3.5 0
v -0.5 3.5 -0.3
v -0.4 3.5 -0.3
v -0.5 3.5 -0.4
v -0.4 3.5 -0.4
v -0.5 3.5 -0.5
v -0.4 3.5 -0.5
v -0.3 3.5 -0.7
v -0.2 3.5 -0.7
v -0.1 3.5 -0.7
v -2.38419e-07 3.5 -0.7
v -0.3 3.5 -0.8
v -2.38419e-07 3.5 -0.8
v 1.1 3.6 0.7
v 1.2 3.6 0.7
v 1 3.6 0.6
v 1.1 3.6 0.6
v 1.2 3.6 0.6
v 1.3 3.6 0.6
v 1 3.6 0.5
v 1.1 3.6 0.5
v 1.2 3.6 0.5
v 1.3 3.6 0.5
v -0.2 3.6 0
v -0.1 3.6 0
v -2.38419e-07 3.6 0
v 0.0999999 3.6 0
v 0.2 3.6 0
v -0.2 3.6 -0.0999999
v -0.1 3.6 -0.0999999
v -2.38419e-07 3.6 -0.0999999
v 0.0999999 3.6 -0.0999999
v 0.2 3.6 -0.0999999
v -0.4 3.6 -0.6
v -0.3 3.6 -0.6
v -0.4 3.6 -0.7
v -0.3 3.6 -0.7
v 1.1 3.7 0.6
v 1.2 3.7 0.6
v 1.1 3.7 0.5
v 1.2 3.7 0.5
v 1.3 3.7 0.5
v 1.3 3.7 0.4
v 1.4 3.7 0.4
v 1.1 3.7 0.3
v 1.2 3.7 0.3
v 1.4 3.7 0.3
v 1.1 3.7 0.2
v 1.2 3.7 0.2
v 1.1 3.7 0
v 1.2 3.7 0
v 1.4 3.7 0
v 1.5 3.7 0
v 1 3.7 -0.0999999
v 1.1 3.7 -0.0999999
v 1 3.7 -0.2
v 1.1 3.7 -0.2
v 1.4 3.7 -0.2
v 1.5 3.7 -0.2
v -2.38419e-07 3.7 -0.7
v 0.0999999 3.7 -0.7
v -2.38419e-07 3.7 -0.8
v 0.0999999 3.7 -0.8
v 1.3 3.8 0.2
v 1.4 3.8 0.2
v 1.2 3.8 0.1
v 1.3 3.8 0.1
v 1.2 3.8 0
v 1.4 3.8 0
v 1 3.8 -0.2
v 1.1 3.8 -0.2
v 1.3 3.8 -0.2
v 1.4 3.8 -0.2
v 1.1 3.8 -0.3
v 1.2 3.8 -0.3
v 1.3 3.8 -0.3
v 1.4 3.8 -0.3
v 1 3.8 -0.4
v 1.1 3.8 -0.4
v 1.2 3.8 -0.4
v 1.2 3.9 0.5
v 1.3 3.9 0.5
v 1.1 3.9 0.4
v 1.2 3.9 0.4
v 1.3 3.9 0.4
v 1.2 3.9 0.3
v 1.3 3.9 0.3
v 1.4 3.9 0.3
v 1.1 3.9 0.2
v 1.2 3.9 0.2
v 1.3 3.9 0.2
v 1.4 3.9 0.2
v 1.2 3.9 0.1
v 1.3 3.9 0.1
v 1.1 3.9 0
v 1.4 3.9 0
v 1.2 3.9 -0.0999999
v 1.4 3.9 -0.0999999
v 1.5 3.9 -0.2
v 1.6 3.9 -0.2
v 1.1 3.9 -0.3
v 1.2 3.9 -0.3
v 1.5 3.9 -0.3
v 1.6 3.9 -0.3
v 1.5 3.9 -0.4
v 1.6 3.9 -0.4
v 1.1 3.9 -0.5
v 1.2 3.9 -0.5
v 1.5 3.9 -0.5
v 1.6 3.9 -0.5
v 1.1 3.9 -0.6
v 1.2 3.9 -0.6
v -1.2 4 0.5
v -1.1 4 0.5
v 1 4 0.5
v 1.2 4 0.5
v -1.2 4 0.4
v -1.1 4 0.4
v 1 4 0.4
v 1.2 4 0.4
v 1.3 4 0.4
v 1.2 4 0.3
v 1.3 4 0.3
v 1.2 4 0.2
v 1.3 4 0.2
v 1.2 4 -0.0999999
v 1.3 4 -0.0999999
v 1.1 4 -0.3
v 1.2 4 -0.3
v 1.3 4 -0.3
v 1.5 4 -0.3
v 1.6 4 -0.3
v 1.5 4 -0.4
v 1.6 4 -0.4
v 1.1 4 -0.5
v 1.2 4 -0.5
v 1.2 4 -0.6
v 1.3 4 -0.6
v -0.4 4 -0.7
v -0.3 4 -0.7
v -0.2 4 -0.7
v -0.1 4 -0.7
v 0.0999999 4 -0.7
v 0.2 4 -0.7
v 0.3 4 -0.7
v 0.4 4 -0.7
v 1.3 4 -0.7
v 1.4 4 -0.7
v -0.4 4 -0.8
v -0.3 4 -0.8
v -0.2 4 -0.8
v -0.1 4 -0.8
v 0.0999999 4 -0.8
v 0.2 4 -0.8
v 0.3 4 -0.8
v 0.4 4 -0.8
v 1.2 4 -0.8
v 1.4 4 -0.8
v -1.3 4.1 0.6
v -1.2 4.1 0.6
v -1.1 4.1 0.6
v -1.3 4.1 0.5
v -1.1 4.1 0.5
v -1.2 4.1 0.4
v -1 4.1 0.4
v -1.2 4.1 0.3
v -1.1 4.1 0.3
v -1.1 4.1 0.2
v -1 4.1 0.2
v 1.3 4.1 -0.0999999
v 1.5 4.1 -0.0999999
v 1.3 4.1 -0.2
v 1.5 4.1 -0.2
v -1.6 4.2 1
v -1.5 4.2 1
v -1.5 4.2 0.9
v -1.3 4.2 0.9
v -1.6 4.2 0.8
v -1.4 4.2 0.8
v -1.3 4.2 0.7
v -1.2 4.2 0.7
v -1.4 4.2 0.6
v -1.2 4.2 0.6
v -1.1 4.2 0.2
v -1 4.2 0.2
v -1.1 4.2 0.1
v -1 4.2 0.1
v 1.3 4.2 -0.6
v 1.4 4.2 -0.6
v 1.3 4.2 -0.7
v 1.4 4.2 -0.7
v -1.8 4.3 2.3
v -1.3 4.3 2.3
v -1.8 4.3 2.2
v -1.3 4.3 2.2
v -1.6 4.3 1.1
v -1.5 4.3 1.1
v -1.6 4.3 1
v -1.5 4.3 1
v -1.7 4.3 0.6
v -1.6 4.3 0.6
v -1.7 4.3 0.5
v -1.6 4.3 0.5
v -1.1 4.3 0.1
v -1 4.3 0.1
v 0.7 4.3 0.1
v 0.8 4.3 0.1
v -1.1 4.3 0
v -1 4.3 0
v 1.4 4.3 -0.2
v 1.5 4.3 -0.2
v 1.4 4.3 -0.3
v 1.5 4.3 -0.3
v 1.6 4.3 -0.3
v 1.5 4.3 -0.4
v 1.6 4.3 -0.4
v 0.6 4.3 -0.5
v 0.7 4.3 -0.5
v 0.8 4.3 -0.5
v 1.4 4.3 -0.5
v 1.5 4.3 -0.5
v 0.5 4.3 -0.6
v 0.6 4.3 -0.6
v 0.7 4.3 -0.6
v 1.1 4.3 -0.6
v 1.2 4.3 -0.6
v 1.4 4.3 -0.6
v 1.5 4.3 -0.6
v 0.5 4.3 -0.7
v 0.6 4.3 -0.7
v 1.1 4.3 -0.7
v 1.2 4.3 -0.7
v -1.9 4.4 2.3
v -1.8 4.4 2.3
v -1.3 4.4 2.3
v -1.2 4.4 2.3
v -1.9 4.4 2.2
v -1.8 4.4 2.2
v -1.3 4.4 2.2
v -1.2 4.4 2.2
v -1.8 4.4 2.1
v -1.3 4.4 2.1
v -1.7 4.4 0.8
v -1.6 4.4 0.8
v -1.7 4.4 0.6
v -1.6 4.4 0.6
v -1.7 4.4 0.5
v -1.6 4.4 0.5
v -1.6 4.4 0.4
v -1.7 4.4 0.3
v -1.6 4.4 0.3
v -1.1 4.4 0
v -1 4.4 0
v -1.1 4.4 -0.0999999
v -1 4.4 -0.0999999
v 1.5 4.4 -0.4
v 1.6 4.4 -0.4
v 1.5 4.4 -0.5
v 1.6 4.4 -0.5
v 1.2 4.4 -0.6
v 1.3 4.4 -0.6
v 1.2 4.4 -0.7
v 1.3 4.4 -0.7
v -1.2 4.5 2.3
v -1.1 4.5 2.3
v -1.3 4.5 2.2
v -1.2 4.5 2.2
v -1.1 4.5 2.2
v -1.3 4.5 2.1
v -1.2 4.5 2.1
v -1.6 4.5 0.4
v -1.5 4.5 0.4
v -1.6 4.5 0.3
v -1.5 4.5 0.3
v 1.4 4.5 -0.2
v 1.5 4.5 -0.2
v 0.7 4.5 -0.4
v 0.8 4.5 -0.4
v 0.7 4.5 -0.5
v 0.8 4.5 -0.5
v 1.1 4.5 -0.5
v 1.4 4.5 -0.5
v 1.5 4.5 -0.5
v 1.1 4.5 -0.6
v 1.4 4.5 -0.6
v -1 4.5 -1
v -0.9 4.5 -1
v -1 4.5 -1.1
v -0.9 4.5 -1.1
v -1.3 4.6 0.8
v -1.2 4.6 0.8
v -1.3 4.6 0.6
v -1.2 4.6 0.6
v -1.2 4.6 0.5
v -1.1 4.6 0.5
v -1.2 4.6 0.4
v -1.1 4.6 0.4
v -1 4.6 0.4
v -1.1 4.6 0.3
v -1 4.6 0.3
v -1 4.6 0.1
v -0.9 4.6 0.1
v -1 4.6 0
v -0.9 4.6 0
v 1.2 4.6 0
v 1.3 4.6 0
v 1.2 4.6 -0.0999999
v 1.3 4.6 -0.0999999
v 1.3 4.6 -0.2
v 1.4 4.6 -0.2
v 1.3 4.6 -0.5
v 1.4 4.6 -0.5
v -1.2 4.6 -0.9
v -1 4.6 -0.9
v -1.2 4.6 -1
v -1.1 4.6 -1
v -1.1 4.6 -1.1
v -1 4.6 -1.1
v -2 4.7 1.3
v -1.9 4.7 1.3
v -1.2 4.7 1.3
v -1.1 4.7 1.3
v -2 4.7 1.2
v -1.9 4.7 1.2
v -1.8 4.7 1.2
v -1.7 4.7 1.2
v -1.2 4.7 1.2
v -1.1 4.7 1.2
v -1.9 4.7 1.1
v -1.8 4.7 1.1
v -1.7 4.7 1.1
v -1.3 4.7 0.6
v -1.2 4.7 0.6
v -1.3 4.7 0.5
v -1.8 4.7 0.4
v -1.7 4.7 0.4
v -1.6 4.7 0.4
v -1.3 4.7 0.4
v -1.2 4.7 0.4
v -2 4.7 0.3
v -1.8 4.7 0.3
v -1.6 4.7 0.3
v -2 4.7 0.2
v -1.8 4.7 0.2
v 1 4.7 0.1
v 1.1 4.7 0.1
v 1 4.7 0
v 1.1 4.7 0
v 1.2 4.7 0
v 1.1 4.7 -0.0999999
v 1.2 4.7 -0.0999999
v 1.3 4.7 -0.0999999
v 1.2 4.7 -0.3
v 1.3 4.7 -0.3
v 1.2 4.7 -0.4
v 1.3 4.7 -0.4
v 0.7 4.7 -0.5
v 0.8 4.7 -0.5
v 1.2 4.7 -0.5
v 1.3 4.7 -0.5
v -0.8 4.7 -0.6
v -0.7 4.7 -0.6
v 0.7 4.7 -0.6
v 0.8 4.7 -0.6
v -1.5 4.7 -0.7
v -1.3 4.7 -0.7
v -1.5 4.7 -0.8
v -1.3 4.7 -0.8
v -1.2 4.7 -0.8
v -0.8 4.7 -0.8
v -0.7 4.7 -0.8
v 0.3 4.7 -0.8
v 0.4 4.7 -0.8
v -1.3 4.7 -0.9
v -1.2 4.7 -0.9
v 0.3 4.7 -0.9
v 0.4 4.7 -0.9
v -0.9 4.7 -1
v -0.8 4.7 -1
v -0.9 4.7 -1.1
v -0.8 4.7 -1.1
v -1.1 4.8 2.3
v -1 4.8 2.3
v -1.2 4.8 2.2
v -1.1 4.8 2.2
v -1 4.8 2.2
v -1.2 4.8 2.1
v -1.1 4.8 2.1
v -1.3 4.8 2
v -1.2 4.8 2
v -1.3 4.8 1.9
v -1.2 4.8 1.9
v -1.2 4.8 1.4
v -1.1 4.8 1.4
v -1.9 4.8 1.3
v -1.8 4.8 1.3
v -1.2 4.8 1.3
v -1.1 4.8 1.3
v -2 4.8 1.2
v -1.9 4.8 1.2
v -1.8 4.8 1.2
v -1.3 4.8 1.2
v -1.2 4.8 1.2
v -2 4.8 1.1
v -1.8 4.8 1.1
v -1.7 4.8 1.1
v -1.3 4.8 1.1
v -1.2 4.8 1.1
v -2 4.8 1
v -1.9 4.8 1
v -1.8 4.8 1
v -1.7 4.8 1
v -1.6 4.8 1
v -1.4 4.8 1
v -1.3 4.8 1
v -1.6 4.8 0.9
v -1.5 4.8 0.9
v -1.4 4.8 0.9
v -1.8 4.8 0.8
v -1.7 4.8 0.8
v -1.4 4.8 0.8
v -1.3 4.8 0.8
v -1.1 4.8 0.8
v -1.4 4.8 0.7
v -1.3 4.8 0.7
v -1.2 4.8 0.7
v -1.1 4.8 0.7
v -1.7 4.8 0.6
v -1.6 4.8 0.6
v -1.4 4.8 0.6
v -1.2 4.8 0.6
v -1.1 4.8 0.6
v -1.8 4.8 0.5
v -1.7 4.8 0.5
v -1.6 4.8 0.5
v -1.4 4.8 0.5
v -1.3 4.8 0.5
v -2.1 4.8 0.2
v -2 4.8 0.2
v -2.1 4.8 0.1
v -2 4.8 0.1
v -1.6 4.8 -0.6
v -1.5 4.8 -0.6
v -1.6 4.8 -0.7
v -1.5 4.8 -0.7
v 0.3 4.8 -0.7
v 0.4 4.8 -0.7
v -0.7 4.8 -0.8
v -0.6 4.8 -0.8
v -0.5 4.8 -0.8
v -0.4 4.8 -0.8
v 0.0999999 4.8 -0.8
v 0.3 4.8 -0.8
v 0.4 4.8 -0.8
v -0.7 4.8 -0.9
v -0.6 4.8 -0.9
v -0.4 4.8 -0.9
v 0.0999999 4.8 -0.9
v 0.3 4.8 -0.9
v -0.8 4.8 -1
v -0.7 4.8 -1
v -0.6 4.8 -1
v -0.8 4.8 -1.1
v -0.7 4.8 -1.1
v -2 4.9 2.3
v -1.9 4.9 2.3
v -1.2 4.9 2.3
v -1.1 4.9 2.3
v -2 4.9 2.2
v -1.9 4.9 2.2
v -1.8 4.9 2.2
v -1.3 4.9 2.2
v -1.2 4.9 2.2
v -1.1 4.9 2.2
v -1.9 4.9 2.1
v -1.8 4.9 2.1
v -1.3 4.9 2.1
v -1.2 4.9 2.1
v -1.3 4.9 2
v -1.2 4.9 2
v -1.3 4.9 1.9
v -1.2 4.9 1.9
v -1.9 4.9 1.4
v -1.8 4.9 1.4
v -1.3 4.9 1.4
v -1.2 4.9 1.4
v -1.9 4.9 1.3
v -1.8 4.9 1.3
v -1.7 4.9 1.3
v -1.8 4.9 1.2
v -1.7 4.9 1.2
v -1.6 4.9 1.2
v -1.5 4.9 1.2
v -1.3 4.9 1.2
v -1.2 4.9 1.2
v -2.1 4.9 1.1
v -2 4.9 1.1
v -1.7 4.9 1
v -1.6 4.9 1
v -1.3 4.9 1
v -2.1 4.9 0.9
v -2 4.9 0.9
v -1.7 4.9 0.9
v -1.6 4.9 0.9
v -1.5 4.9 0.9
v -1.4 4.9 0.9
v -1.7 4.9 0.7
v -1.5 4.9 0.7
v -1.4 4.9 0.7
v -1.1 4.9 0.7
v -1 4.9 0.7
v -1 4.9 0.6
v -1.7 4.9 0.5
v -1.6 4.9 0.5
v -1.5 4.9 0.5
v -1.1 4.9 0.5
v -1 4.9 0.5
v -1.7 4.9 0.4
v -1.6 4.9 0.4
v -1.5 4.9 0.4
v -1.3 4.9 0.4
v -1.2 4.9 0.4
v -0.9 4.9 0.4
v -0.8 4.9 0.4
v -1.5 4.9 0.3
v -1.3 4.9 0.3
v -1.2 4.9 0.3
v -0.9 4.9 0.3
v -0.8 4.9 0.3
v -1.6 4.9 0.2
v -1.5 4.9 0.2
v -1.4 4.9 0.2
v -1.3 4.9 0.2
v -1 4.9 0.2
v -0.9 4.9 0.2
v -2.1 4.9 0.1
v -2 4.9 0.1
v -1 4.9 0.1
v -0.9 4.9 0.1
v 0.9 4.9 0.1
v 1 4.9 0.1
v -2.1 4.9 0
v -2 4.9 0
v -1.8 4.9 0
v -1.5 4.9 0
v -1.4 4.9 0
v -1.3 4.9 0
v 0.9 4.9 0
v 1 4.9 0
v -2 4.9 -0.0999999
v -1.9 4.9 -0.0999999
v -1.4 4.9 -0.0999999
v -1.3 4.9 -0.0999999
v -1.8 4.9 -0.2
v -1.7 4.9 -0.2
v -1.1 4.9 -0.2
v -1 4.9 -0.2
v -1.9 4.9 -0.3
v -1.8 4.9 -0.3
v -1.7 4.9 -0.3
v -1.6 4.9 -0.3
v -1.1 4.9 -0.3
v -1 4.9 -0.3
v -0.9 4.9 -0.3
v -0.8 4.9 -0.3
v 0.7 4.9 -0.3
v 0.8 4.9 -0.3
v 1.1 4.9 -0.3
v 1.2 4.9 -0.3
v 1.3 4.9 -0.3
v -1.8 4.9 -0.4
v -1.7 4.9 -0.4
v -0.9 4.9 -0.4
v -0.8 4.9 -0.4
v 0.7 4.9 -0.4
v 0.8 4.9 -0.4
v 0.9 4.9 -0.4
v 1 4.9 -0.4
v 1.2 4.9 -0.4
v 1.3 4.9 -0.4
v 0.7 4.9 -0.5
v 0.8 4.9 -0.5
v 0.9 4.9 -0.5
v 1 4.9 -0.5
v 1.1 4.9 -0.5
v 1.2 4.9 -0.5
v -1.7 4.9 -0.6
v -1.6 4.9 -0.6
v -0.9 4.9 -0.6
v -0.8 4.9 -0.6
v -0.7 4.9 -0.6
v -0.6 4.9 -0.6
v 0.9 4.9 -0.6
v 1 4.9 -0.6
v 1.1 4.9 -0.6
v -0.6 4.9 -0.7
v -0.5 4.9 -0.7
v -0.3 4.9 -0.7
v 0.0999999 4.9 -0.7
v 0.3 4.9 -0.7
v 0.4 4.9 -0.7
v 0.5 4.9 -0.7
v -0.7 4.9 -0.8
v -0.6 4.9 -0.8
v -0.5 4.9 -0.8
v -0.4 4.9 -0.8
v -0.3 4.9 -0.8
v -0.2 4.9 -0.8
v 0.0999999 4.9 -0.8
v 0.3 4.9 -0.8
v 0.4 4.9 -0.8
v 0.5 4.9 -0.8
v -0.4 4.9 -0.9
v -0.2 4.9 -0.9
v 0.0999999 4.9 -0.9
v -1.9 5 2.3
v -1.7 5 2.3
v -1.3 5 2.3
v -1.2 5 2.3
v -1.9 5 2.2
v -1.8 5 2.2
v -1.4 5 2.2
v -1.3 5 2.2
v -1.2 5 2.2
v -1.8 5 2.1
v -1.7 5 2.1
v -1.4 5 2.1
v -1.3 5 2.1
v -1.5 5 1.6
v -1.4 5 1.6
v -1.8 5 1.4
v -1.7 5 1.4
v -1.5 5 1.4
v -1.3 5 1.4
v -1.8 5 1.3
v -1.7 5 1.3
v -1.6 5 1.3
v -1.7 5 1.2
v -1.6 5 1.2
v -1.5 5 1.2
v -1.3 5 1.2
v -2.2 5 0.9
v -2.1 5 0.9
v -2.2 5 0.8
v -2.1 5 0.8
v -1.7 5 0.7
v -1.5 5 0.7
v -1.4 5 0.7
v -1.7 5 0.6
v -1.6 5 0.6
v -1.6 5 0.5
v -1.5 5 0.5
v -1.4 5 0.5
v -1.3 5 0.5
v -1.5 5 0.4
v -1.4 5 0.4
v -1.3 5 0.4
v -0.8 5 0.4
v -0.3 5 0.4
v -0.1 5 0.4
v -2.38419e-07 5 0.4
v 0.2 5 0.4
v 0.7 5 0.4
v -1.5 5 0.3
v -1.4 5 0.3
v -1.3 5 0.3
v -0.9 5 0.3
v -0.8 5 0.3
v -0.7 5 0.3
v -0.5 5 0.3
v -0.3 5 0.3
v -0.1 5 0.3
v -2.38419e-07 5 0.3
v 0.2 5 0.3
v 0.4 5 0.3
v 0.6 5 0.3
v 0.7 5 0.3
v 0.8 5 0.3
v -1.5 5 0.2
v -1.3 5 0.2
v -0.9 5 0.2
v -0.8 5 0.2
v 0.6 5 0.2
v 0.7 5 0.2
v -1 5 0.1
v -0.9 5 0.1
v 0.7 5 0.1
v 0.8 5 0.1
v 0.9 5 0.1
v -1 5 0
v -0.9 5 0
v -0.8 5 0
v 0.8 5 0
v 0.9 5 0
v 1 5 0
v 1.1 5 0
v 1.1 5 -0.0999999
v 1.2 5 -0.0999999
v -1 5 -0.2
v -0.9 5 -0.2
v -0.8 5 -0.2
v 1 5 -0.2
v 1.1 5 -0.2
v -1 5 -0.3
v -0.9 5 -0.3
v -0.8 5 -0.3
v 0.7 5 -0.3
v 0.8 5 -0.3
v 1.1 5 -0.3
v 1.2 5 -0.3
v -0.8 5 -0.4
v -0.7 5 -0.4
v 1 5 -0.4
v 1.1 5 -0.4
v -0.7 5 -0.5
v -0.6 5 -0.5
v -0.5 5 -0.5
v 0.4 5 -0.5
v 0.5 5 -0.5
v 0.6 5 -0.5
v 1 5 -0.5
v 1.1 5 -0.5
v -0.8 5 -0.6
v -0.7 5 -0.6
v -0.6 5 -0.6
v -0.5 5 -0.6
v -0.3 5 -0.6
v 0.0999999 5 -0.6
v 0.4 5 -0.6
v 0.5 5 -0.6
v 0.6 5 -0.6
v 0.7 5 -0.6
v -0.6 5 -0.7
v -0.5 5 -0.7
v -0.3 5 -0.7
v 0.0999999 5 -0.7
v 0.4 5 -0.7
v 0.5 5 -0.7
v 0.6 5 -0.7
v -1.7 5.1 2.3
v -1.3 5.1 2.3
v -1.4 5.1 2.2
v -1.3 5.1 2.2
v -1.7 5.1 2.1
v -1.4 5.1 2.1
v -1.5 5.1 1.6
v -1.4 5.1 1.6
v -1.7 5.1 1.4
v -1.5 5.1 1.4
v -1.7 5.1 1.3
v -1.6 5.1 1.3
v -1.6 5.1 1.2
v -1.5 5.1 1.2
v -1.6 5.1 1
v -1.5 5.1 1
v -1.6 5.1 0.9
v -1.5 5.1 0.9
v -2.2 5.1 0.8
v -2.1 5.1 0.8
v -2.2 5.1 0.7
v -2.1 5.1 0.7
v -1 5.1 0.6
v -0.9 5.1 0.6
v -1.1 5.1 0.5
v -1 5.1 0.5
v -1.4 5.1 0.4
v -1.3 5.1 0.4
v -1.2 5.1 0.4
v -1.1 5.1 0.4
v -0.9 5.1 0.4
v -1.4 5.1 0.3
v -1.3 5.1 0.3
v -1.2 5.1 0.3
v -1.1 5.1 0.3
v -0.7 5.1 0.3
v -0.5 5.1 0.3
v 0.4 5.1 0.3
v 0.6 5.1 0.3
v -1.3 5.1 0.2
v -1.2 5.1 0.2
v -1.1 5.1 0.2
v -0.9 5.1 0.2
v -0.8 5.1 0.2
v -0.6 5.1 0.2
v -0.5 5.1 0.2
v 0.4 5.1 0.2
v 0.5 5.1 0.2
v -1.3 5.1 0.1
v -1.2 5.1 0.1
v -2.1 5.1 0
v -2 5.1 0
v -0.9 5.1 0
v -0.8 5.1 0
v 0.8 5.1 0
v 1 5.1 0
v -2.1 5.1 -0.0999999
v -2 5.1 -0.0999999
v -1 5.1 -0.0999999
v -0.9 5.1 -0.0999999
v 0.9 5.1 -0.0999999
v 1 5.1 -0.0999999
v -1 5.1 -0.2
v -0.9 5.1 -0.2
v 1 5.1 -0.2
v 1.1 5.1 -0.2
v 0.8 5.1 -0.3
v 0.9 5.1 -0.3
v 0.8 5.1 -0.4
v 0.9 5.1 -0.4
v 1 5.1 -0.4
v 1.1 5.1 -0.4
v -0.7 5.1 -0.5
v -0.6 5.1 -0.5
v 0.5 5.1 -0.5
v 0.6 5.1 -0.5
v -1.5 5.2 1
v -1.4 5.2 1
v -1.5 5.2 0.9
v -1.4 5.2 0.9
v -0.3 5.2 0.4
v 0.3 5.2 0.4
v -1.1 5.2 0.3
v -0.9 5.2 0.3
v -0.5 5.2 0.3
v -0.4 5.2 0.3
v -0.3 5.2 0.3
v 0.2 5.2 0.3
v 0.3 5.2 0.3
v 0.4 5.2 0.3
v -1.1 5.2 0.2
v -0.9 5.2 0.2
v -0.5 5.2 0.2
v -0.4 5.2 0.2
v 0.2 5.2 0.2
v 0.4 5.2 0.2
v -2.1 5.2 0.1
v -2 5.2 0.1
v -1.3 5.2 0.1
v -1.2 5.2 0.1
v -1.1 5.2 0.1
v -1 5.2 0.1
v -2.1 5.2 0
v -2 5.2 0
v -1.2 5.2 0
v -1.3 5.2 -0.0999999
v -1.2 5.2 -0.0999999
v -1 5.2 -0.0999999
v -0.9 5.2 -0.0999999
v 0.9 5.2 -0.0999999
v 1 5.2 -0.0999999
v -1.3 5.2 -0.2
v -1.2 5.2 -0.2
v -1 5.2 -0.2
v -1.3 5.2 -0.3
v -1.2 5.2 -0.3
v -0.6 5.2 -0.4
v -0.5 5.2 -0.4
v 0.4 5.2 -0.4
v 0.5 5.2 -0.4
v 0.9 5.2 -0.4
v 1 5.2 -0.4
v -0.6 5.2 -0.5
v -0.5 5.2 -0.5
v 0.4 5.2 -0.5
v 0.5 5.2 -0.5
v -1.5 5.3 0.9
v -1.4 5.3 0.9
v -2.2 5.3 0.7
v -2.1 5.3 0.7
v -1.5 5.3 0.7
v -1.4 5.3 0.7
v -2.2 5.3 0.4
v -2.1 5.3 0.4
v -2.1 5.3 0.3
v -2 5.3 0.3
v -1.2 5.3 0.2
v -1.1 5.3 0.2
v -0.6 5.3 0.2
v -0.5 5.3 0.2
v 0.4 5.3 0.2
v 0.5 5.3 0.2
v -2.1 5.3 0.1
v -2 5.3 0.1
v -1.1 5.3 0.1
v -1 5.3 0.1
v -0.6 5.3 0.1
v -0.5 5.3 0.1
v 0.4 5.3 0.1
v 0.5 5.3 0.1
v -1.2 5.3 0
v -1.1 5.3 0
v -1.2 5.3 -0.0999999
v -1 5.3 -0.0999999
v -1.4 5.3 -0.2
v -1.3 5.3 -0.2
v -1.4 5.3 -0.3
v -1.3 5.3 -0.3
v -0.5 5.3 -0.6
v 0.4 5.3 -0.6
v -0.5 5.3 -0.7
v 0.4 5.3 -0.7
v -1.5 5.4 0.7
v -1.4 5.4 0.7
v -1.5 5.4 0.6
v -1.4 5.4 0.6
v -1.3 5.4 0.6
v -2.1 5.4 0.4
v -2 5.4 0.4
v -1.3 5.4 0.4
v -1.2 5.4 0.4
v -2.1 5.4 0.3
v -2 5.4 0.3
v -1.4 5.4 0.3
v -1.3 5.4 0.3
v -0.4 5.4 0.3
v 0.3 5.4 0.3
v -1.3 5.4 0.2
v -1.2 5.4 0.2
v -0.4 5.4 0.2
v 0.3 5.4 0.2
v -0.5 5.4 0.1
v -0.4 5.4 0.1
v 0.3 5.4 0.1
v 0.4 5.4 0.1
v -1.5 5.4 0
v -1.4 5.4 0
v -1.5 5.4 -0.0999999
v -1.5 5.4 -0.2
v -1.4 5.4 -0.2
v -0.5 5.4 -0.3
v 0.4 5.4 -0.3
v -0.5 5.4 -0.5
v -0.4 5.4 -0.5
v 0.3 5.4 -0.5
v 0.4 5.4 -0.5
v -0.5 5.4 -0.6
v -0.4 5.4 -0.6
v 0.3 5.4 -0.6
v 0.4 5.4 -0.6
v -0.9 5.5 0.5
v -0.8 5.5 0.5
v 0.7 5.5 0.5
v 0.8 5.5 0.5
v -2 5.5 0.4
v -1.8 5.5 0.4
v -0.9 5.5 0.4
v -0.8 5.5 0.4
v -0.4 5.5 0.4
v -0.3 5.5 0.4
v 0.2 5.5 0.4
v 0.3 5.5 0.4
v 0.7 5.5 0.4
v 0.8 5.5 0.4
v -2 5.5 0.3
v -1.9 5.5 0.3
v -1.8 5.5 0.3
v -0.9 5.5 0.3
v -0.8 5.5 0.3
v -0.4 5.5 0.3
v 0.3 5.5 0.3
v 0.7 5.5 0.3
v 0.8 5.5 0.3
v -1.9 5.5 0.2
v -1.8 5.5 0.2
v -1.6 5.5 0.1
v -1.5 5.5 0.1
v -0.6 5.5 0.1
v -0.5 5.5 0.1
v 0.4 5.5 0.1
v 0.5 5.5 0.1
v -1.6 5.5 0
v -1.6 5.5 -0.0999999
v -1.5 5.5 -0.0999999
v -0.6 5.5 -0.0999999
v -0.5 5.5 -0.0999999
v 0.4 5.5 -0.2
v 0.5 5.5 -0.2
v -0.4 5.5 -0.6
v 0.3 5.5 -0.6
v -0.4 5.5 -0.7
v 0.3 5.5 -0.7
v 0.5 5.6 1.2
v 0.6 5.6 1.2
v 0.4 5.6 1.1
v 0.5 5.6 1.1
v 0.6 5.6 1.1
v 0.7 5.6 1.1
v 0.4 5.6 1
v 0.5 5.6 1
v 0.6 5.6 1
v 0.7 5.6 1
v -0.8 5.6 0.6
v -0.7 5.6 0.6
v -0.5 5.6 0.6
v -0.4 5.6 0.6
v 0.3 5.6 0.6
v 0.4 5.6 0.6
v 0.6 5.6 0.6
v 0.7 5.6 0.6
v -0.8 5.6 0.5
v -0.7 5.6 0.5
v -0.5 5.6 0.5
v -0.4 5.6 0.5
v 0.3 5.6 0.5
v 0.4 5.6 0.5
v 0.6 5.6 0.5
v 0.7 5.6 0.5
v -0.7 5.6 0.4
v -0.5 5.6 0.4
v -0.4 5.6 0.4
v 0.3 5.6 0.4
v 0.4 5.6 0.4
v 0.5 5.6 0.4
v 0.6 5.6 0.4
v -1.8 5.6 0.3
v -1.7 5.6 0.3
v -0.7 5.6 0.3
v -0.6 5.6 0.3
v -0.5 5.6 0.3
v -1.7 5.6 0.2
v -1.6 5.6 0.2
v -0.8 5.6 0.2
v -0.7 5.6 0.2
v -0.6 5.6 0.2
v -0.5 5.6 0.2
v 0.4 5.6 0.2
v 0.5 5.6 0.2
v 0.6 5.6 0.2
v 0.7 5.6 0.2
v -1.8 5.6 0.1
v -1.7 5.6 0.1
v -0.6 5.6 0.1
v -0.4 5.6 0.1
v 0.3 5.6 0.1
v 0.5 5.6 0.1
v -1.7 5.6 0
v -1.6 5.6 0
v -0.6 5.6 -0.0999999
v -0.5 5.6 -0.0999999
v -0.6 5.6 -0.3
v -0.5 5.6 -0.3
v 0.4 5.6 -0.3
v -0.5 5.6 -0.5
v 0.4 5.6 -0.5
v 0.5 5.7 1.1
v 0.6 5.7 1.1
v 0.4 5.7 1
v 0.5 5.7 1
v 0.6 5.7 1
v 0.7 5.7 1
v 0.4 5.7 0.9
v 0.5 5.7 0.9
v 0.6 5.7 0.9
v 0.7 5.7 0.9
v -0.7 5.7 0.5
v -0.5 5.7 0.5
v -0.4 5.7 0.5
v 0.3 5.7 0.5
v 0.4 5.7 0.5
v 0.6 5.7 0.5
v -0.7 5.7 0.4
v -0.5 5.7 0.4
v -0.4 5.7 0.4
v 0.3 5.7 0.4
v 0.4 5.7 0.4
v 0.6 5.7 0.4
v 0.5 5.8 1
v 0.6 5.8 1
v 0.5 5.8 0.8
v 0.6 5.8 0.8
v -0.4 5.8 0.5
v 0.3 5.8 0.5
v -0.7 5.8 0.4
v -0.5 5.8 0.4
v -0.4 5.8 0.4
v 0.3 5.8 0.4
v 0.5 5.8 0.4
v 0.6 5.8 0.4
v -0.6 5.8 0.3
v -0.5 5.8 0.3
v -0.7 5.8 -0.3
v -0.6 5.8 -0.3
v -0.5 5.8 -0.3
v 0.5 5.8 -0.3
v 0.6 5.8 -0.3
v -0.6 5.8 -0.5
v -0.5 5.8 -0.5
v 0.4 5.8 -0.5
v -0.5 5.8 -0.6
v 0.4 5.8 -0.6
v 0.5 5.9 0.8
v 0.6 5.9 0.8
v 0.5 5.9 0.7
v 0.6 5.9 0.7
v -0.5 5.9 0.4
v 0.5 5.9 0.4
v -0.6 5.9 0.3
v -0.5 5.9 0.3
v 0.4 5.9 0.3
v -0.6 5.9 -0.3
v -0.5 5.9 -0.3
v 0.4 5.9 -0.3
v -0.5 5.9 -0.5
v 0.5 5.9 -0.5
v 0.5 6 0.7
v 0.6 6 0.7
v 0.5 6 0.6
v 0.6 6 0.6
v -0.5 6 0.3
v 0.4 6 0.3
v -0.4 6 0.2
v 0.3 6 0.2
v -0.4 6 -0.2
v 0.3 6 -0.2
v -0.5 6 -0.3
v 0.4 6 -0.3
v -0.7 6.1 1.2
v -0.6 6.1 1.2
v -0.8 6.1 1.1
v -0.7 6.1 1.1
v -0.6 6.1 1.1
v -0.5 6.1 1.1
v -0.8 6.1 1
v -0.7 6.1 1
v -0.6 6.1 1
v -0.5 6.1 1
v -0.7 6.1 0.9
v -0.6 6.1 0.9
v 0.5 6.1 0.6
v 0.6 6.1 0.6
v 0.5 6.1 0.5
v 0.6 6.1 0.5
v -0.4 6.1 0.2
v -0.3 6.1 0.2
v -0.2 6.1 0.2
v 0.0999999 6.1 0.2
v 0.2 6.1 0.2
v 0.3 6.1 0.2
v -0.3 6.1 0.1
v -0.2 6.1 0.1
v -0.4 6.1 -0.2
v 0.3 6.1 -0.2
v 0.4 6.2 0.6
v 0.5 6.2 0.6
v 0.4 6.2 0.5
v 0.5 6.2 0.5
v 0.0999999 6.2 0.3
v 0.2 6.2 0.3
v -0.3 6.2 0.2
v -0.2 6.2 0.2
v 0.0999999 6.2 0.2
v 0.2 6.2 0.2
v -0.3 6.2 0.1
v -0.2 6.2 0.1
v 0.3 6.3 0.5
v 0.4 6.3 0.5
v 0.2 6.3 0.4
v 0.3 6.3 0.4
v 0.4 6.3 0.4
v -0.3 6.3 0.3
v -0.2 6.3 0.3
v 0.2 6.3 0.3
v 0.3 6.3 0.3
v -0.3 6.3 0.2
v -0.2 6.3 0.2
v -0.7 6.4 1.1
v -0.6 6.4 1.1
v -0.7 6.4 1
v -0.6 6.4 1
v -0.4 6.4 0.3
v -0.3 6.4 0.3
v -0.4 6.4 0.2
v -0.3 6.4 0.2
v -0.7 6.5 1
v -0.6 6.5 1
v -0.6 6.5 0.9
v -0.7 6.5 0.8
v -0.6 6.5 0.8
v -0.4 6.5 0.5
v -0.3 6.5 0.5
v -0.4 6.5 0.4
v -0.4 6.5 0.3
v -0.3 6.5 0.3
v -0.6 6.6 0.9
v -0.5 6.6 0.9
v -0.5 6.6 0.6
v -0.4 6.6 0.6
v -0.6 6.6 0.5
v -0.5 6.6 0.5
v -0.5 6.6 0.4
v -0.4 6.6 0.4

# faces
f 3/11/1 2/11/1 1/11/1
f 4/11/1 2/11/1 3/11/1
f 5/11/1 2/11/1 4/11/1
f 6/11/1 2/11/1 5/11/1
f 8/11/1 7/11/1 6/11/1
f 10/11/1 8/11/1 6/11/1
f 10/11/1 9/11/1 8/11/1
f 11/11/1 9/11/1 10/11/1
f 16/11/1 13/11/1 12/11/1
f 17/11/1 13/11/1 16/11/1
f 19/11/1 15/11/1 14/11/1
f 20/11/1 15/11/1 19/11/1
f 21/11/1 18/11/1 17/11/1
f 22/11/1 18/11/1 21/11/1
f 25/5/1 23/5/1 22/5/1
f 26/5/1 23/5/1 25/5/1
f 29/5/1 25/5/1 24/5/1
f 30/5/1 25/5/1 29/5/1
f 31/5/1 25/5/1 30/5/1
f 32/11/1 28/11/1 27/11/1
f 33/5/1 29/5/1 28/5/1
f 33/11/1 28/11/1 32/11/1
f 33/5/1 30/5/1 29/5/1
f 34/5/1 30/5/1 33/5/1
f 35/11/1 33/11/1 32/11/1
f 36/11/1 33/11/1 35/11/1
f 43/11/1 40/11/1 39/11/1
f 44/11/1 40/11/1 43/11/1
f 46/11/1 42/11/1 41/11/1
f 47/11/1 42/11/1 46/11/1
f 48/11/1 45/11/1 44/11/1
f 49/11/1 45/11/1 48/11/1
f 50/11/1 45/11/1 49/11/1
f 53/11/1 38/11/1 37/11/1
f 54/11/1 38/11/1 53/11/1
f 55/11/1 52/11/1 51/11/1
f 56/11/1 52/11/1 55/11/1
f 59/11/1 58/11/1 57/11/1
f 60/11/1 58/11/1 59/11/1
f 63/11/1 62/11/1 61/11/1
f 64/11/1 62/11/1 63/11/1
f 69/3/1 66/3/1 65/3/1
f 69/1/1 67/1/1 66/1/1
f 70/11/1 68/11/1 67/11/1
f 70/1/1 67/1/1 69/1/1
f 71/11/1 68/11/1 70/11/1
f 73/11/1 71/11/1 70/11/1
f 73/11/1 72/11/1 71/11/1
f 74/11/1 72/11/1 73/11/1
f 75/11/1 73/11/1 70/11/1
f 76/11/1 72/11/1 74/11/1
f 77/11/1 72/11/1 76/11/1
f 78/11/1 75/11/1 70/11/1
f 78/11/1 76/11/1 75/11/1
f 79/11/1 76/11/1 78/11/1
f 83/10/1 65/10/1 64/10/1
f 84/3/1 69/3/1 65/3/1
f 84/3/1 70/3/1 69/3/1
f 84/10/1 65/10/1 83/10/1
f 85/11/1 78/11/1 70/11/1
f 85/3/1 70/3/1 84/3/1
f 86/11/1 78/11/1 85/11/1
f 87/11/1 81/11/1 80/11/1
f 88/11/1 81/11/1 87/11/1
f 89/11/1 83/11/1 82/11/1
f 90/11/1 83/11/1 89/11/1
f 93/11/1 92/11/1 91/11/1
f 94/11/1 92/11/1 93/11/1
f 97/11/1 96/11/1 95/11/1
f 98/11/1 96/11/1 97/11/1
f 103/10/1 99/10/1 98/10/1
f 104/3/1 100/3/1 99/3/1
f 104/10/1 99/10/1 103/10/1
f 105/3/1 100/3/1 104/3/1
f 106/1/1 101/1/1 100/1/1
f 106/3/1 100/3/1 105/3/1
f 107/11/1 102/11/1 101/11/1
f 107/1/1 101/1/1 106/1/1
f 108/11/1 102/11/1 107/11/1
f 109/11/1 102/11/1 108/11/1
f 110/11/1 102/11/1 109/11/1
f 116/9/1 114/9/1 113/9/1
f 117/9/1 114/9/1 116/9/1
f 121/13/1 112/13/1 111/13/1
f 122/11/1 120/11/1 119/11/1
f 123/11/1 120/11/1 122/11/1
f 126/13/1 112/13/1 121/13/1
f 127/13/1 112/13/1 126/13/1
f 128/13/1 116/13/1 115/13/1
f 128/13/1 117/13/1 116/13/1
f 128/13/1 118/13/1 117/13/1
f 129/13/1 118/13/1 128/13/1
f 135/11/1 125/11/1 124/11/1
f 136/11/1 125/11/1 135/11/1
f 137/11/1 131/11/1 130/11/1
f 138/11/1 131/11/1 137/11/1
f 139/11/1 133/11/1 132/11/1
f 140/3/1 134/3/1 133/3/1
f 140/11/1 133/11/1 139/11/1
f 141/11/1 135/11/1 134/11/1
f 141/3/1 134/3/1 140/3/1
f 142/11/1 135/11/1 141/11/1
f 146/11/1 144/11/1 143/11/1
f 146/11/1 145/11/1 144/11/1
f 147/11/1 145/11/1 146/11/1
f 150/6/1 149/6/1 148/6/1
f 151/6/1 149/6/1 150/6/1
f 155/5/1 153/5/1 152/5/1
f 156/5/1 153/5/1 155/5/1
f 157/5/1 153/5/1 156/5/1
f 158/5/1 153/5/1 157/5/1
f 163/5/1 155/5/1 154/5/1
f 163/5/1 156/5/1 155/5/1
f 164/5/1 156/5/1 163/5/1
f 165/5/1 156/5/1 164/5/1
f 166/5/1 158/5/1 157/5/1
f 166/5/1 159/5/1 158/5/1
f 167/5/1 159/5/1 166/5/1
f 168/13/1 161/13/1 160/13/1
f 169/13/1 161/13/1 168/13/1
f 170/5/1 163/5/1 162/5/1
f 171/9/1 164/9/1 163/9/1
f 171/5/1 163/5/1 170/5/1
f 172/9/1 164/9/1 171/9/1
f 176/13/1 171/13/1 170/13/1
f 176/13/1 173/13/1 172/13/1
f 176/13/1 172/13/1 171/13/1
f 177/13/1 173/13/1 176/13/1
f 178/9/1 175/9/1 174/9/1
f 179/9/1 175/9/1 178/9/1
f 183/13/1 180/13/1 179/13/1
f 186/13/1 182/13/1 181/13/1
f 187/13/1 176/13/1 170/13/1
f 188/13/1 176/13/1 187/13/1
f 189/13/1 176/13/1 188/13/1
f 191/13/1 183/13/1 179/13/1
f 193/11/1 185/11/1 184/11/1
f 195/13/1 186/13/1 181/13/1
f 195/13/1 187/13/1 186/13/1
f 196/5/1 188/5/1 187/5/1
f 196/13/1 187/13/1 195/13/1
f 197/13/1 190/13/1 189/13/1
f 197/5/1 188/5/1 196/5/1
f 197/13/1 189/13/1 188/13/1
f 198/13/1 190/13/1 197/13/1
f 199/13/1 183/13/1 191/13/1
f 200/13/1 183/13/1 199/13/1
f 201/11/1 193/11/1 192/11/1
f 202/11/1 185/11/1 193/11/1
f 202/11/1 193/11/1 201/11/1
f 206/11/1 195/11/1 194/11/1
f 207/11/1 195/11/1 206/11/1
f 208/13/1 190/13/1 198/13/1
f 209/13/1 190/13/1 208/13/1
f 210/11/1 204/11/1 203/11/1
f 211/3/1 205/3/1 204/3/1
f 211/11/1 204/11/1 210/11/1
f 212/11/1 206/11/1 205/11/1
f 212/3/1 205/3/1 211/3/1
f 213/11/1 206/11/1 212/11/1
f 216/11/1 215/11/1 214/11/1
f 217/11/1 215/11/1 216/11/1
f 220/6/1 219/6/1 218/6/1
f 221/6/1 219/6/1 220/6/1
f 223/6/1 222/6/1 221/6/1
f 224/6/1 222/6/1 223/6/1
f 228/11/1 226/11/1 225/11/1
f 229/11/1 226/11/1 228/11/1
f 231/11/1 228/11/1 227/11/1
f 232/11/1 228/11/1 231/11/1
f 233/11/1 231/11/1 230/11/1
f 234/11/1 231/11/1 233/11/1
f 240/9/1 236/9/1 235/9/1
f 240/9/1 237/9/1 236/9/1
f 241/9/1 237/9/1 240/9/1
f 242/9/1 237/9/1 241/9/1
f 243/5/1 239/5/1 238/5/1
f 244/5/1 239/5/1 243/5/1
f 245/9/1 243/9/1 242/9/1
f 246/9/1 243/9/1 245/9/1
f 252/13/1 248/13/1 247/13/1
f 253/11/1 250/11/1 249/11/1
f 256/11/1 250/11/1 253/11/1
f 257/11/1 250/11/1 256/11/1
f 258/13/1 255/13/1 254/13/1
f 259/13/1 252/13/1 251/13/1
f 260/13/1 248/13/1 252/13/1
f 260/13/1 252/13/1 259/13/1
f 265/13/1 258/13/1 254/13/1
f 266/13/1 258/13/1 265/13/1
f 267/11/1 262/11/1 261/11/1
f 268/11/1 262/11/1 267/11/1
f 269/5/1 264/5/1 263/5/1
f 270/5/1 264/5/1 269/5/1
f 273/11/1 272/11/1 271/11/1
f 274/11/1 272/11/1 273/11/1
f 275/11/1 272/11/1 274/11/1
f 280/6/1 279/6/1 278/6/1
f 281/6/1 279/6/1 280/6/1
f 282/6/1 277/6/1 276/6/1
f 283/6/1 277/6/1 282/6/1
f 286/9/1 285/9/1 284/9/1
f 287/9/1 285/9/1 286/9/1
f 292/13/1 289/13/1 288/13/1
f 294/11/1 291/11/1 290/11/1
f 295/11/1 291/11/1 294/11/1
f 296/13/1 292/13/1 288/13/1
f 297/7/1 293/7/1 292/7/1
f 297/13/1 292/13/1 296/13/1
f 301/7/1 297/7/1 296/7/1
f 302/7/1 293/7/1 297/7/1
f 302/7/1 297/7/1 301/7/1
f 303/9/1 299/9/1 298/9/1
f 304/13/1 300/13/1 299/13/1
f 304/9/1 299/9/1 303/9/1
f 305/7/1 301/7/1 300/7/1
f 305/13/1 300/13/1 304/13/1
f 306/7/1 301/7/1 305/7/1
f 310/5/1 308/5/1 307/5/1
f 310/5/1 309/5/1 308/5/1
f 311/5/1 309/5/1 310/5/1
f 312/5/1 309/5/1 311/5/1
f 314/5/1 313/5/1 312/5/1
f 314/5/1 312/5/1 311/5/1
f 315/5/1 313/5/1 314/5/1
f 318/5/1 313/5/1 315/5/1
f 319/5/1 313/5/1 318/5/1
f 320/11/1 317/11/1 316/11/1
f 321/11/1 317/11/1 320/11/1
f 322/11/1 317/11/1 321/11/1
f 328/6/1 324/6/1 323/6/1
f 329/6/1 324/6/1 328/6/1
f 330/6/1 324/6/1 329/6/1
f 331/13/1 325/13/1 324/13/1
f 331/6/1 324/6/1 330/6/1
f 332/13/1 325/13/1 331/13/1
f 335/13/1 327/13/1 326/13/1
f 336/13/1 327/13/1 335/13/1
f 337/13/1 333/13/1 332/13/1
f 338/6/1 334/6/1 333/6/1
f 338/13/1 333/13/1 337/13/1
f 339/13/1 335/13/1 334/13/1
f 339/6/1 334/6/1 338/6/1
f 340/13/1 335/13/1 339/13/1
f 343/11/1 342/11/1 341/11/1
f 344/11/1 342/11/1 343/11/1
f 347/13/1 346/13/1 345/13/1
f 348/13/1 346/13/1 347/13/1
f 351/9/1 348/9/1 347/9/1
f 351/9/1 349/9/1 348/9/1
f 352/13/1 350/13/1 349/13/1
f 352/9/1 349/9/1 351/9/1
f 353/13/1 350/13/1 352/13/1
f 355/13/1 353/13/1 352/13/1
f 356/7/1 354/7/1 353/7/1
f 356/13/1 353/13/1 355/13/1
f 357/7/1 354/7/1 356/7/1
f 358/3/1 357/3/1 356/3/1
f 359/3/1 357/3/1 358/3/1
f 362/1/1 359/1/1 358/1/1
f 363/1/1 359/1/1 362/1/1
f 364/10/1 361/10/1 360/10/1
f 365/10/1 361/10/1 364/10/1
f 368/9/1 367/9/1 366/9/1
f 369/9/1 367/9/1 368/9/1
f 374/11/1 371/11/1 370/11/1
f 375/11/1 371/11/1 374/11/1
f 376/5/1 373/5/1 372/5/1
f 377/5/1 373/5/1 376/5/1
f 382/13/1 379/13/1 378/13/1
f 383/13/1 379/13/1 382/13/1
f 384/6/1 381/6/1 380/6/1
f 385/6/1 381/6/1 384/6/1
f 389/6/1 386/6/1 385/6/1
f 390/6/1 386/6/1 389/6/1
f 392/13/1 388/13/1 387/13/1
f 393/13/1 392/13/1 391/13/1
f 394/13/1 388/13/1 392/13/1
f 394/13/1 392/13/1 393/13/1
f 397/13/1 396/13/1 395/13/1
f 398/13/1 396/13/1 397/13/1
f 401/11/1 400/11/1 399/11/1
f 402/11/1 400/11/1 401/11/1
f 403/11/1 400/11/1 402/11/1
f 406/11/1 405/11/1 404/11/1
f 407/11/1 405/11/1 406/11/1
f 411/10/1 408/10/1 407/10/1
f 412/10/1 408/10/1 411/10/1
f 413/9/1 410/9/1 409/9/1
f 414/9/1 410/9/1 413/9/1
f 417/11/1 416/11/1 415/11/1
f 418/11/1 416/11/1 417/11/1
f 419/11/1 416/11/1 418/11/1
f 423/10/1 421/10/1 420/10/1
f 424/10/1 421/10/1 423/10/1
f 428/11/1 423/11/1 422/11/1
f 429/11/1 423/11/1 428/11/1
f 431/3/1 427/3/1 426/3/1
f 431/3/1 426/3/1 425/3/1
f 432/7/1 431/7/1 430/7/1
f 433/3/1 427/3/1 431/3/1
f 433/7/1 431/7/1 432/7/1
f 434/3/1 427/3/1 433/3/1
f 435/3/1 427/3/1 434/3/1
f 439/3/1 435/3/1 434/3/1
f 440/11/1 436/11/1 435/11/1
f 440/3/1 435/3/1 439/3/1
f 441/11/1 436/11/1 440/11/1
f 442/11/1 436/11/1 441/11/1
f 443/11/1 438/11/1 437/11/1
f 444/11/1 438/11/1 443/11/1
f 445/5/1 444/5/1 443/5/1
f 446/5/1 444/5/1 445/5/1
f 451/13/1 448/13/1 447/13/1
f 453/6/1 450/6/1 449/6/1
f 454/6/1 450/6/1 453/6/1
f 457/13/1 456/13/1 455/13/1
f 458/13/1 452/13/1 451/13/1
f 458/13/1 451/13/1 447/13/1
f 459/13/1 452/13/1 458/13/1
f 460/13/1 452/13/1 459/13/1
f 463/13/1 457/13/1 455/13/1
f 463/13/1 458/13/1 457/13/1
f 463/13/1 459/13/1 458/13/1
f 464/13/1 459/13/1 463/13/1
f 465/13/1 459/13/1 464/13/1
f 466/13/1 459/13/1 465/13/1
f 467/13/1 461/13/1 460/13/1
f 468/9/1 462/9/1 461/9/1
f 468/13/1 461/13/1 467/13/1
f 469/9/1 462/9/1 468/9/1
f 470/13/1 465/13/1 464/13/1
f 471/9/1 466/9/1 465/9/1
f 471/13/1 465/13/1 470/13/1
f 472/9/1 466/9/1 471/9/1
f 473/9/1 468/9/1 467/9/1
f 474/9/1 468/9/1 473/9/1
f 477/11/1 476/11/1 475/11/1
f 478/11/1 476/11/1 477/11/1
f 479/11/1 476/11/1 478/11/1
f 481/11/1 480/11/1 479/11/1
f 482/11/1 480/11/1 481/11/1
f 485/11/1 484/11/1 483/11/1
f 486/11/1 484/11/1 485/11/1
f 492/7/1 489/7/1 488/7/1
f 493/7/1 489/7/1 492/7/1
f 494/11/1 491/11/1 490/11/1
f 495/11/1 491/11/1 494/11/1
f 499/10/1 487/10/1 486/10/1
f 500/10/1 487/10/1 499/10/1
f 501/11/1 497/11/1 496/11/1
f 502/11/1 497/11/1 501/11/1
f 505/11/1 499/11/1 498/11/1
f 506/11/1 499/11/1 505/11/1
f 509/1/1 504/1/1 503/1/1
f 510/1/1 504/1/1 509/1/1
f 511/13/1 508/13/1 507/13/1
f 512/13/1 508/13/1 511/13/1
f 513/11/1 512/11/1 511/11/1
f 514/11/1 512/11/1 513/11/1
f 517/3/1 510/3/1 509/3/1
f 518/3/1 510/3/1 517/3/1
f 519/3/1 516/3/1 515/3/1
f 520/3/1 516/3/1 519/3/1
f 523/5/1 520/5/1 519/5/1
f 523/5/1 521/5/1 520/5/1
f 524/3/1 522/3/1 521/3/1
f 524/5/1 521/5/1 523/5/1
f 525/3/1 522/3/1 524/3/1
f 528/13/1 527/13/1 526/13/1
f 529/13/1 527/13/1 528/13/1
f 533/13/1 530/13/1 529/13/1
f 534/13/1 530/13/1 533/13/1
f 535/13/1 532/13/1 531/13/1
f 536/13/1 532/13/1 535/13/1
f 538/13/1 533/13/1 529/13/1
f 539/9/1 534/9/1 533/9/1
f 539/13/1 533/13/1 538/13/1
f 540/9/1 534/9/1 539/9/1
f 544/13/1 538/13/1 537/13/1
f 545/13/1 538/13/1 544/13/1
f 546/9/1 541/9/1 540/9/1
f 547/9/1 541/9/1 546/9/1
f 548/13/1 543/13/1 542/13/1
f 549/13/1 543/13/1 548/13/1
f 555/9/1 550/9/1 549/9/1
f 556/13/1 551/13/1 550/13/1
f 556/9/1 550/9/1 555/9/1
f 557/9/1 552/9/1 551/9/1
f 557/13/1 551/13/1 556/13/1
f 558/9/1 552/9/1 557/9/1
f 559/9/1 554/9/1 553/9/1
f 560/9/1 554/9/1 559/9/1
f 562/13/1 557/13/1 556/13/1
f 563/13/1 557/13/1 562/13/1
f 564/9/1 559/9/1 558/9/1
f 565/9/1 559/9/1 564/9/1
f 566/13/1 562/13/1 561/13/1
f 567/13/1 562/13/1 566/13/1
f 568/9/1 564/9/1 563/9/1
f 569/9/1 564/9/1 568/9/1
f 570/7/1 567/7/1 566/7/1
f 571/7/1 567/7/1 570/7/1
f 574/11/1 573/11/1 572/11/1
f 575/11/1 573/11/1 574/11/1
f 576/11/1 573/11/1 575/11/1
f 577/11/1 573/11/1 576/11/1
f 579/11/1 578/11/1 577/11/1
f 580/11/1 578/11/1 579/11/1
f 582/11/1 581/11/1 580/11/1
f 583/11/1 581/11/1 582/11/1
f 594/5/1 587/5/1 586/5/1
f 595/5/1 587/5/1 594/5/1
f 596/13/1 589/13/1 588/13/1
f 597/13/1 589/13/1 596/13/1
f 598/7/1 591/7/1 590/7/1
f 599/7/1 591/7/1 598/7/1
f 600/11/1 593/11/1 592/11/1
f 601/11/1 593/11/1 600/11/1
f 602/1/1 599/1/1 598/1/1
f 603/1/1 599/1/1 602/1/1
f 604/11/1 585/11/1 584/11/1
f 605/11/1 585/11/1 604/11/1
f 609/3/1 603/3/1 602/3/1
f 610/3/1 603/3/1 609/3/1
f 611/11/1 608/11/1 607/11/1
f 611/11/1 607/11/1 606/11/1
f 612/11/1 608/11/1 611/11/1
f 613/3/1 603/3/1 610/3/1
f 614/3/1 603/3/1 613/3/1
f 617/11/1 616/11/1 615/11/1
f 618/11/1 616/11/1 617/11/1
f 621/7/1 620/7/1 619/7/1
f 622/7/1 620/7/1 621/7/1
f 628/13/1 624/13/1 623/13/1
f 629/13/1 624/13/1 628/13/1
f 630/13/1 626/13/1 625/13/1
f 631/13/1 626/13/1 630/13/1
f 633/13/1 628/13/1 627/13/1
f 634/13/1 628/13/1 633/13/1
f 635/13/1 632/13/1 631/13/1
f 635/13/1 631/13/1 630/13/1
f 636/13/1 632/13/1 635/13/1
f 638/13/1 637/13/1 636/13/1
f 639/13/1 637/13/1 638/13/1
f 642/13/1 641/13/1 640/13/1
f 643/13/1 641/13/1 642/13/1
f 646/13/1 645/13/1 644/13/1
f 647/13/1 645/13/1 646/13/1
f 653/9/1 650/9/1 649/9/1
f 653/9/1 649/9/1 648/9/1
f 654/9/1 650/9/1 653/9/1
f 655/9/1 650/9/1 654/9/1
f 656/13/1 652/13/1 651/13/1
f 657/13/1 652/13/1 656/13/1
f 658/13/1 654/13/1 653/13/1
f 659/13/1 654/13/1 658/13/1
f 660/13/1 656/13/1 655/13/1
f 661/13/1 656/13/1 660/13/1
f 663/7/1 659/7/1 658/7/1
f 664/7/1 659/7/1 663/7/1
f 665/7/1 661/7/1 660/7/1
f 666/1/1 664/1/1 663/1/1
f 667/3/1 665/3/1 664/3/1
f 667/1/1 664/1/1 666/1/1
f 668/7/1 661/7/1 665/7/1
f 668/3/1 665/3/1 667/3/1
f 669/13/1 662/13/1 661/13/1
f 669/7/1 661/7/1 668/7/1
f 670/13/1 662/13/1 669/13/1
f 671/3/1 668/3/1 667/3/1
f 671/3/1 669/3/1 668/3/1
f 672/7/1 670/7/1 669/7/1
f 672/3/1 669/3/1 671/3/1
f 673/7/1 670/7/1 672/7/1
f 677/13/1 675/13/1 674/13/1
f 678/13/1 677/13/1 676/13/1
f 679/13/1 675/13/1 677/13/1
f 679/13/1 677/13/1 678/13/1
f 682/11/1 681/11/1 680/11/1
f 685/11/1 681/11/1 682/11/1
f 686/11/1 681/11/1 685/11/1
f 687/11/1 684/11/1 683/11/1
f 688/11/1 684/11/1 687/11/1
f 693/11/1 690/11/1 689/11/1
f 694/7/1 692/7/1 691/7/1
f 695/7/1 692/7/1 694/7/1
f 696/11/1 693/11/1 689/11/1
f 697/11/1 693/11/1 696/11/1
f 704/13/1 699/13/1 698/13/1
f 705/13/1 699/13/1 704/13/1
f 706/13/1 701/13/1 700/13/1
f 707/13/1 701/13/1 706/13/1
f 708/13/1 703/13/1 702/13/1
f 709/13/1 703/13/1 708/13/1
f 714/13/1 711/13/1 710/13/1
f 715/13/1 711/13/1 714/13/1
f 718/13/1 713/13/1 712/13/1
f 719/13/1 716/13/1 715/13/1
f 720/13/1 716/13/1 719/13/1
f 723/9/1 718/9/1 717/9/1
f 724/13/1 713/13/1 718/13/1
f 724/9/1 718/9/1 723/9/1
f 725/13/1 713/13/1 724/13/1
f 726/9/1 722/9/1 721/9/1
f 727/13/1 723/13/1 722/13/1
f 727/9/1 722/9/1 726/9/1
f 729/13/1 723/13/1 727/13/1
f 730/13/1 723/13/1 729/13/1
f 732/9/1 729/9/1 728/9/1
f 735/9/1 729/9/1 732/9/1
f 735/13/1 732/13/1 731/13/1
f 736/9/1 729/9/1 735/9/1
f 737/7/1 734/7/1 733/7/1
f 738/7/1 734/7/1 737/7/1
f 739/1/1 738/1/1 737/1/1
f 740/1/1 738/1/1 739/1/1
f 741/13/1 735/13/1 731/13/1
f 742/13/1 735/13/1 741/13/1
f 747/3/1 744/3/1 743/3/1
f 748/3/1 744/3/1 747/3/1
f 749/7/1 745/7/1 744/7/1
f 749/3/1 744/3/1 748/3/1
f 750/7/1 745/7/1 749/7/1
f 751/3/1 748/3/1 747/3/1
f 751/3/1 747/3/1 746/3/1
f 751/1/1 749/1/1 748/1/1
f 752/1/1 749/1/1 751/1/1
f 754/3/1 751/3/1 746/3/1
f 754/3/1 752/3/1 751/3/1
f 755/3/1 752/3/1 754/3/1
f 756/3/1 752/3/1 755/3/1
f 757/7/1 754/7/1 753/7/1
f 757/7/1 755/7/1 754/7/1
f 758/7/1 755/7/1 757/7/1
f 759/7/1 755/7/1 758/7/1
f 762/13/1 759/13/1 758/13/1
f 762/13/1 760/13/1 759/13/1
f 763/13/1 760/13/1 762/13/1
f 764/13/1 760/13/1 763/13/1
f 765/13/1 760/13/1 764/13/1
f 767/13/1 762/13/1 761/13/1
f 767/13/1 763/13/1 762/13/1
f 768/13/1 763/13/1 767/13/1
f 769/13/1 767/13/1 761/13/1
f 770/13/1 766/13/1 765/13/1
f 771/13/1 766/13/1 770/13/1
f 772/13/1 769/13/1 761/13/1
f 772/13/1 770/13/1 769/13/1
f 773/13/1 770/13/1 772/13/1
f 774/13/1 770/13/1 773/13/1
f 775/13/1 770/13/1 774/13/1
f 784/13/1 777/13/1 776/13/1
f 785/12/1 778/12/1 777/12/1
f 785/13/1 777/13/1 784/13/1
f 786/12/1 778/12/1 785/12/1
f 788/13/1 781/13/1 780/13/1
f 789/13/1 781/13/1 788/13/1
f 791/12/1 785/12/1 784/12/1
f 791/12/1 786/12/1 785/12/1
f 792/12/1 786/12/1 791/12/1
f 793/13/1 787/13/1 786/13/1
f 793/12/1 786/12/1 792/12/1
f 794/13/1 787/13/1 793/13/1
f 795/9/1 789/9/1 788/9/1
f 795/13/1 788/13/1 780/13/1
f 796/9/1 789/9/1 795/9/1
f 797/11/1 783/11/1 782/11/1
f 798/11/1 783/11/1 797/11/1
f 799/13/1 792/13/1 791/13/1
f 799/12/1 793/12/1 792/12/1
f 800/12/1 793/12/1 799/12/1
f 801/12/1 791/12/1 790/12/1
f 802/13/1 799/13/1 791/13/1
f 802/12/1 791/12/1 801/12/1
f 803/13/1 799/13/1 802/13/1
f 805/12/1 780/12/1 779/12/1
f 806/13/1 796/13/1 795/13/1
f 806/12/1 780/12/1 805/12/1
f 806/13/1 795/13/1 780/13/1
f 807/13/1 796/13/1 806/13/1
f 808/12/1 804/12/1 803/12/1
f 808/12/1 803/12/1 802/12/1
f 809/12/1 804/12/1 808/12/1
f 810/12/1 804/12/1 809/12/1
f 812/7/1 811/7/1 810/7/1
f 812/7/1 810/7/1 809/7/1
f 813/7/1 811/7/1 812/7/1
f 817/10/1 815/10/1 814/10/1
f 818/8/1 816/8/1 815/8/1
f 818/10/1 815/10/1 817/10/1
f 819/8/1 816/8/1 818/8/1
f 823/6/1 821/6/1 820/6/1
f 824/6/1 821/6/1 823/6/1
f 827/6/1 823/6/1 822/6/1
f 828/6/1 823/6/1 827/6/1
f 829/13/1 826/13/1 825/13/1
f 830/13/1 826/13/1 829/13/1
f 833/13/1 832/13/1 831/13/1
f 834/13/1 832/13/1 833/13/1
f 838/9/1 836/9/1 835/9/1
f 839/9/1 836/9/1 838/9/1
f 840/9/1 838/9/1 837/9/1
f 841/9/1 838/9/1 840/9/1
f 844/13/1 843/13/1 842/13/1
f 845/13/1 843/13/1 844/13/1
f 850/1/1 847/1/1 846/1/1
f 851/1/1 847/1/1 850/1/1
f 852/7/1 849/7/1 848/7/1
f 853/7/1 849/7/1 852/7/1
f 854/3/1 851/3/1 850/3/1
f 855/3/1 851/3/1 854/3/1
f 857/13/1 853/13/1 852/13/1
f 858/7/1 857/7/1 856/7/1
f 859/13/1 853/13/1 857/13/1
f 859/7/1 857/7/1 858/7/1
f 860/13/1 853/13/1 859/13/1
f 866/7/1 862/7/1 861/7/1
f 866/7/1 863/7/1 862/7/1
f 867/7/1 863/7/1 866/7/1
f 868/13/1 865/13/1 864/13/1
f 869/13/1 865/13/1 868/13/1
f 872/13/1 871/13/1 870/13/1
f 873/13/1 871/13/1 872/13/1
f 879/13/1 875/13/1 874/13/1
f 880/13/1 875/13/1 879/13/1
f 881/13/1 877/13/1 876/13/1
f 884/13/1 880/13/1 879/13/1
f 884/13/1 879/13/1 878/13/1
f 884/13/1 881/13/1 880/13/1
f 885/13/1 881/13/1 884/13/1
f 886/13/1 877/13/1 881/13/1
f 886/13/1 881/13/1 885/13/1
f 887/13/1 877/13/1 886/13/1
f 889/9/1 883/9/1 882/9/1
f 890/13/1 884/13/1 883/13/1
f 890/9/1 883/9/1 889/9/1
f 891/7/1 886/7/1 885/7/1
f 892/7/1 886/7/1 891/7/1
f 893/7/1 886/7/1 892/7/1
f 894/7/1 886/7/1 893/7/1
f 895/13/1 889/13/1 888/13/1
f 895/13/1 890/13/1 889/13/1
f 896/13/1 884/13/1 890/13/1
f 896/13/1 890/13/1 895/13/1
f 897/1/1 893/1/1 892/1/1
f 897/3/1 892/3/1 891/3/1
f 898/1/1 893/1/1 897/1/1
f 899/3/1 897/3/1 891/3/1
f 900/3/1 897/3/1 899/3/1
f 904/12/1 902/12/1 901/12/1
f 904/7/1 903/7/1 902/7/1
f 905/7/1 903/7/1 904/7/1
f 907/12/1 904/12/1 901/12/1
f 908/9/1 905/9/1 904/9/1
f 908/12/1 904/12/1 907/12/1
f 909/9/1 905/9/1 908/9/1
f 911/12/1 909/12/1 908/12/1
f 911/12/1 910/12/1 909/12/1
f 911/12/1 908/12/1 907/12/1
f 911/12/1 907/12/1 906/12/1
f 912/12/1 910/12/1 911/12/1
f 913/12/1 910/12/1 912/12/1
f 914/12/1 910/12/1 913/12/1
f 915/12/1 910/12/1 914/12/1
f 916/12/1 910/12/1 915/12/1
f 917/12/1 910/12/1 916/12/1
f 919/13/1 918/13/1 917/13/1
f 919/13/1 917/13/1 916/13/1
f 920/13/1 918/13/1 919/13/1
f 921/9/1 920/9/1 919/9/1
f 922/9/1 920/9/1 921/9/1
f 925/11/1 924/11/1 923/11/1
f 926/11/1 924/11/1 925/11/1
f 932/3/1 928/3/1 927/3/1
f 933/3/1 928/3/1 932/3/1
f 934/12/1 930/12/1 929/12/1
f 935/13/1 931/13/1 930/13/1
f 935/12/1 930/12/1 934/12/1
f 936/13/1 931/13/1 935/13/1
f 941/10/1 938/10/1 937/10/1
f 942/8/1 939/8/1 938/8/1
f 942/10/1 938/10/1 941/10/1
f 943/8/1 939/8/1 942/8/1
f 945/8/1 941/8/1 940/8/1
f 946/8/1 941/8/1 945/8/1
f 948/8/1 944/8/1 943/8/1
f 949/10/1 946/10/1 945/10/1
f 950/8/1 947/8/1 946/8/1
f 950/10/1 946/10/1 949/10/1
f 950/8/1 948/8/1 947/8/1
f 951/8/1 944/8/1 948/8/1
f 951/8/1 948/8/1 950/8/1
f 954/2/1 953/2/1 952/2/1
f 955/2/1 953/2/1 954/2/1
f 962/6/1 957/6/1 956/6/1
f 963/6/1 957/6/1 962/6/1
f 964/13/1 959/13/1 958/13/1
f 965/13/1 959/13/1 964/13/1
f 966/13/1 961/13/1 960/13/1
f 967/13/1 961/13/1 966/13/1
f 970/13/1 969/13/1 968/13/1
f 971/13/1 969/13/1 970/13/1
f 975/13/1 973/13/1 972/13/1
f 976/13/1 975/13/1 974/13/1
f 977/13/1 973/13/1 975/13/1
f 977/13/1 975/13/1 976/13/1
f 980/13/1 979/13/1 978/13/1
f 981/13/1 979/13/1 980/13/1
f 986/3/1 983/3/1 982/3/1
f 987/3/1 983/3/1 986/3/1
f 988/7/1 985/7/1 984/7/1
f 989/7/1 985/7/1 988/7/1
f 991/9/1 990/9/1 989/9/1
f 992/9/1 990/9/1 991/9/1
f 998/9/1 994/9/1 993/9/1
f 999/9/1 994/9/1 998/9/1
f 1000/13/1 996/13/1 995/13/1
f 1000/13/1 997/13/1 996/13/1
f 1001/13/1 997/13/1 1000/13/1
f 1002/13/1 997/13/1 1001/13/1
f 1004/13/1 999/13/1 998/13/1
f 1005/13/1 999/13/1 1004/13/1
f 1006/13/1 1004/13/1 1003/13/1
f 1007/13/1 1004/13/1 1006/13/1
f 1009/13/1 1008/13/1 1007/13/1
f 1010/13/1 1008/13/1 1009/13/1
f 1015/7/1 1010/7/1 1009/7/1
f 1016/7/1 1010/7/1 1015/7/1
f 1019/1/1 1012/1/1 1011/1/1
f 1020/1/1 1012/1/1 1019/1/1
f 1021/13/1 1014/13/1 1013/13/1
f 1022/7/1 1015/7/1 1014/7/1
f 1022/13/1 1014/13/1 1021/13/1
f 1023/3/1 1016/3/1 1015/3/1
f 1024/3/1 1018/3/1 1017/3/1
f 1025/1/1 1019/1/1 1018/1/1
f 1025/3/1 1018/3/1 1024/3/1
f 1026/1/1 1019/1/1 1025/1/1
f 1027/7/1 1015/7/1 1022/7/1
f 1028/3/1 1023/3/1 1015/3/1
f 1028/7/1 1015/7/1 1027/7/1
f 1028/3/1 1024/3/1 1023/3/1
f 1028/3/1 1025/3/1 1024/3/1
f 1029/3/1 1025/3/1 1028/3/1
f 1030/3/1 1025/3/1 1029/3/1
f 1039/3/1 1032/3/1 1031/3/1
f 1040/13/1 1033/13/1 1032/13/1
f 1040/3/1 1032/3/1 1039/3/1
f 1041/12/1 1034/12/1 1033/12/1
f 1041/13/1 1033/13/1 1040/13/1
f 1042/13/1 1035/13/1 1034/13/1
f 1042/12/1 1034/12/1 1041/12/1
f 1043/7/1 1036/7/1 1035/7/1
f 1043/13/1 1035/13/1 1042/13/1
f 1044/13/1 1037/13/1 1036/13/1
f 1044/7/1 1036/7/1 1043/7/1
f 1045/13/1 1037/13/1 1044/13/1
f 1046/3/1 1039/3/1 1038/3/1
f 1047/13/1 1040/13/1 1039/13/1
f 1047/3/1 1039/3/1 1046/3/1
f 1047/13/1 1041/13/1 1040/13/1
f 1048/13/1 1041/13/1 1047/13/1
f 1049/7/1 1045/7/1 1044/7/1
f 1049/7/1 1044/7/1 1043/7/1
f 1050/7/1 1045/7/1 1049/7/1
f 1051/12/1 1048/12/1 1047/12/1
f 1051/12/1 1047/12/1 1046/12/1
f 1052/12/1 1048/12/1 1051/12/1
f 1053/12/1 1048/12/1 1052/12/1
f 1054/12/1 1050/12/1 1049/12/1
f 1055/12/1 1050/12/1 1054/12/1
f 1058/12/1 1057/12/1 1056/12/1
f 1059/12/1 1057/12/1 1058/12/1
f 1060/1/1 1052/1/1 1051/1/1
f 1061/1/1 1060/1/1 1051/1/1
f 1062/1/1 1060/1/1 1061/1/1
f 1067/12/1 1064/12/1 1063/12/1
f 1067/12/1 1065/12/1 1064/12/1
f 1068/11/1 1066/11/1 1065/11/1
f 1068/12/1 1065/12/1 1067/12/1
f 1069/11/1 1066/11/1 1068/11/1
f 1070/12/1 1067/12/1 1063/12/1
f 1071/12/1 1067/12/1 1070/12/1
f 1075/7/1 1073/7/1 1072/7/1
f 1075/7/1 1074/7/1 1073/7/1
f 1076/7/1 1074/7/1 1075/7/1
f 1082/3/1 1078/3/1 1077/3/1
f 1083/3/1 1078/3/1 1082/3/1
f 1085/10/1 1080/10/1 1079/10/1
f 1086/8/1 1081/8/1 1080/8/1
f 1086/10/1 1080/10/1 1085/10/1
f 1087/3/1 1084/3/1 1083/3/1
f 1087/8/1 1081/8/1 1086/8/1
f 1087/3/1 1082/3/1 1081/3/1
f 1087/3/1 1083/3/1 1082/3/1
f 1090/3/1 1087/3/1 1086/3/1
f 1091/3/1 1084/3/1 1087/3/1
f 1091/3/1 1087/3/1 1090/3/1
f 1093/2/1 1089/2/1 1088/2/1
f 1094/2/1 1089/2/1 1093/2/1
f 1096/2/1 1093/2/1 1092/2/1
f 1097/2/1 1093/2/1 1096/2/1
f 1098/2/1 1095/2/1 1094/2/1
f 1099/2/1 1095/2/1 1098/2/1
f 1100/2/1 1098/2/1 1097/2/1
f 1101/2/1 1098/2/1 1100/2/1
f 1102/3/1 1101/3/1 1100/3/1
f 1103/3/1 1101/3/1 1102/3/1
f 1105/3/1 1104/3/1 1103/3/1
f 1106/3/1 1104/3/1 1105/3/1
f 1111/13/1 1108/13/1 1107/13/1
f 1112/13/1 1108/13/1 1111/13/1
f 1113/13/1 1110/13/1 1109/13/1
f 1114/13/1 1110/13/1 1113/13/1
f 1117/13/1 1115/13/1 1114/13/1
f 1118/13/1 1115/13/1 1117/13/1
f 1119/13/1 1117/13/1 1116/13/1
f 1120/13/1 1117/13/1 1119/13/1
f 1123/3/1 1122/3/1 1121/3/1
f 1124/3/1 1122/3/1 1123/3/1
f 1127/9/1 1126/9/1 1125/9/1
f 1128/9/1 1126/9/1 1127/9/1
f 1132/13/1 1130/13/1 1129/13/1
f 1133/13/1 1130/13/1 1132/13/1
f 1134/13/1 1132/13/1 1131/13/1
f 1135/13/1 1132/13/1 1134/13/1
f 1138/13/1 1137/13/1 1136/13/1
f 1139/13/1 1137/13/1 1138/13/1
f 1143/13/1 1140/13/1 1139/13/1
f 1144/13/1 1140/13/1 1143/13/1
f 1146/3/1 1142/3/1 1141/3/1
f 1147/3/1 1142/3/1 1146/3/1
f 1148/3/1 1145/3/1 1144/3/1
f 1152/7/1 1144/7/1 1143/7/1
f 1153/3/1 1148/3/1 1144/3/1
f 1153/3/1 1149/3/1 1148/3/1
f 1153/7/1 1144/7/1 1152/7/1
f 1154/3/1 1149/3/1 1153/3/1
f 1155/7/1 1152/7/1 1151/7/1
f 1155/3/1 1153/3/1 1152/3/1
f 1156/3/1 1153/3/1 1155/3/1
f 1157/3/1 1149/3/1 1154/3/1
f 1158/3/1 1149/3/1 1157/3/1
f 1159/1/1 1151/1/1 1150/1/1
f 1160/7/1 1156/7/1 1155/7/1
f 1160/1/1 1151/1/1 1159/1/1
f 1160/7/1 1155/7/1 1151/7/1
f 1161/7/1 1156/7/1 1160/7/1
f 1167/7/1 1163/7/1 1162/7/1
f 1168/7/1 1163/7/1 1167/7/1
f 1169/12/1 1167/12/1 1166/12/1
f 1170/13/1 1168/13/1 1167/13/1
f 1170/12/1 1167/12/1 1169/12/1
f 1171/13/1 1168/13/1 1170/13/1
f 1172/7/1 1163/7/1 1168/7/1
f 1172/13/1 1168/13/1 1171/13/1
f 1173/13/1 1164/13/1 1163/13/1
f 1173/7/1 1163/7/1 1172/7/1
f 1174/13/1 1164/13/1 1173/13/1
f 1175/13/1 1164/13/1 1174/13/1
f 1176/7/1 1165/7/1 1164/7/1
f 1176/13/1 1164/13/1 1175/13/1
f 1177/7/1 1176/7/1 1175/7/1
f 1178/7/1 1165/7/1 1176/7/1
f 1178/7/1 1176/7/1 1177/7/1
f 1180/12/1 1178/12/1 1177/12/1
f 1180/12/1 1179/12/1 1178/12/1
f 1181/12/1 1179/12/1 1180/12/1
f 1182/12/1 1179/12/1 1181/12/1
f 1185/3/1 1184/3/1 1183/3/1
f 1186/3/1 1184/3/1 1185/3/1
f 1189/12/1 1188/12/1 1187/12/1
f 1190/12/1 1188/12/1 1189/12/1
f 1191/12/1 1188/12/1 1190/12/1
f 1192/12/1 1188/12/1 1191/12/1
f 1193/4/1 1190/4/1 1189/4/1
f 1194/4/1 1190/4/1 1193/4/1
f 1195/4/1 1190/4/1 1194/4/1
f 1196/12/1 1191/12/1 1190/12/1
f 1196/4/1 1190/4/1 1195/4/1
f 1197/12/1 1191/12/1 1196/12/1
f 1198/3/1 1195/3/1 1194/3/1
f 1199/4/1 1197/4/1 1196/4/1
f 1199/3/1 1195/3/1 1198/3/1
f 1199/4/1 1196/4/1 1195/4/1
f 1200/4/1 1197/4/1 1199/4/1
f 1201/3/1 1200/3/1 1199/3/1
f 1203/3/1 1201/3/1 1199/3/1
f 1203/3/1 1202/3/1 1201/3/1
f 1204/3/1 1202/3/1 1203/3/1
f 1206/3/1 1202/3/1 1204/3/1
f 1207/3/1 1202/3/1 1206/3/1
f 1208/3/1 1206/3/1 1205/3/1
f 1209/3/1 1206/3/1 1208/3/1
f 1213/3/1 1211/3/1 1210/3/1
f 1213/3/1 1212/3/1 1211/3/1
f 1214/3/1 1212/3/1 1213/3/1
f 1218/13/1 1216/13/1 1215/13/1
f 1219/6/1 1217/6/1 1216/6/1
f 1219/13/1 1216/13/1 1218/13/1
f 1220/6/1 1217/6/1 1219/6/1
f 1221/6/1 1217/6/1 1220/6/1
f 1222/6/1 1217/6/1 1221/6/1
f 1225/7/1 1224/7/1 1223/7/1
f 1226/7/1 1224/7/1 1225/7/1
f 1229/13/1 1228/13/1 1227/13/1
f 1230/13/1 1228/13/1 1229/13/1
f 1233/13/1 1232/13/1 1231/13/1
f 1234/13/1 1232/13/1 1233/13/1
f 1238/1/1 1236/1/1 1235/1/1
f 1239/3/1 1237/3/1 1236/3/1
f 1239/1/1 1236/1/1 1238/1/1
f 1240/3/1 1237/3/1 1239/3/1
f 1243/3/1 1242/3/1 1241/3/1
f 1244/3/1 1242/3/1 1243/3/1
f 1247/7/1 1244/7/1 1243/7/1
f 1247/7/1 1245/7/1 1244/7/1
f 1248/7/1 1245/7/1 1247/7/1
f 1249/7/1 1245/7/1 1248/7/1
f 1250/7/1 1245/7/1 1249/7/1
f 1251/7/1 1247/7/1 1246/7/1
f 1252/7/1 1247/7/1 1251/7/1
f 1253/7/1 1249/7/1 1248/7/1
f 1254/7/1 1249/7/1 1253/7/1
f 1255/9/1 1254/9/1 1253/9/1
f 1256/9/1 1254/9/1 1255/9/1
f 1257/13/1 1252/13/1 1251/13/1
f 1258/13/1 1252/13/1 1257/13/1
f 1259/13/1 1257/13/1 1251/13/1
f 1260/7/1 1258/7/1 1257/7/1
f 1260/13/1 1257/13/1 1259/13/1
f 1261/7/1 1258/7/1 1260/7/1
f 1264/7/1 1263/7/1 1262/7/1
f 1265/7/1 1263/7/1 1264/7/1
f 1266/7/1 1263/7/1 1265/7/1
f 1267/7/1 1263/7/1 1266/7/1
f 1268/1/1 1265/1/1 1264/1/1
f 1269/7/1 1266/7/1 1265/7/1
f 1269/1/1 1265/1/1 1268/1/1
f 1270/13/1 1267/13/1 1266/13/1
f 1270/7/1 1266/7/1 1269/7/1
f 1271/7/1 1263/7/1 1267/7/1
f 1271/13/1 1267/13/1 1270/13/1
f 1272/7/1 1263/7/1 1271/7/1
f 1275/3/1 1274/3/1 1273/3/1
f 1276/3/1 1274/3/1 1275/3/1
f 1281/4/1 1278/4/1 1277/4/1
f 1283/4/1 1280/4/1 1279/4/1
f 1284/4/1 1280/4/1 1283/4/1
f 1286/4/1 1282/4/1 1281/4/1
f 1286/4/1 1281/4/1 1277/4/1
f 1289/12/1 1286/12/1 1285/12/1
f 1290/4/1 1282/4/1 1286/4/1
f 1290/12/1 1286/12/1 1289/12/1
f 1291/4/1 1282/4/1 1290/4/1
f 1292/4/1 1282/4/1 1291/4/1
f 1293/3/1 1288/3/1 1287/3/1
f 1294/3/1 1288/3/1 1293/3/1
f 1295/4/1 1290/4/1 1289/4/1
f 1295/4/1 1291/4/1 1290/4/1
f 1296/4/1 1291/4/1 1295/4/1
f 1297/4/1 1291/4/1 1296/4/1
f 1298/3/1 1296/3/1 1295/3/1
f 1299/3/1 1296/3/1 1298/3/1
f 1304/3/1 1300/3/1 1299/3/1
f 1305/3/1 1300/3/1 1304/3/1
f 1306/3/1 1302/3/1 1301/3/1
f 1307/3/1 1302/3/1 1306/3/1
f 1308/3/1 1304/3/1 1303/3/1
f 1309/3/1 1304/3/1 1308/3/1
f 1310/3/1 1308/3/1 1307/3/1
f 1311/3/1 1308/3/1 1310/3/1
f 1314/3/1 1313/3/1 1312/3/1
f 1315/3/1 1313/3/1 1314/3/1
f 1316/3/1 1313/3/1 1315/3/1
f 1319/6/1 1318/6/1 1317/6/1
f 1320/6/1 1318/6/1 1319/6/1
f 1323/6/1 1322/6/1 1321/6/1
f 1324/6/1 1322/6/1 1323/6/1
f 1327/13/1 1326/13/1 1325/13/1
f 1328/13/1 1326/13/1 1327/13/1
f 1331/3/1 1330/3/1 1329/3/1
f 1332/3/1 1330/3/1 1331/3/1
f 1338/7/1 1332/7/1 1331/7/1
f 1338/7/1 1333/7/1 1332/7/1
f 1339/7/1 1333/7/1 1338/7/1
f 1340/7/1 1335/7/1 1334/7/1
f 1341/7/1 1335/7/1 1340/7/1
f 1342/7/1 1337/7/1 1336/7/1
f 1343/7/1 1337/7/1 1342/7/1
f 1344/9/1 1341/9/1 1340/9/1
f 1345/9/1 1341/9/1 1344/9/1
f 1346/13/1 1343/13/1 1342/13/1
f 1347/13/1 1343/13/1 1346/13/1
f 1348/13/1 1339/13/1 1338/13/1
f 1349/13/1 1339/13/1 1348/13/1
f 1350/13/1 1345/13/1 1344/13/1
f 1350/13/1 1346/13/1 1345/13/1
f 1351/13/1 1346/13/1 1350/13/1
f 1352/13/1 1346/13/1 1351/13/1
f 1353/7/1 1349/7/1 1348/7/1
f 1354/13/1 1339/13/1 1349/13/1
f 1354/7/1 1349/7/1 1353/7/1
f 1355/13/1 1339/13/1 1354/13/1
f 1357/7/1 1351/7/1 1350/7/1
f 1358/7/1 1351/7/1 1357/7/1
f 1360/7/1 1356/7/1 1355/7/1
f 1360/7/1 1355/7/1 1354/7/1
f 1360/7/1 1357/7/1 1356/7/1
f 1361/7/1 1357/7/1 1360/7/1
f 1362/3/1 1358/3/1 1357/3/1
f 1362/7/1 1357/7/1 1361/7/1
f 1363/7/1 1359/7/1 1358/7/1
f 1363/3/1 1358/3/1 1362/3/1
f 1364/7/1 1359/7/1 1363/7/1
f 1366/3/1 1354/3/1 1353/3/1
f 1367/7/1 1360/7/1 1354/7/1
f 1367/3/1 1354/3/1 1366/3/1
f 1368/3/1 1361/3/1 1360/3/1
f 1368/7/1 1360/7/1 1367/7/1
f 1369/7/1 1362/7/1 1361/7/1
f 1369/3/1 1361/3/1 1368/3/1
f 1370/1/1 1363/1/1 1362/1/1
f 1370/7/1 1362/7/1 1369/7/1
f 1371/1/1 1363/1/1 1370/1/1
f 1374/7/1 1366/7/1 1365/7/1
f 1375/7/1 1366/7/1 1374/7/1
f 1376/1/1 1375/1/1 1374/1/1
f 1377/1/1 1375/1/1 1376/1/1
f 1378/7/1 1373/7/1 1372/7/1
f 1379/7/1 1373/7/1 1378/7/1
f 1382/6/1 1381/6/1 1380/6/1
f 1383/6/1 1381/6/1 1382/6/1
f 1384/3/1 1383/3/1 1382/3/1
f 1385/3/1 1383/3/1 1384/3/1
f 1388/6/1 1387/6/1 1386/6/1
f 1389/6/1 1387/6/1 1388/6/1
f 1392/4/1 1391/4/1 1390/4/1
f 1393/4/1 1391/4/1 1392/4/1
f 1394/3/1 1393/3/1 1392/3/1
f 1395/3/1 1393/3/1 1394/3/1
f 1398/4/1 1397/4/1 1396/4/1
f 1399/4/1 1397/4/1 1398/4/1
f 1402/3/1 1401/3/1 1400/3/1
f 1403/3/1 1401/3/1 1402/3/1
f 1406/3/1 1405/3/1 1404/3/1
f 1407/3/1 1405/3/1 1406/3/1
f 1411/3/1 1409/3/1 1408/3/1
f 1412/3/1 1411/3/1 1410/3/1
f 1413/3/1 1409/3/1 1411/3/1
f 1413/3/1 1411/3/1 1412/3/1
f 1414/3/1 1409/3/1 1413/3/1
f 1415/3/1 1413/3/1 1412/3/1
f 1416/3/1 1413/3/1 1415/3/1
f 1422/6/1 1418/6/1 1417/6/1
f 1423/6/1 1418/6/1 1422/6/1
f 1424/13/1 1420/13/1 1419/13/1
f 1425/13/1 1420/13/1 1424/13/1
f 1426/6/1 1422/6/1 1421/6/1
f 1427/6/1 1422/6/1 1426/6/1
f 1432/1/1 1429/1/1 1428/1/1
f 1433/1/1 1429/1/1 1432/1/1
f 1435/3/1 1431/3/1 1430/3/1
f 1436/3/1 1431/3/1 1435/3/1
f 1437/3/1 1435/3/1 1434/3/1
f 1438/3/1 1435/3/1 1437/3/1
f 1439/7/1 1438/7/1 1437/7/1
f 1440/7/1 1438/7/1 1439/7/1
f 1443/7/1 1442/7/1 1441/7/1
f 1444/7/1 1442/7/1 1443/7/1
f 1445/7/1 1442/7/1 1444/7/1
f 1448/7/1 1447/7/1 1446/7/1
f 1449/7/1 1447/7/1 1448/7/1
f 1452/4/1 1451/4/1 1450/4/1
f 1453/4/1 1452/4/1 1450/4/1
f 1454/4/1 1452/4/1 1453/4/1
f 1457/3/1 1456/3/1 1455/3/1
f 1458/3/1 1456/3/1 1457/3/1
f 1462/3/1 1460/3/1 1459/3/1
f 1463/3/1 1460/3/1 1462/3/1
f 1464/3/1 1462/3/1 1461/3/1
f 1465/3/1 1462/3/1 1464/3/1
f 1466/3/1 1462/3/1 1465/3/1
f 1469/13/1 1468/13/1 1467/13/1
f 1470/13/1 1469/13/1 1467/13/1
f 1471/13/1 1469/13/1 1470/13/1
f 1472/7/1 1471/7/1 1470/7/1
f 1473/7/1 1471/7/1 1472/7/1
f 1476/3/1 1475/3/1 1474/3/1
f 1477/3/1 1475/3/1 1476/3/1
f 1480/13/1 1479/13/1 1478/13/1
f 1481/13/1 1479/13/1 1480/13/1
f 1482/13/1 1479/13/1 1481/13/1
f 1485/13/1 1483/13/1 1482/13/1
f 1485/13/1 1482/13/1 1481/13/1
f 1486/13/1 1483/13/1 1485/13/1
f 1487/13/1 1483/13/1 1486/13/1
f 1488/13/1 1485/13/1 1484/13/1
f 1488/13/1 1486/13/1 1485/13/1
f 1489/13/1 1486/13/1 1488/13/1
f 1492/7/1 1491/7/1 1490/7/1
f 1493/7/1 1491/7/1 1492/7/1
f 1494/7/1 1491/7/1 1493/7/1
f 1495/7/1 1491/7/1 1494/7/1
f 1496/7/1 1494/7/1 1493/7/1
f 1499/7/1 1496/7/1 1493/7/1
f 1500/7/1 1496/7/1 1499/7/1
f 1501/3/1 1498/3/1 1497/3/1
f 1502/3/1 1498/3/1 1501/3/1
f 1504/7/1 1503/7/1 1502/7/1
f 1505/7/1 1503/7/1 1504/7/1
f 1508/3/1 1507/3/1 1506/3/1
f 1509/3/1 1507/3/1 1508/3/1
f 1512/4/1 1511/4/1 1510/4/1
f 1513/4/1 1511/4/1 1512/4/1
f 1516/13/1 1515/13/1 1514/13/1
f 1517/13/1 1515/13/1 1516/13/1
f 1518/13/1 1515/13/1 1517/13/1
f 1522/13/1 1519/13/1 1518/13/1
f 1522/13/1 1518/13/1 1517/13/1
f 1523/13/1 1519/13/1 1522/13/1
f 1524/13/1 1519/13/1 1523/13/1
f 1526/13/1 1521/13/1 1520/13/1
f 1527/13/1 1521/13/1 1526/13/1
f 1528/13/1 1521/13/1 1527/13/1
f 1530/13/1 1525/13/1 1524/13/1
f 1530/13/1 1524/13/1 1523/13/1
f 1531/13/1 1525/13/1 1530/13/1
f 1534/13/1 1532/13/1 1531/13/1
f 1534/13/1 1530/13/1 1529/13/1
f 1534/13/1 1531/13/1 1530/13/1
f 1535/13/1 1532/13/1 1534/13/1
f 1536/13/1 1532/13/1 1535/13/1
f 1537/13/1 1534/13/1 1533/13/1
f 1537/13/1 1535/13/1 1534/13/1
f 1538/13/1 1535/13/1 1537/13/1
f 1539/13/1 1535/13/1 1538/13/1
f 1541/7/1 1538/7/1 1537/7/1
f 1544/7/1 1540/7/1 1539/7/1
f 1545/7/1 1540/7/1 1544/7/1
f 1547/7/1 1542/7/1 1541/7/1
f 1547/7/1 1541/7/1 1537/7/1
f 1548/7/1 1544/7/1 1543/7/1
f 1549/7/1 1544/7/1 1548/7/1
f 1550/7/1 1547/7/1 1546/7/1
f 1550/7/1 1542/7/1 1547/7/1
f 1551/7/1 1542/7/1 1550/7/1
f 1555/7/1 1550/7/1 1546/7/1
f 1556/7/1 1550/7/1 1555/7/1
f 1557/1/1 1553/1/1 1552/1/1
f 1558/3/1 1554/3/1 1553/3/1
f 1558/1/1 1553/1/1 1557/1/1
f 1559/3/1 1554/3/1 1558/3/1
f 1562/7/1 1561/7/1 1560/7/1
f 1563/7/1 1561/7/1 1562/7/1
f 1564/9/1 1563/9/1 1562/9/1
f 1565/9/1 1563/9/1 1564/9/1
f 1568/3/1 1567/3/1 1566/3/1
f 1569/3/1 1567/3/1 1568/3/1
f 1572/3/1 1571/3/1 1570/3/1
f 1573/3/1 1571/3/1 1572/3/1
f 1578/6/1 1575/6/1 1574/6/1
f 1579/6/1 1575/6/1 1578/6/1
f 1580/6/1 1575/6/1 1579/6/1
f 1581/6/1 1575/6/1 1580/6/1
f 1583/13/1 1577/13/1 1576/13/1
f 1584/13/1 1577/13/1 1583/13/1
f 1585/6/1 1578/6/1 1574/6/1
f 1586/6/1 1578/6/1 1585/6/1
f 1587/6/1 1580/6/1 1579/6/1
f 1588/6/1 1580/6/1 1587/6/1
f 1589/13/1 1584/13/1 1583/13/1
f 1589/13/1 1583/13/1 1582/13/1
f 1589/13/1 1585/13/1 1584/13/1
f 1590/13/1 1585/13/1 1589/13/1
f 1591/13/1 1585/13/1 1590/13/1
f 1592/13/1 1585/13/1 1591/13/1
f 1593/13/1 1591/13/1 1590/13/1
f 1594/13/1 1591/13/1 1593/13/1
f 1597/7/1 1596/7/1 1595/7/1
f 1598/7/1 1596/7/1 1597/7/1
f 1599/7/1 1596/7/1 1598/7/1
f 1601/7/1 1599/7/1 1598/7/1
f 1602/13/1 1600/13/1 1599/13/1
f 1602/7/1 1599/7/1 1601/7/1
f 1603/13/1 1600/13/1 1602/13/1
f 1605/13/1 1604/13/1 1603/13/1
f 1605/13/1 1603/13/1 1602/13/1
f 1606/13/1 1604/13/1 1605/13/1
f 1610/9/1 1608/9/1 1607/9/1
f 1611/9/1 1608/9/1 1610/9/1
f 1612/13/1 1609/13/1 1608/13/1
f 1613/13/1 1609/13/1 1612/13/1
f 1614/9/1 1608/9/1 1611/9/1
f 1615/13/1 1612/13/1 1608/13/1
f 1615/9/1 1608/9/1 1614/9/1
f 1616/13/1 1612/13/1 1615/13/1
f 1619/9/1 1618/9/1 1617/9/1
f 1620/9/1 1618/9/1 1619/9/1
f 1624/9/1 1621/9/1 1620/9/1
f 1625/9/1 1621/9/1 1624/9/1
f 1627/13/1 1623/13/1 1622/13/1
f 1628/13/1 1623/13/1 1627/13/1
f 1630/13/1 1626/13/1 1625/13/1
f 1631/13/1 1626/13/1 1630/13/1
f 1632/13/1 1630/13/1 1629/13/1
f 1633/13/1 1630/13/1 1632/13/1
f 1636/3/1 1635/3/1 1634/3/1
f 1637/3/1 1635/3/1 1636/3/1
f 1642/6/1 1639/6/1 1638/6/1
f 1643/6/1 1639/6/1 1642/6/1
f 1648/13/1 1641/13/1 1640/13/1
f 1649/13/1 1641/13/1 1648/13/1
f 1650/13/1 1643/13/1 1642/13/1
f 1651/13/1 1643/13/1 1650/13/1
f 1652/6/1 1645/6/1 1644/6/1
f 1653/6/1 1645/6/1 1652/6/1
f 1655/13/1 1647/13/1 1646/13/1
f 1656/13/1 1647/13/1 1655/13/1
f 1657/13/1 1647/13/1 1656/13/1
f 1660/6/1 1654/6/1 1653/6/1
f 1660/6/1 1653/6/1 1652/6/1
f 1660/6/1 1652/6/1 1651/6/1
f 1661/6/1 1654/6/1 1660/6/1
f 1662/6/1 1654/6/1 1661/6/1
f 1663/13/1 1655/13/1 1646/13/1
f 1664/13/1 1655/13/1 1663/13/1
f 1665/13/1 1658/13/1 1657/13/1
f 1665/13/1 1657/13/1 1656/13/1
f 1666/13/1 1658/13/1 1665/13/1
f 1667/13/1 1658/13/1 1666/13/1
f 1668/13/1 1661/13/1 1660/13/1
f 1668/13/1 1660/13/1 1659/13/1
f 1669/13/1 1661/13/1 1668/13/1
f 1670/13/1 1665/13/1 1656/13/1
f 1671/13/1 1665/13/1 1670/13/1
f 1672/13/1 1667/13/1 1666/13/1
f 1672/13/1 1668/13/1 1667/13/1
f 1673/13/1 1668/13/1 1672/13/1
f 1679/7/1 1675/7/1 1674/7/1
f 1680/13/1 1676/13/1 1675/13/1
f 1680/7/1 1675/7/1 1679/7/1
f 1681/7/1 1677/7/1 1676/7/1
f 1681/13/1 1676/13/1 1680/13/1
f 1682/7/1 1677/7/1 1681/7/1
f 1683/3/1 1679/3/1 1678/3/1
f 1684/3/1 1679/3/1 1683/3/1
f 1686/13/1 1682/13/1 1681/13/1
f 1687/13/1 1682/13/1 1686/13/1
f 1688/3/1 1685/3/1 1684/3/1
f 1689/3/1 1685/3/1 1688/3/1
f 1691/7/1 1690/7/1 1689/7/1
f 1693/7/1 1691/7/1 1689/7/1
f 1694/13/1 1692/13/1 1691/13/1
f 1694/7/1 1691/7/1 1693/7/1
f 1696/13/1 1694/13/1 1693/13/1
f 1697/13/1 1692/13/1 1694/13/1
f 1697/13/1 1694/13/1 1696/13/1
f 1699/9/1 1696/9/1 1695/9/1
f 1700/13/1 1698/13/1 1697/13/1
f 1700/9/1 1696/9/1 1699/9/1
f 1700/13/1 1697/13/1 1696/13/1
f 1701/13/1 1698/13/1 1700/13/1
f 1702/13/1 1698/13/1 1701/13/1
f 1703/13/1 1698/13/1 1702/13/1
f 1704/13/1 1698/13/1 1703/13/1
f 1706/13/1 1705/13/1 1704/13/1
f 1706/13/1 1704/13/1 1703/13/1
f 1707/13/1 1705/13/1 1706/13/1
f 1709/13/1 1708/13/1 1707/13/1
f 1710/13/1 1708/13/1 1709/13/1
f 1713/3/1 1712/3/1 1711/3/1
f 1714/3/1 1712/3/1 1713/3/1
f 1719/10/1 1716/10/1 1715/10/1
f 1720/8/1 1717/8/1 1716/8/1
f 1720/10/1 1716/10/1 1719/10/1
f 1721/8/1 1717/8/1 1720/8/1
f 1722/8/1 1719/8/1 1718/8/1
f 1726/8/1 1722/8/1 1718/8/1
f 1727/8/1 1722/8/1 1726/8/1
f 1729/3/1 1725/3/1 1724/3/1
f 1729/3/1 1724/3/1 1723/3/1
f 1730/10/1 1727/10/1 1726/10/1
f 1731/10/1 1727/10/1 1730/10/1
f 1732/3/1 1729/3/1 1728/3/1
f 1733/3/1 1725/3/1 1729/3/1
f 1733/3/1 1729/3/1 1732/3/1
f 1736/3/1 1735/3/1 1734/3/1
f 1737/3/1 1735/3/1 1736/3/1
f 1744/13/1 1739/13/1 1738/13/1
f 1745/13/1 1739/13/1 1744/13/1
f 1746/9/1 1741/9/1 1740/9/1
f 1747/9/1 1741/9/1 1746/9/1
f 1748/13/1 1743/13/1 1742/13/1
f 1749/13/1 1743/13/1 1748/13/1
f 1752/13/1 1751/13/1 1750/13/1
f 1755/13/1 1751/13/1 1752/13/1
f 1756/13/1 1751/13/1 1755/13/1
f 1758/13/1 1754/13/1 1753/13/1
f 1759/13/1 1754/13/1 1758/13/1
f 1760/13/1 1758/13/1 1757/13/1
f 1761/13/1 1758/13/1 1760/13/1
f 1766/13/1 1763/13/1 1762/13/1
f 1767/13/1 1763/13/1 1766/13/1
f 1768/13/1 1763/13/1 1767/13/1
f 1769/13/1 1766/13/1 1765/13/1
f 1769/13/1 1767/13/1 1766/13/1
f 1770/13/1 1767/13/1 1769/13/1
f 1771/7/1 1765/7/1 1764/7/1
f 1772/13/1 1769/13/1 1765/13/1
f 1772/7/1 1765/7/1 1771/7/1
f 1773/13/1 1769/13/1 1772/13/1
f 1774/7/1 1770/7/1 1769/7/1
f 1774/13/1 1769/13/1 1773/13/1
f 1775/7/1 1770/7/1 1774/7/1
f 1780/13/1 1777/13/1 1776/13/1
f 1782/3/1 1779/3/1 1778/3/1
f 1784/13/1 1780/13/1 1776/13/1
f 1784/13/1 1781/13/1 1780/13/1
f 1785/13/1 1781/13/1 1784/13/1
f 1786/13/1 1781/13/1 1785/13/1
f 1787/3/1 1783/3/1 1782/3/1
f 1787/3/1 1782/3/1 1778/3/1
f 1788/3/1 1783/3/1 1787/3/1
f 1791/7/1 1788/7/1 1787/7/1
f 1792/7/1 1788/7/1 1791/7/1
f 1793/7/1 1788/7/1 1792/7/1
f 1794/13/1 1790/13/1 1789/13/1
f 1796/13/1 1793/13/1 1792/13/1
f 1797/13/1 1793/13/1 1796/13/1
f 1798/13/1 1794/13/1 1789/13/1
f 1798/13/1 1795/13/1 1794/13/1
f 1799/13/1 1795/13/1 1798/13/1
f 1800/13/1 1795/13/1 1799/13/1
f 1801/9/1 1800/9/1 1799/9/1
f 1803/9/1 1801/9/1 1799/9/1
f 1803/9/1 1802/9/1 1801/9/1
f 1804/9/1 1802/9/1 1803/9/1
f 1808/9/1 1805/9/1 1804/9/1
f 1809/9/1 1805/9/1 1808/9/1
f 1810/13/1 1807/13/1 1806/13/1
f 1813/13/1 1810/13/1 1806/13/1
f 1814/13/1 1810/13/1 1813/13/1
f 1816/9/1 1812/9/1 1811/9/1
f 1817/9/1 1812/9/1 1816/9/1
f 1818/13/1 1815/13/1 1814/13/1
f 1819/13/1 1818/13/1 1814/13/1
f 1820/13/1 1818/13/1 1819/13/1
f 1824/7/1 1822/7/1 1821/7/1
f 1825/7/1 1822/7/1 1824/7/1
f 1826/7/1 1824/7/1 1823/7/1
f 1827/7/1 1824/7/1 1826/7/1
f 1830/3/1 1829/3/1 1828/3/1
f 1831/3/1 1829/3/1 1830/3/1
f 1834/1/1 1833/1/1 1832/1/1
f 1835/1/1 1833/1/1 1834/1/1
f 1838/3/1 1837/3/1 1836/3/1
f 1839/3/1 1837/3/1 1838/3/1
f 1842/8/1 1841/8/1 1840/8/1
f 1843/8/1 1841/8/1 1842/8/1
f 1848/3/1 1845/3/1 1844/3/1
f 1849/3/1 1845/3/1 1848/3/1
f 1850/2/1 1847/2/1 1846/2/1
f 1851/2/1 1847/2/1 1850/2/1
f 1853/3/1 1845/3/1 1849/3/1
f 1855/2/1 1852/2/1 1851/2/1
f 1856/2/1 1852/2/1 1855/2/1
f 1857/3/1 1854/3/1 1853/3/1
f 1857/3/1 1853/3/1 1849/3/1
f 1858/3/1 1854/3/1 1857/3/1
f 1861/3/1 1860/3/1 1859/3/1
f 1862/3/1 1860/3/1 1861/3/1
f 1867/9/1 1864/9/1 1863/9/1
f 1868/9/1 1864/9/1 1867/9/1
f 1870/9/1 1866/9/1 1865/9/1
f 1871/9/1 1866/9/1 1870/9/1
f 1875/13/1 1870/13/1 1869/13/1
f 1876/9/1 1871/9/1 1870/9/1
f 1876/13/1 1870/13/1 1875/13/1
f 1877/9/1 1871/9/1 1876/9/1
f 1878/13/1 1873/13/1 1872/13/1
f 1879/13/1 1873/13/1 1878/13/1
f 1880/13/1 1875/13/1 1874/13/1
f 1880/13/1 1876/13/1 1875/13/1
f 1881/13/1 1876/13/1 1880/13/1
f 1882/9/1 1881/9/1 1880/9/1
f 1883/9/1 1881/9/1 1882/9/1
f 1884/9/1 1881/9/1 1883/9/1
f 1888/9/1 1884/9/1 1883/9/1
f 1889/13/1 1885/13/1 1884/13/1
f 1889/9/1 1884/9/1 1888/9/1
f 1890/13/1 1885/13/1 1889/13/1
f 1894/13/1 1887/13/1 1886/13/1
f 1895/13/1 1887/13/1 1894/13/1
f 1896/13/1 1891/13/1 1890/13/1
f 1897/13/1 1891/13/1 1896/13/1
f 1898/13/1 1893/13/1 1892/13/1
f 1900/13/1 1893/13/1 1898/13/1
f 1901/13/1 1893/13/1 1900/13/1
f 1902/13/1 1900/13/1 1899/13/1
f 1903/13/1 1900/13/1 1902/13/1
f 1904/13/1 1900/13/1 1903/13/1
f 1905/13/1 1900/13/1 1904/13/1
f 1907/7/1 1903/7/1 1902/7/1
f 1908/13/1 1904/13/1 1903/13/1
f 1908/7/1 1903/7/1 1907/7/1
f 1909/13/1 1904/13/1 1908/13/1
f 1912/13/1 1911/13/1 1910/13/1
f 1913/13/1 1911/13/1 1912/13/1
f 1914/1/1 1907/1/1 1906/1/1
f 1915/1/1 1907/1/1 1914/1/1
f 1916/1/1 1907/1/1 1915/1/1
f 1920/1/1 1916/1/1 1915/1/1
f 1921/3/1 1917/3/1 1916/3/1
f 1921/1/1 1916/1/1 1920/1/1
f 1922/3/1 1917/3/1 1921/3/1
f 1923/13/1 1919/13/1 1918/13/1
f 1924/13/1 1919/13/1 1923/13/1
f 1929/3/1 1926/3/1 1925/3/1
f 1930/3/1 1926/3/1 1929/3/1
f 1931/13/1 1928/13/1 1927/13/1
f 1932/13/1 1928/13/1 1931/13/1
f 1935/13/1 1934/13/1 1933/13/1
f 1936/13/1 1934/13/1 1935/13/1
f 1939/9/1 1938/9/1 1937/9/1
f 1940/9/1 1938/9/1 1939/9/1
f 1941/9/1 1939/9/1 1937/9/1
f 1942/9/1 1939/9/1 1941/9/1
f 1945/2/1 1944/2/1 1943/2/1
f 1946/2/1 1944/2/1 1945/2/1
f 1950/2/1 1945/2/1 1943/2/1
f 1951/2/1 1945/2/1 1950/2/1
f 1952/2/1 1947/2/1 1946/2/1
f 1953/2/1 1947/2/1 1952/2/1
f 1957/3/1 1949/3/1 1948/3/1
f 1958/2/1 1952/2/1 1951/2/1
f 1959/2/1 1952/2/1 1958/2/1
f 1960/2/1 1954/2/1 1953/2/1
f 1961/3/1 1956/3/1 1955/3/1
f 1961/3/1 1957/3/1 1956/3/1
f 1962/3/1 1949/3/1 1957/3/1
f 1962/3/1 1957/3/1 1961/3/1
f 1963/2/1 1960/2/1 1959/2/1
f 1964/2/1 1954/2/1 1960/2/1
f 1964/2/1 1960/2/1 1963/2/1
f 1966/3/1 1965/3/1 1964/3/1
f 1967/3/1 1965/3/1 1966/3/1
f 1969/3/1 1968/3/1 1967/3/1
f 1970/3/1 1968/3/1 1969/3/1
f 1972/3/1 1971/3/1 1970/3/1
f 1973/3/1 1971/3/1 1972/3/1
f 1979/6/1 1975/6/1 1974/6/1
f 1980/6/1 1975/6/1 1979/6/1
f 1981/6/1 1975/6/1 1980/6/1
f 1982/13/1 1976/13/1 1975/13/1
f 1982/6/1 1975/6/1 1981/6/1
f 1983/13/1 1976/13/1 1982/13/1
f 1986/9/1 1978/9/1 1977/9/1
f 1987/9/1 1978/9/1 1986/9/1
f 1990/6/1 1981/6/1 1980/6/1
f 1991/13/1 1985/13/1 1984/13/1
f 1991/6/1 1981/6/1 1990/6/1
f 1991/13/1 1982/13/1 1981/13/1
f 1991/13/1 1984/13/1 1983/13/1
f 1991/13/1 1983/13/1 1982/13/1
f 1992/13/1 1985/13/1 1991/13/1
f 1993/13/1 1985/13/1 1992/13/1
f 1994/13/1 1989/13/1 1988/13/1
f 1995/13/1 1989/13/1 1994/13/1
f 1996/13/1 1992/13/1 1991/13/1
f 1997/13/1 1992/13/1 1996/13/1
f 1998/13/1 1992/13/1 1997/13/1
f 1999/13/1 1998/13/1 1997/13/1
f 2000/13/1 1998/13/1 1999/13/1
f 2001/13/1 1998/13/1 2000/13/1
f 2003/9/1 2001/9/1 2000/9/1
f 2003/13/1 2002/13/1 2001/13/1
f 2004/13/1 2002/13/1 2003/13/1
f 2005/9/1 2003/9/1 2000/9/1
f 2006/9/1 2003/9/1 2005/9/1
f 2011/13/1 2008/13/1 2007/13/1
f 2011/13/1 2009/13/1 2008/13/1
f 2012/9/1 2010/9/1 2009/9/1
f 2012/13/1 2009/13/1 2011/13/1
f 2013/9/1 2010/9/1 2012/9/1
f 2018/13/1 2015/13/1 2014/13/1
f 2019/13/1 2015/13/1 2018/13/1
f 2020/13/1 2017/13/1 2016/13/1
f 2021/13/1 2017/13/1 2020/13/1
f 2024/6/1 2023/6/1 2022/6/1
f 2025/6/1 2023/6/1 2024/6/1
f 2029/13/1 2027/13/1 2026/13/1
f 2030/13/1 2027/13/1 2029/13/1
f 2031/13/1 2029/13/1 2028/13/1
f 2032/13/1 2029/13/1 2031/13/1
f 2033/7/1 2032/7/1 2031/7/1
f 2034/7/1 2032/7/1 2033/7/1
f 2039/13/1 2036/13/1 2035/13/1
f 2040/13/1 2036/13/1 2039/13/1
f 2041/6/1 2038/6/1 2037/6/1
f 2042/6/1 2038/6/1 2041/6/1
f 2045/9/1 2044/9/1 2043/9/1
f 2046/9/1 2044/9/1 2045/9/1
f 2048/13/1 2047/13/1 2046/13/1
f 2049/13/1 2047/13/1 2048/13/1
f 2052/13/1 2051/13/1 2050/13/1
f 2053/13/1 2051/13/1 2052/13/1
f 2056/13/1 2055/13/1 2054/13/1
f 2057/13/1 2055/13/1 2056/13/1
f 2061/7/1 2059/7/1 2058/7/1
f 2062/3/1 2061/3/1 2060/3/1
f 2063/7/1 2059/7/1 2061/7/1
f 2063/3/1 2061/3/1 2062/3/1
f 2064/7/1 2059/7/1 2063/7/1
f 2069/13/1 2066/13/1 2065/13/1
f 2070/13/1 2066/13/1 2069/13/1
f 2071/9/1 2068/9/1 2067/9/1
f 2072/9/1 2068/9/1 2071/9/1
f 2073/9/1 2068/9/1 2072/9/1
f 2074/9/1 2068/9/1 2073/9/1
f 2077/13/1 2074/13/1 2073/13/1
f 2078/13/1 2074/13/1 2077/13/1
f 2079/9/1 2076/9/1 2075/9/1
f 2080/9/1 2076/9/1 2079/9/1
f 2083/6/1 2082/6/1 2081/6/1
f 2084/6/1 2082/6/1 2083/6/1
f 2087/13/1 2086/13/1 2085/13/1
f 2088/13/1 2086/13/1 2087/13/1
f 2090/13/1 2088/13/1 2087/13/1
f 2090/13/1 2089/13/1 2088/13/1
f 2091/13/1 2089/13/1 2090/13/1
f 2092/13/1 2089/13/1 2091/13/1
f 2093/13/1 2089/13/1 2092/13/1
f 2094/7/1 2093/7/1 2092/7/1
f 2095/7/1 2093/7/1 2094/7/1
f 2099/3/1 2097/3/1 2096/3/1
f 2099/3/1 2098/3/1 2097/3/1
f 2100/3/1 2098/3/1 2099/3/1
f 2106/13/1 2104/13/1 2103/13/1
f 2107/13/1 2104/13/1 2106/13/1
f 2108/6/1 2102/6/1 2101/6/1
f 2109/6/1 2102/6/1 2108/6/1
f 2111/13/1 2106/13/1 2105/13/1
f 2112/13/1 2106/13/1 2111/13/1
f 2113/6/1 2110/6/1 2109/6/1
f 2114/6/1 2110/6/1 2113/6/1
f 2117/6/1 2116/6/1 2115/6/1
f 2118/6/1 2116/6/1 2117/6/1
f 2120/6/1 2119/6/1 2118/6/1
f 2121/6/1 2119/6/1 2120/6/1
f 2124/6/1 2123/6/1 2122/6/1
f 2125/6/1 2123/6/1 2124/6/1
f 2129/6/1 2126/6/1 2125/6/1
f 2130/6/1 2126/6/1 2129/6/1
f 2131/13/1 2128/13/1 2127/13/1
f 2133/13/1 2132/13/1 2131/13/1
f 2133/13/1 2131/13/1 2127/13/1
f 2134/13/1 2132/13/1 2133/13/1
f 2135/13/1 2132/13/1 2134/13/1
f 2136/13/1 2132/13/1 2135/13/1
f 2139/6/1 2138/6/1 2137/6/1
f 2140/6/1 2138/6/1 2139/6/1
f 2144/13/1 2142/13/1 2141/13/1
f 2145/13/1 2142/13/1 2144/13/1
f 2146/13/1 2142/13/1 2145/13/1
f 2148/13/1 2144/13/1 2143/13/1
f 2148/13/1 2145/13/1 2144/13/1
f 2149/13/1 2145/13/1 2148/13/1
f 2150/13/1 2148/13/1 2147/13/1
f 2151/13/1 2148/13/1 2150/13/1
f 2154/3/1 2153/3/1 2152/3/1
f 2155/3/1 2153/3/1 2154/3/1
f 2158/6/1 2157/6/1 2156/6/1
f 2159/6/1 2157/6/1 2158/6/1
f 2162/6/1 2161/6/1 2160/6/1
f 2163/6/1 2161/6/1 2162/6/1
f 2166/6/1 2165/6/1 2164/6/1
f 2166/6/1 2164/6/1 2163/6/1
f 2167/6/1 2165/6/1 2166/6/1
f 2168/6/1 2165/6/1 2167/6/1
f 2169/6/1 2165/6/1 2168/6/1
f 2172/6/1 2168/6/1 2167/6/1
f 2173/6/1 2168/6/1 2172/6/1
f 2176/6/1 2171/6/1 2170/6/1
f 2177/6/1 2171/6/1 2176/6/1
f 2179/13/1 2174/13/1 2173/13/1
f 2180/13/1 2174/13/1 2179/13/1
f 2182/6/1 2176/6/1 2175/6/1
f 2183/6/1 2176/6/1 2182/6/1
f 2184/6/1 2178/6/1 2177/6/1
f 2185/6/1 2178/6/1 2184/6/1
f 2188/13/1 2179/13/1 2173/13/1
f 2189/13/1 2181/13/1 2180/13/1
f 2190/13/1 2181/13/1 2189/13/1
f 2193/6/1 2184/6/1 2183/6/1
f 2194/13/1 2186/13/1 2185/13/1
f 2194/6/1 2184/6/1 2193/6/1
f 2194/13/1 2185/13/1 2184/13/1
f 2195/13/1 2186/13/1 2194/13/1
f 2196/13/1 2188/13/1 2187/13/1
f 2197/13/1 2179/13/1 2188/13/1
f 2197/13/1 2188/13/1 2196/13/1
f 2198/13/1 2179/13/1 2197/13/1
f 2200/13/1 2192/13/1 2191/13/1
f 2201/13/1 2192/13/1 2200/13/1
f 2204/13/1 2199/13/1 2198/13/1
f 2204/13/1 2198/13/1 2197/13/1
f 2206/9/1 2201/9/1 2200/9/1
f 2207/9/1 2201/9/1 2206/9/1
f 2209/6/1 2203/6/1 2202/6/1
f 2210/6/1 2203/6/1 2209/6/1
f 2211/13/1 2205/13/1 2204/13/1
f 2211/13/1 2204/13/1 2197/13/1
f 2212/13/1 2205/13/1 2211/13/1
f 2213/13/1 2208/13/1 2207/13/1
f 2213/13/1 2207/13/1 2206/13/1
f 2214/13/1 2208/13/1 2213/13/1
f 2215/13/1 2208/13/1 2214/13/1
f 2216/13/1 2214/13/1 2213/13/1
f 2216/13/1 2213/13/1 2212/13/1
f 2217/13/1 2214/13/1 2216/13/1
f 2222/13/1 2219/13/1 2218/13/1
f 2223/9/1 2220/9/1 2219/9/1
f 2223/13/1 2219/13/1 2222/13/1
f 2224/9/1 2220/9/1 2223/9/1
f 2226/13/1 2222/13/1 2221/13/1
f 2226/13/1 2223/13/1 2222/13/1
f 2227/13/1 2223/13/1 2226/13/1
f 2228/13/1 2226/13/1 2225/13/1
f 2229/13/1 2226/13/1 2228/13/1
f 2230/13/1 2223/13/1 2227/13/1
f 2231/13/1 2223/13/1 2230/13/1
f 2237/13/1 2233/13/1 2232/13/1
f 2238/13/1 2233/13/1 2237/13/1
f 2240/6/1 2235/6/1 2234/6/1
f 2241/6/1 2235/6/1 2240/6/1
f 2242/13/1 2239/13/1 2238/13/1
f 2242/13/1 2237/13/1 2236/13/1
f 2242/13/1 2238/13/1 2237/13/1
f 2243/13/1 2239/13/1 2242/13/1
f 2247/13/1 2244/13/1 2243/13/1
f 2248/13/1 2244/13/1 2247/13/1
f 2249/13/1 2246/13/1 2245/13/1
f 2250/13/1 2246/13/1 2249/13/1
f 2251/13/1 2246/13/1 2250/13/1
f 2252/13/1 2246/13/1 2251/13/1
f 2253/13/1 2244/13/1 2248/13/1
f 2254/13/1 2244/13/1 2253/13/1
f 2255/13/1 2251/13/1 2250/13/1
f 2256/13/1 2251/13/1 2255/13/1
f 2262/13/1 2257/13/1 2256/13/1
f 2262/13/1 2256/13/1 2255/13/1
f 2263/13/1 2257/13/1 2262/13/1
f 2264/13/1 2257/13/1 2263/13/1
f 2265/13/1 2257/13/1 2264/13/1
f 2268/9/1 2259/9/1 2258/9/1
f 2269/9/1 2259/9/1 2268/9/1
f 2270/9/1 2259/9/1 2269/9/1
f 2272/6/1 2261/6/1 2260/6/1
f 2273/6/1 2261/6/1 2272/6/1
f 2275/13/1 2264/13/1 2263/13/1
f 2276/13/1 2264/13/1 2275/13/1
f 2278/13/1 2267/13/1 2266/13/1
f 2279/13/1 2267/13/1 2278/13/1
f 2281/13/1 2271/13/1 2270/13/1
f 2281/13/1 2270/13/1 2269/13/1
f 2282/6/1 2274/6/1 2273/6/1
f 2283/13/1 2275/13/1 2274/13/1
f 2283/6/1 2274/6/1 2282/6/1
f 2284/13/1 2275/13/1 2283/13/1
f 2285/13/1 2278/13/1 2277/13/1
f 2286/13/1 2278/13/1 2285/13/1
f 2287/13/1 2281/13/1 2280/13/1
f 2288/13/1 2271/13/1 2281/13/1
f 2288/13/1 2281/13/1 2287/13/1
f 2289/13/1 2271/13/1 2288/13/1
f 2290/9/1 2288/9/1 2287/9/1
f 2293/13/1 2287/13/1 2286/13/1
f 2294/13/1 2287/13/1 2293/13/1
f 2295/9/1 2291/9/1 2290/9/1
f 2295/13/1 2287/13/1 2294/13/1
f 2295/9/1 2290/9/1 2287/9/1
f 2296/9/1 2291/9/1 2295/9/1
f 2297/9/1 2291/9/1 2296/9/1
f 2298/13/1 2294/13/1 2293/13/1
f 2298/13/1 2293/13/1 2292/13/1
f 2299/13/1 2294/13/1 2298/13/1
f 2302/9/1 2301/9/1 2300/9/1
f 2303/9/1 2301/9/1 2302/9/1
f 2308/13/1 2305/13/1 2304/13/1
f 2309/13/1 2305/13/1 2308/13/1
f 2310/13/1 2307/13/1 2306/13/1
f 2311/13/1 2307/13/1 2310/13/1
f 2312/13/1 2305/13/1 2309/13/1
f 2313/13/1 2305/13/1 2312/13/1
f 2316/13/1 2315/13/1 2314/13/1
f 2317/13/1 2315/13/1 2316/13/1
f 2318/11/2 2319/11/2 2320/11/2
f 2320/11/2 2319/11/2 2321/11/2
f 2321/11/2 2319/11/2 2322/11/2
f 2322/11/2 2319/11/2 2323/11/2
f 2323/11/2 2324/11/2 2325/11/2
f 2323/11/2 2325/11/2 2327/11/2
f 2325/11/2 2326/11/2 2327/11/2
f 2327/11/2 2326/11/2 2328/11/2
f 2329/11/2 2330/11/2 2334/11/2
f 2334/11/2 2330/11/2 2335/11/2
f 2332/11/2 2333/11/2 2337/11/2
f 2331/11/2 2332/11/2 2337/11/2
f 2337/11/2 2333/11/2 2338/11/2
f 2335/11/2 2336/11/2 2339/11/2
f 2339/11/2 2336/11/2 2340/11/2
f 2340/5/2 2341/5/2 2343/5/2
f 2343/5/2 2341/5/2 2344/5/2
f 2342/5/2 2343/5/2 2347/5/2
f 2347/5/2 2343/5/2 2348/5/2
f 2348/5/2 2343/5/2 2349/5/2
f 2345/11/2 2346/11/2 2350/11/2
f 2346/5/2 2347/5/2 2351/5/2
f 2350/11/2 2346/11/2 2351/11/2
f 2347/5/2 2348/5/2 2351/5/2
f 2351/5/2 2348/5/2 2352/5/2
f 2355/11/2 2356/11/2 2358/11/2
f 2356/11/2 2357/11/2 2358/11/2
f 2358/11/2 2357/11/2 2359/11/2
f 2353/11/2 2354/11/2 2360/11/2
f 2360/11/2 2354/11/2 2361/11/2
f 2362/11/2 2363/11/2 2364/11/2
f 2364/11/2 2363/11/2 2365/11/2
f 2366/11/2 2367/11/2 2368/11/2
f 2368/11/2 2367/11/2 2369/11/2
f 2371/11/2 2372/11/2 2373/11/2
f 2373/11/2 2372/11/2 2374/11/2
f 2369/10/2 2370/10/2 2377/10/2
f 2377/10/2 2370/10/2 2378/10/2
f 2375/11/2 2376/11/2 2379/11/2
f 2379/11/2 2376/11/2 2380/11/2
f 2381/11/2 2382/11/2 2383/11/2
f 2383/11/2 2382/11/2 2384/11/2
f 2384/11/2 2382/11/2 2385/11/2
f 2386/11/2 2387/11/2 2390/11/2
f 2390/11/2 2387/11/2 2391/11/2
f 2388/11/2 2389/11/2 2392/11/2
f 2392/11/2 2389/11/2 2393/11/2
f 2394/11/2 2395/11/2 2396/11/2
f 2396/11/2 2395/11/2 2397/11/2
f 2398/5/2 2399/5/2 2401/5/2
f 2401/5/2 2399/5/2 2402/5/2
f 2402/5/2 2399/5/2 2403/5/2
f 2403/5/2 2399/5/2 2404/5/2
f 2400/5/2 2401/5/2 2406/5/2
f 2401/5/2 2402/5/2 2406/5/2
f 2406/5/2 2402/5/2 2407/5/2
f 2403/5/2 2404/5/2 2408/5/2
f 2408/5/2 2404/5/2 2409/5/2
f 2405/5/2 2406/5/2 2410/5/2
f 2410/5/2 2406/5/2 2411/5/2
f 2412/11/2 2413/11/2 2417/11/2
f 2417/11/2 2413/11/2 2418/11/2
f 2414/5/2 2415/5/2 2419/5/2
f 2419/5/2 2415/5/2 2420/5/2
f 2416/11/2 2417/11/2 2421/11/2
f 2417/11/2 2418/11/2 2421/11/2
f 2421/11/2 2418/11/2 2422/11/2
f 2423/11/2 2424/11/2 2426/11/2
f 2424/11/2 2425/11/2 2426/11/2
f 2426/11/2 2425/11/2 2427/11/2
f 2428/11/2 2429/11/2 2431/11/2
f 2431/11/2 2429/11/2 2432/11/2
f 2430/11/2 2431/11/2 2434/11/2
f 2434/11/2 2431/11/2 2435/11/2
f 2433/11/2 2434/11/2 2438/11/2
f 2438/11/2 2434/11/2 2439/11/2
f 2436/5/2 2437/5/2 2442/5/2
f 2442/5/2 2437/5/2 2443/5/2
f 2440/9/2 2441/9/2 2444/9/2
f 2444/9/2 2441/9/2 2445/9/2
f 2446/11/2 2447/11/2 2448/11/2
f 2446/11/2 2448/11/2 2449/11/2
f 2449/11/2 2448/11/2 2450/11/2
f 2451/3/2 2452/3/2 2454/3/2
f 2452/11/2 2453/11/2 2455/11/2
f 2454/3/2 2452/3/2 2455/3/2
f 2455/11/2 2453/11/2 2456/11/2
f 2457/11/2 2458/11/2 2460/11/2
f 2458/11/2 2459/11/2 2460/11/2
f 2460/11/2 2459/11/2 2461/11/2
f 2462/9/2 2463/9/2 2467/9/2
f 2463/9/2 2464/9/2 2467/9/2
f 2464/9/2 2465/9/2 2467/9/2
f 2467/9/2 2465/9/2 2468/9/2
f 2465/13/2 2466/13/2 2469/13/2
f 2468/9/2 2465/9/2 2469/9/2
f 2469/13/2 2466/13/2 2470/13/2
f 2468/9/2 2469/9/2 2476/9/2
f 2469/9/2 2470/9/2 2476/9/2
f 2476/9/2 2470/9/2 2477/9/2
f 2471/11/2 2472/11/2 2478/11/2
f 2472/3/2 2473/3/2 2479/3/2
f 2478/11/2 2472/11/2 2479/11/2
f 2479/3/2 2473/3/2 2480/3/2
f 2474/5/2 2475/5/2 2481/5/2
f 2481/5/2 2482/5/2 2483/5/2
f 2474/5/2 2481/5/2 2483/5/2
f 2483/5/2 2482/5/2 2484/5/2
f 2484/5/2 2482/5/2 2485/5/2
f 2485/5/2 2486/5/2 2487/5/2
f 2484/5/2 2485/5/2 2487/5/2
f 2487/5/2 2486/5/2 2488/5/2
f 2488/5/2 2486/5/2 2489/5/2
f 2488/5/2 2489/5/2 2492/5/2
f 2492/5/2 2489/5/2 2493/5/2
f 2490/11/2 2491/11/2 2494/11/2
f 2494/11/2 2491/11/2 2495/11/2
f 2496/11/2 2497/11/2 2500/11/2
f 2500/11/2 2497/11/2 2501/11/2
f 2498/11/2 2499/11/2 2502/11/2
f 2502/11/2 2499/11/2 2503/11/2
f 2503/10/2 2504/10/2 2507/10/2
f 2504/3/2 2505/3/2 2508/3/2
f 2507/10/2 2504/10/2 2508/10/2
f 2505/11/2 2506/11/2 2509/11/2
f 2508/3/2 2505/3/2 2509/3/2
f 2509/11/2 2506/11/2 2510/11/2
f 2510/13/2 2511/13/2 2514/13/2
f 2514/13/2 2511/13/2 2515/13/2
f 2512/9/2 2513/9/2 2516/9/2
f 2516/9/2 2513/9/2 2517/9/2
f 2515/13/2 2516/13/2 2518/13/2
f 2518/13/2 2519/13/2 2522/13/2
f 2515/13/2 2518/13/2 2522/13/2
f 2522/13/2 2519/13/2 2523/13/2
f 2523/13/2 2519/13/2 2524/13/2
f 2520/11/2 2521/11/2 2527/11/2
f 2527/11/2 2521/11/2 2528/11/2
f 2515/13/2 2522/13/2 2532/13/2
f 2532/13/2 2522/13/2 2533/13/2
f 2533/13/2 2522/13/2 2534/13/2
f 2523/9/2 2524/9/2 2535/9/2
f 2524/9/2 2525/9/2 2535/9/2
f 2525/13/2 2526/13/2 2536/13/2
f 2535/9/2 2525/9/2 2536/9/2
f 2536/13/2 2526/13/2 2537/13/2
f 2529/3/2 2530/3/2 2540/3/2
f 2540/3/2 2530/3/2 2541/3/2
f 2532/13/2 2533/13/2 2543/13/2
f 2531/13/2 2532/13/2 2543/13/2
f 2543/13/2 2533/13/2 2544/13/2
f 2536/13/2 2537/13/2 2545/13/2
f 2545/13/2 2537/13/2 2546/13/2
f 2538/10/2 2539/10/2 2549/10/2
f 2541/3/2 2542/3/2 2550/3/2
f 2540/3/2 2541/3/2 2550/3/2
f 2549/10/2 2539/10/2 2550/10/2
f 2539/3/2 2540/3/2 2550/3/2
f 2542/11/2 2543/11/2 2551/11/2
f 2550/3/2 2542/3/2 2551/3/2
f 2551/11/2 2543/11/2 2552/11/2
f 2545/9/2 2546/9/2 2553/9/2
f 2546/13/2 2547/13/2 2554/13/2
f 2553/9/2 2546/9/2 2554/9/2
f 2554/13/2 2547/13/2 2555/13/2
f 2548/11/2 2549/11/2 2556/11/2
f 2556/11/2 2549/11/2 2557/11/2
f 2554/9/2 2555/9/2 2558/9/2
f 2558/9/2 2555/9/2 2559/9/2
f 2560/11/2 2561/11/2 2564/11/2
f 2564/11/2 2561/11/2 2565/11/2
f 2562/5/2 2563/5/2 2566/5/2
f 2566/5/2 2563/5/2 2567/5/2
f 2568/6/2 2569/6/2 2573/6/2
f 2570/6/2 2571/6/2 2574/6/2
f 2571/13/2 2572/13/2 2575/13/2
f 2574/6/2 2571/6/2 2575/6/2
f 2575/13/2 2572/13/2 2576/13/2
f 2568/6/2 2573/6/2 2577/6/2
f 2577/6/2 2573/6/2 2578/6/2
f 2578/6/2 2579/6/2 2580/6/2
f 2580/6/2 2579/6/2 2581/6/2
f 2582/11/2 2583/11/2 2584/11/2
f 2582/11/2 2584/11/2 2585/11/2
f 2585/11/2 2584/11/2 2586/11/2
f 2587/11/2 2588/11/2 2589/11/2
f 2589/11/2 2588/11/2 2590/11/2
f 2590/10/2 2591/10/2 2596/10/2
f 2591/3/2 2592/3/2 2597/3/2
f 2596/10/2 2591/10/2 2597/10/2
f 2592/11/2 2593/11/2 2598/11/2
f 2597/3/2 2592/3/2 2598/3/2
f 2598/11/2 2593/11/2 2599/11/2
f 2594/9/2 2595/9/2 2602/9/2
f 2602/9/2 2595/9/2 2603/9/2
f 2603/9/2 2595/9/2 2604/9/2
f 2601/13/2 2602/13/2 2608/13/2
f 2608/13/2 2602/13/2 2609/13/2
f 2609/13/2 2602/13/2 2610/13/2
f 2604/13/2 2605/13/2 2611/13/2
f 2603/13/2 2604/13/2 2611/13/2
f 2611/13/2 2605/13/2 2612/13/2
f 2612/13/2 2605/13/2 2613/13/2
f 2613/13/2 2605/13/2 2614/13/2
f 2606/11/2 2607/11/2 2615/11/2
f 2599/13/2 2600/13/2 2617/13/2
f 2609/13/2 2610/13/2 2618/13/2
f 2611/13/2 2612/13/2 2618/13/2
f 2610/13/2 2611/13/2 2618/13/2
f 2618/13/2 2612/13/2 2619/13/2
f 2619/13/2 2612/13/2 2620/13/2
f 2606/11/2 2615/11/2 2621/11/2
f 2621/11/2 2615/11/2 2622/11/2
f 2616/11/2 2617/11/2 2628/11/2
f 2617/13/2 2600/13/2 2629/13/2
f 2628/11/2 2617/11/2 2629/11/2
f 2629/13/2 2600/13/2 2630/13/2
f 2623/10/2 2624/10/2 2632/10/2
f 2624/3/2 2625/3/2 2633/3/2
f 2632/10/2 2624/10/2 2633/10/2
f 2633/3/2 2625/3/2 2634/3/2
f 2626/3/2 2627/3/2 2635/3/2
f 2627/11/2 2628/11/2 2636/11/2
f 2635/3/2 2627/3/2 2636/3/2
f 2628/11/2 2629/11/2 2636/11/2
f 2636/11/2 2629/11/2 2637/11/2
f 2631/11/2 2632/11/2 2638/11/2
f 2638/11/2 2632/11/2 2639/11/2
f 2640/11/2 2641/11/2 2644/11/2
f 2644/11/2 2641/11/2 2645/11/2
f 2642/11/2 2643/11/2 2647/11/2
f 2647/11/2 2643/11/2 2648/11/2
f 2646/5/2 2647/5/2 2649/5/2
f 2647/5/2 2648/5/2 2649/5/2
f 2649/5/2 2648/5/2 2650/5/2
f 2651/13/2 2652/13/2 2655/13/2
f 2655/13/2 2652/13/2 2656/13/2
f 2653/13/2 2654/13/2 2657/13/2
f 2657/13/2 2658/13/2 2659/13/2
f 2653/13/2 2657/13/2 2659/13/2
f 2659/13/2 2658/13/2 2660/13/2
f 2661/13/2 2662/13/2 2663/13/2
f 2663/13/2 2662/13/2 2664/13/2
f 2665/11/2 2666/11/2 2667/11/2
f 2667/11/2 2666/11/2 2668/11/2
f 2665/11/2 2667/11/2 2669/11/2
f 2669/11/2 2667/11/2 2670/11/2
f 2671/11/2 2672/11/2 2673/11/2
f 2673/11/2 2672/11/2 2674/11/2
f 2678/5/2 2679/5/2 2680/5/2
f 2680/5/2 2679/5/2 2681/5/2
f 2676/11/2 2677/11/2 2682/11/2
f 2682/11/2 2677/11/2 2683/11/2
f 2674/10/2 2675/10/2 2689/10/2
f 2675/3/2 2676/3/2 2690/3/2
f 2689/10/2 2675/10/2 2690/10/2
f 2676/11/2 2682/11/2 2691/11/2
f 2690/3/2 2676/3/2 2691/3/2
f 2691/11/2 2682/11/2 2692/11/2
f 2684/11/2 2685/11/2 2693/11/2
f 2693/11/2 2685/11/2 2694/11/2
f 2686/13/2 2687/13/2 2695/13/2
f 2695/13/2 2687/13/2 2696/13/2
f 2688/11/2 2689/11/2 2697/11/2
f 2697/11/2 2689/11/2 2698/11/2
f 2695/9/2 2696/9/2 2699/9/2
f 2699/9/2 2696/9/2 2700/9/2
f 2699/13/2 2700/13/2 2701/13/2
f 2701/13/2 2700/13/2 2702/13/2
f 2701/11/2 2702/11/2 2703/11/2
f 2703/11/2 2702/11/2 2704/11/2
f 2705/5/2 2706/5/2 2707/5/2
f 2707/5/2 2706/5/2 2708/5/2
f 2709/13/2 2710/13/2 2711/13/2
f 2711/13/2 2710/13/2 2712/13/2
f 2713/9/2 2714/9/2 2717/9/2
f 2717/9/2 2714/9/2 2718/9/2
f 2715/9/2 2716/9/2 2719/9/2
f 2719/9/2 2716/9/2 2720/9/2
f 2721/11/2 2722/11/2 2723/11/2
f 2723/11/2 2722/11/2 2724/11/2
f 2724/11/2 2722/11/2 2725/11/2
f 2725/11/2 2722/11/2 2726/11/2
f 2726/11/2 2727/11/2 2728/11/2
f 2728/11/2 2727/11/2 2729/11/2
f 2729/11/2 2730/11/2 2731/11/2
f 2731/11/2 2730/11/2 2732/11/2
f 2735/5/2 2736/5/2 2740/5/2
f 2740/5/2 2736/5/2 2741/5/2
f 2738/11/2 2739/11/2 2745/11/2
f 2737/11/2 2738/11/2 2745/11/2
f 2745/11/2 2739/11/2 2746/11/2
f 2741/5/2 2742/5/2 2749/5/2
f 2743/13/2 2744/13/2 2750/13/2
f 2749/5/2 2742/5/2 2750/5/2
f 2742/13/2 2743/13/2 2750/13/2
f 2750/13/2 2744/13/2 2751/13/2
f 2751/13/2 2744/13/2 2752/13/2
f 2733/11/2 2734/11/2 2753/11/2
f 2753/11/2 2734/11/2 2754/11/2
f 2747/11/2 2748/11/2 2755/11/2
f 2749/13/2 2750/13/2 2756/13/2
f 2750/13/2 2751/13/2 2756/13/2
f 2756/13/2 2751/13/2 2757/13/2
f 2747/11/2 2755/11/2 2758/11/2
f 2758/11/2 2755/11/2 2759/11/2
f 2749/13/2 2756/13/2 2760/13/2
f 2760/13/2 2761/13/2 2762/13/2
f 2749/13/2 2760/13/2 2762/13/2
f 2762/13/2 2761/13/2 2763/13/2
f 2763/13/2 2761/13/2 2764/13/2
f 2763/3/2 2764/3/2 2766/3/2
f 2764/3/2 2765/3/2 2766/3/2
f 2766/3/2 2765/3/2 2767/3/2
f 2768/3/2 2769/3/2 2771/3/2
f 2771/3/2 2769/3/2 2772/3/2
f 2770/3/2 2771/3/2 2773/3/2
f 2773/3/2 2771/3/2 2774/3/2
f 2775/13/2 2776/13/2 2777/13/2
f 2777/13/2 2776/13/2 2778/13/2
f 2779/9/2 2780/9/2 2782/9/2
f 2780/9/2 2781/9/2 2782/9/2
f 2782/9/2 2781/9/2 2783/9/2
f 2784/11/2 2785/11/2 2788/11/2
f 2788/11/2 2785/11/2 2789/11/2
f 2786/11/2 2787/11/2 2790/11/2
f 2790/11/2 2787/11/2 2791/11/2
f 2792/11/2 2793/11/2 2794/11/2
f 2792/11/2 2794/11/2 2800/11/2
f 2794/11/2 2795/11/2 2800/11/2
f 2800/11/2 2795/11/2 2801/11/2
f 2796/7/2 2797/7/2 2802/7/2
f 2798/3/2 2799/3/2 2803/3/2
f 2803/3/2 2799/3/2 2804/3/2
f 2804/3/2 2799/3/2 2805/3/2
f 2796/7/2 2802/7/2 2806/7/2
f 2803/3/2 2804/3/2 2807/3/2
f 2806/7/2 2802/7/2 2807/7/2
f 2802/3/2 2803/3/2 2807/3/2
f 2807/3/2 2804/3/2 2808/3/2
f 2809/13/2 2810/13/2 2813/13/2
f 2813/13/2 2810/13/2 2814/13/2
f 2811/13/2 2812/13/2 2815/13/2
f 2815/13/2 2812/13/2 2816/13/2
f 2817/13/2 2818/13/2 2821/13/2
f 2821/13/2 2818/13/2 2822/13/2
f 2819/9/2 2820/9/2 2823/9/2
f 2823/9/2 2820/9/2 2824/9/2
f 2824/9/2 2825/9/2 2826/9/2
f 2826/9/2 2825/9/2 2827/9/2
f 2828/11/2 2829/11/2 2830/11/2
f 2830/11/2 2829/11/2 2831/11/2
f 2832/7/2 2833/7/2 2834/7/2
f 2834/7/2 2833/7/2 2835/7/2
f 2836/13/2 2837/13/2 2838/13/2
f 2838/13/2 2837/13/2 2839/13/2
f 2840/13/2 2841/13/2 2842/13/2
f 2842/13/2 2841/13/2 2843/13/2
f 2843/13/2 2844/13/2 2845/13/2
f 2845/13/2 2844/13/2 2846/13/2
f 2846/13/2 2847/13/2 2848/13/2
f 2848/13/2 2847/13/2 2849/13/2
f 2850/13/2 2851/13/2 2852/13/2
f 2852/13/2 2851/13/2 2853/13/2
f 2854/13/2 2855/13/2 2856/13/2
f 2856/13/2 2855/13/2 2857/13/2
f 2858/7/2 2859/7/2 2860/7/2
f 2860/7/2 2859/7/2 2861/7/2
f 2862/11/2 2863/11/2 2864/11/2
f 2864/11/2 2863/11/2 2865/11/2
f 2866/6/2 2867/6/2 2875/6/2
f 2867/13/2 2868/13/2 2875/13/2
f 2875/13/2 2868/13/2 2876/13/2
f 2869/13/2 2870/13/2 2877/13/2
f 2877/13/2 2870/13/2 2878/13/2
f 2871/13/2 2872/13/2 2879/13/2
f 2879/13/2 2872/13/2 2880/13/2
f 2873/6/2 2874/6/2 2882/6/2
f 2882/6/2 2874/6/2 2883/6/2
f 2866/6/2 2875/6/2 2884/6/2
f 2880/13/2 2881/13/2 2885/13/2
f 2885/13/2 2881/13/2 2886/13/2
f 2883/6/2 2884/6/2 2887/6/2
f 2884/6/2 2875/6/2 2888/6/2
f 2887/6/2 2884/6/2 2888/6/2
f 2889/13/2 2890/13/2 2891/13/2
f 2891/13/2 2890/13/2 2892/13/2
f 2892/13/2 2890/13/2 2893/13/2
f 2893/13/2 2894/13/2 2898/13/2
f 2898/13/2 2894/13/2 2899/13/2
f 2897/13/2 2898/13/2 2901/13/2
f 2901/13/2 2898/13/2 2902/13/2
f 2899/13/2 2900/13/2 2903/13/2
f 2903/13/2 2900/13/2 2904/13/2
f 2895/9/2 2896/9/2 2905/9/2
f 2905/9/2 2896/9/2 2906/9/2
f 2903/13/2 2904/13/2 2909/13/2
f 2902/13/2 2903/13/2 2909/13/2
f 2904/9/2 2905/9/2 2910/9/2
f 2909/13/2 2904/13/2 2910/13/2
f 2910/9/2 2905/9/2 2911/9/2
f 2907/13/2 2908/13/2 2913/13/2
f 2913/13/2 2908/13/2 2914/13/2
f 2914/13/2 2908/13/2 2915/13/2
f 2909/13/2 2910/13/2 2916/13/2
f 2910/13/2 2911/13/2 2916/13/2
f 2916/13/2 2911/13/2 2917/13/2
f 2917/13/2 2911/13/2 2918/13/2
f 2918/13/2 2911/13/2 2919/13/2
f 2912/7/2 2913/7/2 2920/7/2
f 2913/13/2 2914/13/2 2921/13/2
f 2920/7/2 2913/7/2 2921/7/2
f 2921/13/2 2914/13/2 2922/13/2
f 2920/1/2 2921/1/2 2923/1/2
f 2923/1/2 2921/1/2 2924/1/2
f 2917/13/2 2918/13/2 2925/13/2
f 2925/13/2 2918/13/2 2926/13/2
f 2927/13/2 2928/13/2 2929/13/2
f 2929/13/2 2928/13/2 2930/13/2
f 2931/11/2 2932/11/2 2933/11/2
f 2933/11/2 2932/11/2 2934/11/2
f 2935/3/2 2936/3/2 2939/3/2
f 2939/3/2 2936/3/2 2940/3/2
f 2937/3/2 2938/3/2 2942/3/2
f 2940/3/2 2941/3/2 2942/3/2
f 2939/3/2 2940/3/2 2942/3/2
f 2938/3/2 2939/3/2 2942/3/2
f 2942/3/2 2941/3/2 2943/3/2
f 2944/2/2 2945/2/2 2947/2/2
f 2947/2/2 2945/2/2 2948/2/2
f 2946/2/2 2947/2/2 2950/2/2
f 2950/2/2 2947/2/2 2951/2/2
f 2948/2/2 2949/2/2 2952/2/2
f 2952/2/2 2949/2/2 2953/2/2
f 2951/2/2 2952/2/2 2954/2/2
f 2954/2/2 2952/2/2 2955/2/2
f 2954/3/2 2955/3/2 2956/3/2
f 2956/3/2 2955/3/2 2957/3/2
f 2957/3/2 2958/3/2 2959/3/2
f 2959/3/2 2958/3/2 2960/3/2
f 2960/3/2 2958/3/2 2961/3/2
f 2962/6/2 2963/6/2 2966/6/2
f 2966/6/2 2963/6/2 2967/6/2
f 2964/13/2 2965/13/2 2970/13/2
f 2967/6/2 2963/6/2 2975/6/2
f 2975/6/2 2963/6/2 2976/6/2
f 2968/13/2 2969/13/2 2977/13/2
f 2977/13/2 2969/13/2 2978/13/2
f 2971/13/2 2972/13/2 2979/13/2
f 2973/13/2 2974/13/2 2980/13/2
f 2980/13/2 2974/13/2 2981/13/2
f 2982/13/2 2983/13/2 2986/13/2
f 2986/13/2 2983/13/2 2987/13/2
f 2984/13/2 2985/13/2 2988/13/2
f 2988/13/2 2985/13/2 2989/13/2
f 2970/13/2 2965/13/2 2990/13/2
f 2990/13/2 2965/13/2 2991/13/2
f 2971/13/2 2979/13/2 2992/13/2
f 2991/9/2 2992/9/2 2998/9/2
f 2992/13/2 2979/13/2 2999/13/2
f 2998/9/2 2992/9/2 2999/9/2
f 2993/13/2 2994/13/2 3001/13/2
f 3001/13/2 2994/13/2 3002/13/2
f 2995/13/2 2996/13/2 3003/13/2
f 3003/13/2 2996/13/2 3004/13/2
f 2997/13/2 2998/13/2 3005/13/2
f 3005/13/2 2998/13/2 3006/13/2
f 2999/13/2 2979/13/2 3007/13/2
f 3007/13/2 2979/13/2 3008/13/2
f 3000/13/2 3001/13/2 3009/13/2
f 3006/13/2 3007/13/2 3010/13/2
f 3010/13/2 3007/13/2 3011/13/2
f 3009/13/2 3001/13/2 3012/13/2
f 3012/13/2 3001/13/2 3013/13/2
f 3014/13/2 3015/13/2 3017/13/2
f 3017/13/2 3015/13/2 3018/13/2
f 3016/13/2 3017/13/2 3021/13/2
f 3018/13/2 3019/13/2 3021/13/2
f 3017/13/2 3018/13/2 3021/13/2
f 3021/13/2 3019/13/2 3022/13/2
f 3022/13/2 3019/13/2 3023/13/2
f 3020/7/2 3021/7/2 3024/7/2
f 3021/13/2 3022/13/2 3025/13/2
f 3024/7/2 3021/7/2 3025/7/2
f 3025/13/2 3022/13/2 3026/13/2
f 3027/7/2 3028/7/2 3029/7/2
f 3029/7/2 3028/7/2 3030/7/2
f 3031/3/2 3032/3/2 3033/3/2
f 3033/3/2 3032/3/2 3034/3/2
f 3035/10/2 3036/10/2 3039/10/2
f 3036/8/2 3037/8/2 3040/8/2
f 3039/10/2 3036/10/2 3040/10/2
f 3040/8/2 3037/8/2 3041/8/2
f 3038/6/2 3039/6/2 3043/6/2
f 3043/6/2 3039/6/2 3044/6/2
f 3041/8/2 3042/8/2 3045/8/2
f 3045/8/2 3042/8/2 3046/8/2
f 3047/3/2 3048/3/2 3049/3/2
f 3049/3/2 3048/3/2 3050/3/2
f 3050/3/2 3048/3/2 3053/3/2
f 3053/3/2 3048/3/2 3054/3/2
f 3051/3/2 3052/3/2 3056/3/2
f 3056/3/2 3052/3/2 3057/3/2
f 3054/3/2 3055/3/2 3058/3/2
f 3058/3/2 3055/3/2 3059/3/2
f 3060/2/2 3061/2/2 3062/2/2
f 3062/2/2 3061/2/2 3063/2/2
f 3064/3/2 3065/3/2 3066/3/2
f 3066/3/2 3065/3/2 3067/3/2
f 3070/13/2 3071/13/2 3074/13/2
f 3074/13/2 3071/13/2 3075/13/2
f 3072/13/2 3073/13/2 3077/13/2
f 3070/13/2 3074/13/2 3080/13/2
f 3080/13/2 3074/13/2 3081/13/2
f 3076/13/2 3077/13/2 3082/13/2
f 3077/13/2 3073/13/2 3083/13/2
f 3082/13/2 3077/13/2 3083/13/2
f 3083/13/2 3073/13/2 3086/13/2
f 3086/13/2 3073/13/2 3087/13/2
f 3068/13/2 3069/13/2 3088/13/2
f 3088/13/2 3069/13/2 3089/13/2
f 3078/13/2 3079/13/2 3090/13/2
f 3084/13/2 3085/13/2 3092/13/2
f 3092/13/2 3085/13/2 3093/13/2
f 3078/13/2 3090/13/2 3094/13/2
f 3094/13/2 3090/13/2 3095/13/2
f 3091/13/2 3092/13/2 3096/13/2
f 3096/13/2 3092/13/2 3097/13/2
f 3078/13/2 3094/13/2 3098/13/2
f 3098/13/2 3094/13/2 3099/13/2
f 3100/13/2 3101/13/2 3103/13/2
f 3103/13/2 3101/13/2 3104/13/2
f 3102/7/2 3103/7/2 3105/7/2
f 3103/7/2 3104/7/2 3105/7/2
f 3105/7/2 3104/7/2 3106/7/2
f 3106/7/2 3104/7/2 3107/7/2
f 3102/7/2 3105/7/2 3109/7/2
f 3105/13/2 3106/13/2 3110/13/2
f 3109/7/2 3105/7/2 3110/7/2
f 3106/9/2 3107/9/2 3111/9/2
f 3110/13/2 3106/13/2 3111/13/2
f 3107/9/2 3108/9/2 3111/9/2
f 3111/9/2 3108/9/2 3112/9/2
f 3112/9/2 3108/9/2 3115/9/2
f 3115/9/2 3108/9/2 3116/9/2
f 3113/3/2 3114/3/2 3117/3/2
f 3117/3/2 3114/3/2 3118/3/2
f 3119/9/2 3120/9/2 3121/9/2
f 3121/9/2 3120/9/2 3122/9/2
f 3123/8/2 3124/8/2 3128/8/2
f 3128/8/2 3124/8/2 3129/8/2
f 3126/3/2 3127/3/2 3131/3/2
f 3125/3/2 3126/3/2 3131/3/2
f 3128/10/2 3129/10/2 3132/10/2
f 3132/10/2 3129/10/2 3133/10/2
f 3130/3/2 3131/3/2 3134/3/2
f 3131/3/2 3127/3/2 3135/3/2
f 3134/3/2 3131/3/2 3135/3/2
f 3136/3/2 3137/3/2 3139/3/2
f 3137/3/2 3138/3/2 3139/3/2
f 3139/3/2 3138/3/2 3140/3/2
f 3141/13/2 3142/13/2 3145/13/2
f 3145/13/2 3142/13/2 3146/13/2
f 3143/13/2 3144/13/2 3147/13/2
f 3147/13/2 3148/13/2 3151/13/2
f 3143/13/2 3147/13/2 3151/13/2
f 3151/13/2 3148/13/2 3152/13/2
f 3149/13/2 3150/13/2 3153/13/2
f 3153/13/2 3150/13/2 3154/13/2
f 3155/7/2 3156/7/2 3158/7/2
f 3156/13/2 3157/13/2 3159/13/2
f 3158/7/2 3156/7/2 3159/7/2
f 3159/13/2 3157/13/2 3160/13/2
f 3160/13/2 3157/13/2 3164/13/2
f 3164/13/2 3157/13/2 3165/13/2
f 3162/7/2 3163/7/2 3167/7/2
f 3161/7/2 3162/7/2 3167/7/2
f 3165/13/2 3166/13/2 3169/13/2
f 3169/13/2 3166/13/2 3170/13/2
f 3167/7/2 3168/7/2 3171/7/2
f 3161/7/2 3167/7/2 3171/7/2
f 3171/7/2 3168/7/2 3172/7/2
f 3171/13/2 3172/13/2 3175/13/2
f 3172/13/2 3173/13/2 3175/13/2
f 3173/9/2 3174/9/2 3176/9/2
f 3175/13/2 3173/13/2 3176/13/2
f 3176/9/2 3174/9/2 3177/9/2
f 3178/9/2 3179/9/2 3180/9/2
f 3180/9/2 3179/9/2 3181/9/2
f 3180/13/2 3181/13/2 3184/13/2
f 3181/13/2 3182/13/2 3184/13/2
f 3183/9/2 3184/9/2 3185/9/2
f 3184/13/2 3182/13/2 3186/13/2
f 3185/9/2 3184/9/2 3186/9/2
f 3186/13/2 3182/13/2 3187/13/2
f 3187/13/2 3182/13/2 3188/13/2
f 3185/13/2 3186/13/2 3192/13/2
f 3186/13/2 3187/13/2 3192/13/2
f 3189/7/2 3190/7/2 3193/7/2
f 3193/7/2 3190/7/2 3194/7/2
f 3191/13/2 3192/13/2 3195/13/2
f 3192/13/2 3187/13/2 3196/13/2
f 3195/13/2 3192/13/2 3196/13/2
f 3196/13/2 3187/13/2 3197/13/2
f 3197/13/2 3187/13/2 3198/13/2
f 3195/7/2 3196/7/2 3202/7/2
f 3202/7/2 3196/7/2 3203/7/2
f 3200/1/2 3201/1/2 3204/1/2
f 3199/3/2 3200/3/2 3204/3/2
f 3204/1/2 3201/1/2 3205/1/2
f 3199/3/2 3204/3/2 3206/3/2
f 3206/3/2 3204/3/2 3207/3/2
f 3207/3/2 3204/3/2 3208/3/2
f 3209/7/2 3210/7/2 3211/7/2
f 3211/7/2 3210/7/2 3212/7/2
f 3212/7/2 3210/7/2 3213/7/2
f 3212/13/2 3213/13/2 3214/13/2
f 3214/13/2 3213/13/2 3215/13/2
f 3216/3/2 3217/3/2 3220/3/2
f 3217/3/2 3218/3/2 3220/3/2
f 3220/3/2 3218/3/2 3221/3/2
f 3221/3/2 3218/3/2 3222/3/2
f 3219/3/2 3220/3/2 3223/3/2
f 3220/3/2 3221/3/2 3223/3/2
f 3223/3/2 3221/3/2 3224/3/2
f 3225/6/2 3226/6/2 3229/6/2
f 3229/6/2 3226/6/2 3230/6/2
f 3227/13/2 3228/13/2 3232/13/2
f 3230/6/2 3231/6/2 3234/6/2
f 3234/6/2 3231/6/2 3235/6/2
f 3227/13/2 3232/13/2 3236/13/2
f 3232/6/2 3233/6/2 3237/6/2
f 3236/13/2 3232/13/2 3237/13/2
f 3233/6/2 3234/6/2 3237/6/2
f 3237/6/2 3234/6/2 3238/6/2
f 3239/13/2 3240/13/2 3241/13/2
f 3241/13/2 3240/13/2 3242/13/2
f 3242/13/2 3240/13/2 3243/13/2
f 3243/13/2 3244/13/2 3245/13/2
f 3242/13/2 3243/13/2 3245/13/2
f 3245/13/2 3244/13/2 3246/13/2
f 3246/13/2 3244/13/2 3247/13/2
f 3247/13/2 3248/13/2 3249/13/2
f 3246/13/2 3247/13/2 3249/13/2
f 3249/13/2 3248/13/2 3250/13/2
f 3251/13/2 3252/13/2 3254/13/2
f 3254/13/2 3252/13/2 3255/13/2
f 3255/13/2 3252/13/2 3256/13/2
f 3257/9/2 3258/9/2 3259/9/2
f 3259/9/2 3258/9/2 3260/9/2
f 3253/9/2 3254/9/2 3261/9/2
f 3254/13/2 3255/13/2 3262/13/2
f 3261/9/2 3254/9/2 3262/9/2
f 3262/13/2 3255/13/2 3263/13/2
f 3259/13/2 3260/13/2 3264/13/2
f 3264/13/2 3260/13/2 3265/13/2
f 3263/13/2 3264/13/2 3268/13/2
f 3268/13/2 3264/13/2 3269/13/2
f 3266/13/2 3267/13/2 3271/13/2
f 3271/13/2 3267/13/2 3272/13/2
f 3269/13/2 3264/13/2 3273/13/2
f 3273/13/2 3264/13/2 3274/13/2
f 3271/13/2 3272/13/2 3275/13/2
f 3270/13/2 3271/13/2 3275/13/2
f 3272/13/2 3273/13/2 3275/13/2
f 3275/13/2 3273/13/2 3276/13/2
f 3276/13/2 3273/13/2 3277/13/2
f 3277/7/2 3278/7/2 3281/7/2
f 3276/7/2 3277/7/2 3281/7/2
f 3281/7/2 3278/7/2 3282/7/2
f 3279/7/2 3280/7/2 3283/7/2
f 3276/7/2 3281/7/2 3284/7/2
f 3279/7/2 3283/7/2 3285/7/2
f 3283/7/2 3284/7/2 3285/7/2
f 3285/7/2 3284/7/2 3286/7/2
f 3284/7/2 3281/7/2 3287/7/2
f 3286/7/2 3284/7/2 3287/7/2
f 3287/7/2 3281/7/2 3288/7/2
f 3288/7/2 3281/7/2 3289/7/2
f 3288/3/2 3289/3/2 3291/3/2
f 3289/7/2 3290/7/2 3292/7/2
f 3291/3/2 3289/3/2 3292/3/2
f 3292/7/2 3290/7/2 3293/7/2
f 3294/3/2 3295/3/2 3297/3/2
f 3297/3/2 3295/3/2 3298/3/2
f 3296/3/2 3297/3/2 3299/3/2
f 3299/3/2 3297/3/2 3300/3/2
f 3301/6/2 3302/6/2 3304/6/2
f 3304/6/2 3302/6/2 3305/6/2
f 3303/6/2 3304/6/2 3306/6/2
f 3306/6/2 3304/6/2 3307/6/2
f 3308/13/2 3309/13/2 3311/13/2
f 3311/13/2 3309/13/2 3312/13/2
f 3310/13/2 3311/13/2 3313/13/2
f 3313/13/2 3311/13/2 3314/13/2
f 3314/13/2 3311/13/2 3315/13/2
f 3315/13/2 3316/13/2 3317/13/2
f 3314/13/2 3315/13/2 3317/13/2
f 3317/13/2 3316/13/2 3318/13/2
f 3319/7/2 3320/7/2 3322/7/2
f 3321/7/2 3322/7/2 3323/7/2
f 3322/7/2 3320/7/2 3324/7/2
f 3323/7/2 3322/7/2 3324/7/2
f 3325/1/2 3326/1/2 3328/1/2
f 3328/1/2 3326/1/2 3329/1/2
f 3327/3/2 3328/3/2 3330/3/2
f 3328/3/2 3329/3/2 3330/3/2
f 3330/3/2 3329/3/2 3331/3/2
f 3331/3/2 3329/3/2 3332/3/2
f 3333/7/2 3334/7/2 3335/7/2
f 3335/7/2 3334/7/2 3336/7/2
f 3337/6/2 3338/6/2 3339/6/2
f 3339/6/2 3338/6/2 3340/6/2
f 3341/4/2 3342/4/2 3343/4/2
f 3343/4/2 3342/4/2 3344/4/2
f 3345/1/2 3346/1/2 3347/1/2
f 3347/1/2 3346/1/2 3348/1/2
f 3349/9/2 3350/9/2 3351/9/2
f 3351/9/2 3350/9/2 3352/9/2
f 3351/13/2 3352/13/2 3353/13/2
f 3353/13/2 3352/13/2 3354/13/2
f 3353/7/2 3354/7/2 3355/7/2
f 3355/7/2 3354/7/2 3356/7/2
f 3357/7/2 3358/7/2 3359/7/2
f 3359/7/2 3358/7/2 3360/7/2
f 3361/1/2 3362/1/2 3363/1/2
f 3363/1/2 3362/1/2 3364/1/2
f 3365/3/2 3366/3/2 3367/3/2
f 3367/3/2 3366/3/2 3368/3/2
f 3369/3/2 3370/3/2 3371/3/2
f 3371/3/2 3370/3/2 3372/3/2
f 3373/13/2 3374/13/2 3375/13/2
f 3375/13/2 3374/13/2 3376/13/2
f 3377/7/2 3378/7/2 3380/7/2
f 3378/7/2 3379/7/2 3380/7/2
f 3380/7/2 3379/7/2 3381/7/2
f 3377/7/2 3380/7/2 3384/7/2
f 3384/7/2 3380/7/2 3385/7/2
f 3382/3/2 3383/3/2 3387/3/2
f 3387/3/2 3383/3/2 3388/3/2
f 3385/7/2 3386/7/2 3389/7/2
f 3389/7/2 3386/7/2 3390/7/2
f 3391/13/2 3392/13/2 3393/13/2
f 3393/13/2 3392/13/2 3394/13/2
f 3393/7/2 3394/7/2 3395/7/2
f 3395/7/2 3394/7/2 3396/7/2
f 3395/3/2 3396/3/2 3397/3/2
f 3397/3/2 3396/3/2 3398/3/2
f 3399/3/2 3400/3/2 3401/3/2
f 3401/3/2 3400/3/2 3402/3/2
f 3403/6/2 3404/6/2 3405/6/2
f 3405/6/2 3404/6/2 3406/6/2
f 3407/4/2 3408/4/2 3409/4/2
f 3409/4/2 3408/4/2 3410/4/2
f 3411/4/2 3412/4/2 3413/4/2
f 3413/4/2 3412/4/2 3414/4/2
f 3415/3/2 3416/3/2 3417/3/2
f 3417/3/2 3416/3/2 3418/3/2
f 3419/13/2 3420/13/2 3421/13/2
f 3421/13/2 3420/13/2 3422/13/2
f 3423/3/2 3424/3/2 3426/3/2
f 3424/3/2 3425/3/2 3426/3/2
f 3426/3/2 3425/3/2 3427/3/2
f 3428/3/2 3429/3/2 3430/3/2
f 3430/3/2 3429/3/2 3431/3/2
f 3427/3/2 3425/3/2 3432/3/2
f 3432/3/2 3425/3/2 3433/3/2
f 3432/7/2 3433/7/2 3436/7/2
f 3436/7/2 3433/7/2 3437/7/2
f 3434/7/2 3435/7/2 3439/7/2
f 3439/7/2 3435/7/2 3440/7/2
f 3438/13/2 3439/13/2 3443/13/2
f 3439/13/2 3440/13/2 3443/13/2
f 3441/9/2 3442/9/2 3444/9/2
f 3444/9/2 3442/9/2 3445/9/2
f 3438/13/2 3443/13/2 3446/13/2
f 3443/13/2 3444/13/2 3446/13/2
f 3446/13/2 3444/13/2 3447/13/2
f 3446/7/2 3447/7/2 3448/7/2
f 3448/7/2 3447/7/2 3449/7/2
f 3449/7/2 3447/7/2 3450/7/2
f 3450/7/2 3447/7/2 3451/7/2
f 3446/7/2 3448/7/2 3453/7/2
f 3448/3/2 3449/3/2 3454/3/2
f 3453/7/2 3448/7/2 3454/7/2
f 3449/7/2 3450/7/2 3455/7/2
f 3454/3/2 3449/3/2 3455/3/2
f 3450/3/2 3451/3/2 3456/3/2
f 3455/7/2 3450/7/2 3456/7/2
f 3451/7/2 3447/7/2 3457/7/2
f 3456/3/2 3451/3/2 3457/3/2
f 3457/7/2 3447/7/2 3458/7/2
f 3452/7/2 3453/7/2 3459/7/2
f 3459/7/2 3453/7/2 3460/7/2
f 3459/1/2 3460/1/2 3463/1/2
f 3463/1/2 3460/1/2 3464/1/2
f 3461/7/2 3462/7/2 3465/7/2
f 3465/7/2 3462/7/2 3466/7/2
f 3467/6/2 3468/6/2 3469/6/2
f 3469/6/2 3468/6/2 3470/6/2
f 3471/6/2 3472/6/2 3474/6/2
f 3474/6/2 3472/6/2 3475/6/2
f 3473/6/2 3474/6/2 3476/6/2
f 3476/6/2 3474/6/2 3477/6/2
f 3478/4/2 3479/4/2 3480/4/2
f 3480/4/2 3479/4/2 3481/4/2
f 3482/3/2 3483/3/2 3484/3/2
f 3484/3/2 3483/3/2 3485/3/2
f 3486/4/2 3487/4/2 3488/4/2
f 3488/4/2 3487/4/2 3489/4/2
f 3490/3/2 3491/3/2 3492/3/2
f 3492/3/2 3491/3/2 3493/3/2
f 3494/3/2 3495/3/2 3496/3/2
f 3496/3/2 3495/3/2 3497/3/2
f 3498/3/2 3499/3/2 3500/3/2
f 3500/3/2 3499/3/2 3501/3/2
f 3502/6/2 3503/6/2 3504/6/2
f 3504/6/2 3503/6/2 3505/6/2
f 3505/6/2 3503/6/2 3506/6/2
f 3507/6/2 3508/6/2 3509/6/2
f 3509/6/2 3508/6/2 3510/6/2
f 3511/13/2 3512/13/2 3513/13/2
f 3513/13/2 3512/13/2 3514/13/2
f 3515/1/2 3516/1/2 3517/1/2
f 3517/1/2 3516/1/2 3518/1/2
f 3517/1/2 3518/1/2 3522/1/2
f 3518/3/2 3519/3/2 3523/3/2
f 3522/1/2 3518/1/2 3523/1/2
f 3523/3/2 3519/3/2 3524/3/2
f 3520/7/2 3521/7/2 3528/7/2
f 3521/7/2 3522/7/2 3528/7/2
f 3528/7/2 3522/7/2 3529/7/2
f 3523/3/2 3524/3/2 3530/3/2
f 3529/7/2 3522/7/2 3530/7/2
f 3524/3/2 3525/3/2 3530/3/2
f 3522/3/2 3523/3/2 3530/3/2
f 3530/3/2 3525/3/2 3531/3/2
f 3528/7/2 3529/7/2 3532/7/2
f 3526/7/2 3527/7/2 3532/7/2
f 3527/7/2 3528/7/2 3532/7/2
f 3532/7/2 3529/7/2 3533/7/2
f 3530/7/2 3531/7/2 3534/7/2
f 3534/7/2 3531/7/2 3535/7/2
f 3535/7/2 3531/7/2 3536/7/2
f 3534/9/2 3535/9/2 3537/9/2
f 3537/9/2 3535/9/2 3538/9/2
f 3539/7/2 3540/7/2 3541/7/2
f 3541/7/2 3540/7/2 3542/7/2
f 3539/7/2 3541/7/2 3545/7/2
f 3545/7/2 3541/7/2 3546/7/2
f 3541/13/2 3542/13/2 3547/13/2
f 3546/7/2 3541/7/2 3547/7/2
f 3542/7/2 3540/7/2 3548/7/2
f 3547/13/2 3542/13/2 3548/13/2
f 3548/7/2 3540/7/2 3549/7/2
f 3543/1/2 3544/1/2 3551/1/2
f 3551/1/2 3544/1/2 3552/1/2
f 3549/7/2 3550/7/2 3553/7/2
f 3553/7/2 3550/7/2 3554/7/2
f 3555/3/2 3556/3/2 3557/3/2
f 3557/3/2 3556/3/2 3558/3/2
f 3558/3/2 3556/3/2 3559/3/2
f 3560/4/2 3561/4/2 3564/4/2
f 3564/4/2 3561/4/2 3565/4/2
f 3562/4/2 3563/4/2 3567/4/2
f 3567/4/2 3563/4/2 3568/4/2
f 3564/12/2 3565/12/2 3570/12/2
f 3565/4/2 3566/4/2 3571/4/2
f 3570/12/2 3565/12/2 3571/12/2
f 3569/12/2 3570/12/2 3574/12/2
f 3570/4/2 3571/4/2 3575/4/2
f 3574/12/2 3570/12/2 3575/12/2
f 3571/4/2 3566/4/2 3576/4/2
f 3575/4/2 3571/4/2 3576/4/2
f 3576/4/2 3566/4/2 3577/4/2
f 3574/4/2 3575/4/2 3578/4/2
f 3575/4/2 3576/4/2 3578/4/2
f 3578/4/2 3576/4/2 3579/4/2
f 3579/4/2 3576/4/2 3580/4/2
f 3572/3/2 3573/3/2 3581/3/2
f 3581/3/2 3573/3/2 3582/3/2
f 3583/3/2 3584/3/2 3585/3/2
f 3585/3/2 3584/3/2 3586/3/2
f 3587/3/2 3588/3/2 3589/3/2
f 3589/3/2 3588/3/2 3590/3/2
f 3591/3/2 3592/3/2 3593/3/2
f 3593/3/2 3592/3/2 3594/3/2
f 3595/13/2 3596/13/2 3598/13/2
f 3596/6/2 3597/6/2 3598/6/2
f 3598/6/2 3597/6/2 3599/6/2
f 3599/6/2 3597/6/2 3600/6/2
f 3595/13/2 3598/13/2 3601/13/2
f 3598/13/2 3599/13/2 3601/13/2
f 3601/13/2 3599/13/2 3602/13/2
f 3599/6/2 3600/6/2 3603/6/2
f 3602/13/2 3599/13/2 3603/13/2
f 3603/6/2 3600/6/2 3604/6/2
f 3603/6/2 3604/6/2 3606/6/2
f 3606/6/2 3604/6/2 3607/6/2
f 3605/13/2 3606/13/2 3608/13/2
f 3608/13/2 3606/13/2 3609/13/2
f 3610/13/2 3611/13/2 3612/13/2
f 3612/13/2 3611/13/2 3613/13/2
f 3614/9/2 3615/9/2 3616/9/2
f 3616/9/2 3615/9/2 3617/9/2
f 3618/9/2 3619/9/2 3620/9/2
f 3620/9/2 3619/9/2 3621/9/2
f 3622/7/2 3623/7/2 3624/7/2
f 3624/7/2 3623/7/2 3625/7/2
f 3625/1/2 3626/1/2 3629/1/2
f 3629/1/2 3626/1/2 3630/1/2
f 3627/3/2 3628/3/2 3632/3/2
f 3632/3/2 3628/3/2 3633/3/2
f 3629/3/2 3630/3/2 3635/3/2
f 3635/3/2 3630/3/2 3636/3/2
f 3631/3/2 3632/3/2 3637/3/2
f 3632/3/2 3633/3/2 3637/3/2
f 3633/7/2 3634/7/2 3638/7/2
f 3637/3/2 3633/3/2 3638/3/2
f 3638/7/2 3634/7/2 3639/7/2
f 3640/7/2 3641/7/2 3645/7/2
f 3641/13/2 3642/13/2 3646/13/2
f 3645/7/2 3641/7/2 3646/7/2
f 3646/13/2 3642/13/2 3647/13/2
f 3643/7/2 3644/7/2 3648/7/2
f 3648/7/2 3644/7/2 3649/7/2
f 3650/1/2 3651/1/2 3653/1/2
f 3651/1/2 3652/1/2 3653/1/2
f 3653/1/2 3652/1/2 3654/1/2
f 3654/1/2 3652/1/2 3655/1/2
f 3655/1/2 3652/1/2 3656/1/2
f 3655/3/2 3656/3/2 3657/3/2
f 3657/3/2 3656/3/2 3658/3/2
f 3659/12/2 3660/12/2 3661/12/2
f 3661/12/2 3660/12/2 3662/12/2
f 3662/12/2 3660/12/2 3663/12/2
f 3663/12/2 3660/12/2 3664/12/2
f 3661/4/2 3662/4/2 3665/4/2
f 3665/4/2 3662/4/2 3666/4/2
f 3666/4/2 3662/4/2 3667/4/2
f 3662/12/2 3663/12/2 3668/12/2
f 3667/4/2 3662/4/2 3668/4/2
f 3668/12/2 3663/12/2 3669/12/2
f 3666/3/2 3667/3/2 3670/3/2
f 3668/4/2 3669/4/2 3671/4/2
f 3670/3/2 3667/3/2 3671/3/2
f 3667/4/2 3668/4/2 3671/4/2
f 3671/4/2 3669/4/2 3672/4/2
f 3674/3/2 3675/3/2 3676/3/2
f 3676/3/2 3675/3/2 3677/3/2
f 3671/3/2 3672/3/2 3678/3/2
f 3672/3/2 3673/3/2 3678/3/2
f 3678/3/2 3673/3/2 3679/3/2
f 3679/3/2 3673/3/2 3681/3/2
f 3680/3/2 3681/3/2 3682/3/2
f 3681/3/2 3673/3/2 3683/3/2
f 3682/3/2 3681/3/2 3683/3/2
f 3684/3/2 3685/3/2 3686/3/2
f 3686/3/2 3685/3/2 3687/3/2
f 3688/9/2 3689/9/2 3694/9/2
f 3694/9/2 3689/9/2 3695/9/2
f 3690/9/2 3691/9/2 3696/9/2
f 3696/9/2 3691/9/2 3697/9/2
f 3692/13/2 3693/13/2 3699/13/2
f 3698/13/2 3699/13/2 3702/13/2
f 3699/13/2 3693/13/2 3703/13/2
f 3702/13/2 3699/13/2 3703/13/2
f 3700/6/2 3701/6/2 3704/6/2
f 3704/6/2 3701/6/2 3705/6/2
f 3706/13/2 3707/13/2 3708/13/2
f 3708/13/2 3707/13/2 3709/13/2
f 3710/13/2 3711/13/2 3712/13/2
f 3712/13/2 3711/13/2 3713/13/2
f 3714/13/2 3715/13/2 3716/13/2
f 3716/13/2 3715/13/2 3717/13/2
f 3718/7/2 3719/7/2 3722/7/2
f 3722/7/2 3719/7/2 3723/7/2
f 3720/13/2 3721/13/2 3724/13/2
f 3724/13/2 3721/13/2 3725/13/2
f 3726/9/2 3727/9/2 3731/9/2
f 3728/9/2 3729/9/2 3732/9/2
f 3732/9/2 3729/9/2 3733/9/2
f 3730/13/2 3731/13/2 3734/13/2
f 3731/9/2 3727/9/2 3735/9/2
f 3734/13/2 3731/13/2 3735/13/2
f 3735/9/2 3727/9/2 3736/9/2
f 3736/9/2 3737/9/2 3738/9/2
f 3738/9/2 3737/9/2 3739/9/2
f 3740/13/2 3741/13/2 3742/13/2
f 3742/13/2 3741/13/2 3743/13/2
f 3744/9/2 3745/9/2 3748/9/2
f 3748/9/2 3745/9/2 3749/9/2
f 3746/13/2 3747/13/2 3750/13/2
f 3750/13/2 3747/13/2 3751/13/2
f 3748/13/2 3749/13/2 3752/13/2
f 3752/13/2 3749/13/2 3753/13/2
f 3753/7/2 3754/7/2 3756/7/2
f 3756/7/2 3754/7/2 3757/7/2
f 3755/7/2 3756/7/2 3760/7/2
f 3760/7/2 3756/7/2 3761/7/2
f 3758/3/2 3759/3/2 3764/3/2
f 3759/7/2 3760/7/2 3765/7/2
f 3762/1/2 3763/1/2 3767/1/2
f 3763/3/2 3764/3/2 3768/3/2
f 3767/1/2 3763/1/2 3768/1/2
f 3764/3/2 3759/3/2 3769/3/2
f 3768/3/2 3764/3/2 3769/3/2
f 3765/7/2 3766/7/2 3770/7/2
f 3769/3/2 3759/3/2 3770/3/2
f 3759/7/2 3765/7/2 3770/7/2
f 3768/3/2 3769/3/2 3771/3/2
f 3771/3/2 3769/3/2 3772/3/2
f 3770/7/2 3766/7/2 3773/7/2
f 3773/7/2 3766/7/2 3774/7/2
f 3775/7/2 3776/7/2 3781/7/2
f 3779/12/2 3780/12/2 3783/12/2
f 3782/3/2 3783/3/2 3784/3/2
f 3783/12/2 3780/12/2 3785/12/2
f 3784/3/2 3783/3/2 3785/3/2
f 3780/13/2 3781/13/2 3786/13/2
f 3785/12/2 3780/12/2 3786/12/2
f 3786/13/2 3781/13/2 3787/13/2
f 3781/7/2 3776/7/2 3788/7/2
f 3787/13/2 3781/13/2 3788/13/2
f 3776/13/2 3777/13/2 3789/13/2
f 3788/7/2 3776/7/2 3789/7/2
f 3777/7/2 3778/7/2 3790/7/2
f 3789/13/2 3777/13/2 3790/13/2
f 3790/7/2 3778/7/2 3791/7/2
f 3791/7/2 3792/7/2 3794/7/2
f 3794/7/2 3792/7/2 3795/7/2
f 3793/12/2 3794/12/2 3796/12/2
f 3796/12/2 3794/12/2 3797/12/2
f 3796/13/2 3797/13/2 3799/13/2
f 3797/12/2 3798/12/2 3800/12/2
f 3799/13/2 3797/13/2 3800/13/2
f 3800/12/2 3798/12/2 3801/12/2
f 3801/12/2 3798/12/2 3805/12/2
f 3805/12/2 3798/12/2 3806/12/2
f 3803/7/2 3804/7/2 3807/7/2
f 3802/7/2 3803/7/2 3807/7/2
f 3807/7/2 3804/7/2 3808/7/2
f 3809/10/2 3810/10/2 3812/10/2
f 3810/8/2 3811/8/2 3813/8/2
f 3812/10/2 3810/10/2 3813/10/2
f 3813/8/2 3811/8/2 3814/8/2
f 3815/2/2 3816/2/2 3819/2/2
f 3819/2/2 3816/2/2 3820/2/2
f 3815/2/2 3819/2/2 3822/2/2
f 3822/2/2 3819/2/2 3823/2/2
f 3820/2/2 3821/2/2 3824/2/2
f 3824/2/2 3821/2/2 3825/2/2
f 3817/3/2 3818/3/2 3830/3/2
f 3823/2/2 3824/2/2 3831/2/2
f 3831/2/2 3824/2/2 3832/2/2
f 3825/2/2 3826/2/2 3833/2/2
f 3827/10/2 3828/10/2 3834/10/2
f 3828/3/2 3829/3/2 3835/3/2
f 3834/10/2 3828/10/2 3835/10/2
f 3829/3/2 3830/3/2 3835/3/2
f 3830/3/2 3818/3/2 3836/3/2
f 3835/3/2 3830/3/2 3836/3/2
f 3832/2/2 3833/2/2 3838/2/2
f 3833/2/2 3826/2/2 3839/2/2
f 3838/2/2 3833/2/2 3839/2/2
f 3836/3/2 3837/3/2 3841/3/2
f 3835/3/2 3836/3/2 3841/3/2
f 3841/3/2 3837/3/2 3842/3/2
f 3839/3/2 3840/3/2 3843/3/2
f 3843/3/2 3840/3/2 3844/3/2
f 3844/3/2 3845/3/2 3846/3/2
f 3846/3/2 3845/3/2 3847/3/2
f 3847/3/2 3848/3/2 3849/3/2
f 3849/3/2 3848/3/2 3850/3/2
f 3851/13/2 3852/13/2 3857/13/2
f 3857/13/2 3852/13/2 3858/13/2
f 3853/13/2 3854/13/2 3859/13/2
f 3859/13/2 3854/13/2 3860/13/2
f 3855/13/2 3856/13/2 3862/13/2
f 3861/13/2 3862/13/2 3863/13/2
f 3862/13/2 3856/13/2 3864/13/2
f 3863/13/2 3862/13/2 3864/13/2
f 3864/13/2 3856/13/2 3865/13/2
f 3863/13/2 3864/13/2 3866/13/2
f 3866/13/2 3864/13/2 3867/13/2
f 3868/9/2 3869/9/2 3870/9/2
f 3870/9/2 3869/9/2 3871/9/2
f 3874/1/2 3875/1/2 3876/1/2
f 3876/1/2 3875/1/2 3877/1/2
f 3872/13/2 3873/13/2 3879/13/2
f 3879/13/2 3873/13/2 3880/13/2
f 3876/3/2 3877/3/2 3881/3/2
f 3881/3/2 3877/3/2 3882/3/2
f 3878/7/2 3879/7/2 3883/7/2
f 3883/7/2 3879/7/2 3884/7/2
f 3885/13/2 3886/13/2 3887/13/2
f 3887/13/2 3886/13/2 3888/13/2
f 3889/3/2 3890/3/2 3893/3/2
f 3893/3/2 3890/3/2 3894/3/2
f 3891/13/2 3892/13/2 3896/13/2
f 3896/13/2 3892/13/2 3897/13/2
f 3894/7/2 3895/7/2 3898/7/2
f 3898/7/2 3895/7/2 3899/7/2
f 3900/9/2 3901/9/2 3904/9/2
f 3904/9/2 3901/9/2 3905/9/2
f 3902/9/2 3903/9/2 3906/9/2
f 3906/9/2 3903/9/2 3907/9/2
f 3908/9/2 3909/9/2 3912/9/2
f 3912/9/2 3909/9/2 3913/9/2
f 3910/9/2 3911/9/2 3915/9/2
f 3913/13/2 3914/13/2 3916/13/2
f 3915/9/2 3911/9/2 3916/9/2
f 3911/13/2 3912/13/2 3916/13/2
f 3912/13/2 3913/13/2 3916/13/2
f 3916/13/2 3914/13/2 3917/13/2
f 3917/13/2 3914/13/2 3918/13/2
f 3918/13/2 3914/13/2 3919/13/2
f 3919/13/2 3914/13/2 3920/13/2
f 3921/13/2 3922/13/2 3923/13/2
f 3923/13/2 3922/13/2 3924/13/2
f 3918/13/2 3919/13/2 3925/13/2
f 3925/13/2 3919/13/2 3926/13/2
f 3926/7/2 3927/7/2 3930/7/2
f 3930/7/2 3927/7/2 3931/7/2
f 3928/1/2 3929/1/2 3932/1/2
f 3932/1/2 3929/1/2 3933/1/2
f 3933/1/2 3929/1/2 3934/1/2
f 3934/1/2 3929/1/2 3935/1/2
f 3929/7/2 3930/7/2 3936/7/2
f 3935/1/2 3929/1/2 3936/1/2
f 3936/7/2 3930/7/2 3937/7/2
f 3933/1/2 3934/1/2 3938/1/2
f 3934/3/2 3935/3/2 3939/3/2
f 3938/1/2 3934/1/2 3939/1/2
f 3939/3/2 3935/3/2 3940/3/2
f 3941/3/2 3942/3/2 3946/3/2
f 3942/13/2 3943/13/2 3947/13/2
f 3946/3/2 3942/3/2 3947/3/2
f 3947/13/2 3943/13/2 3948/13/2
f 3944/7/2 3945/7/2 3950/7/2
f 3950/7/2 3945/7/2 3951/7/2
f 3947/12/2 3948/12/2 3952/12/2
f 3946/12/2 3947/12/2 3952/12/2
f 3952/12/2 3948/12/2 3953/12/2
f 3953/12/2 3948/12/2 3954/12/2
f 3949/12/2 3950/12/2 3955/12/2
f 3955/12/2 3950/12/2 3956/12/2
f 3956/12/2 3950/12/2 3957/12/2
f 3952/1/2 3953/1/2 3958/1/2
f 3959/13/2 3960/13/2 3961/13/2
f 3961/13/2 3960/13/2 3962/13/2
f 3952/1/2 3958/1/2 3963/1/2
f 3963/1/2 3958/1/2 3964/1/2
f 3963/3/2 3964/3/2 3967/3/2
f 3963/3/2 3967/3/2 3968/3/2
f 3965/13/2 3966/13/2 3971/13/2
f 3971/13/2 3966/13/2 3972/13/2
f 3963/3/2 3968/3/2 3973/3/2
f 3973/3/2 3968/3/2 3974/3/2
f 3969/12/2 3970/12/2 3975/12/2
f 3970/12/2 3971/12/2 3975/12/2
f 3971/12/2 3972/12/2 3975/12/2
f 3975/12/2 3972/12/2 3976/12/2
f 3977/8/2 3978/8/2 3983/8/2
f 3983/8/2 3978/8/2 3984/8/2
f 3979/8/2 3980/8/2 3986/8/2
f 3981/2/2 3982/2/2 3987/2/2
f 3987/2/2 3982/2/2 3988/2/2
f 3983/10/2 3984/10/2 3990/10/2
f 3985/8/2 3986/8/2 3991/8/2
f 3990/10/2 3984/10/2 3991/10/2
f 3984/8/2 3985/8/2 3991/8/2
f 3986/8/2 3980/8/2 3992/8/2
f 3991/8/2 3986/8/2 3992/8/2
f 3988/2/2 3989/2/2 3993/2/2
f 3993/2/2 3989/2/2 3994/2/2
f 3995/6/2 3996/6/2 3999/6/2
f 3999/6/2 3996/6/2 4000/6/2
f 3997/13/2 3998/13/2 4003/13/2
f 4003/13/2 3998/13/2 4004/13/2
f 4001/13/2 4002/13/2 4005/13/2
f 4005/13/2 4002/13/2 4006/13/2
f 4007/9/2 4008/9/2 4009/9/2
f 4009/9/2 4008/9/2 4010/9/2
f 4009/13/2 4010/13/2 4011/13/2
f 4011/13/2 4010/13/2 4012/13/2
f 4011/9/2 4012/9/2 4015/9/2
f 4012/13/2 4010/13/2 4016/13/2
f 4015/9/2 4012/9/2 4016/9/2
f 4016/13/2 4010/13/2 4017/13/2
f 4013/13/2 4014/13/2 4018/13/2
f 4014/9/2 4015/9/2 4018/9/2
f 4018/9/2 4015/9/2 4019/9/2
f 4013/13/2 4018/13/2 4022/13/2
f 4020/1/2 4021/1/2 4023/1/2
f 4022/13/2 4018/13/2 4025/13/2
f 4025/13/2 4018/13/2 4026/13/2
f 4023/1/2 4024/1/2 4027/1/2
f 4020/1/2 4023/1/2 4027/1/2
f 4024/7/2 4025/7/2 4028/7/2
f 4027/1/2 4024/1/2 4028/1/2
f 4028/7/2 4025/7/2 4029/7/2
f 4020/1/2 4027/1/2 4031/1/2
f 4027/3/2 4028/3/2 4032/3/2
f 4031/1/2 4027/1/2 4032/1/2
f 4029/13/2 4030/13/2 4033/13/2
f 4032/3/2 4028/3/2 4035/3/2
f 4028/7/2 4029/7/2 4036/7/2
f 4035/3/2 4028/3/2 4036/3/2
f 4029/13/2 4033/13/2 4037/13/2
f 4036/7/2 4029/7/2 4037/7/2
f 4033/13/2 4034/13/2 4037/13/2
f 4037/13/2 4034/13/2 4038/13/2
f 4038/13/2 4034/13/2 4039/13/2
f 4037/7/2 4038/7/2 4043/7/2
f 4038/13/2 4039/13/2 4044/13/2
f 4039/13/2 4040/13/2 4044/13/2
f 4044/13/2 4040/13/2 4045/13/2
f 4041/3/2 4042/3/2 4046/3/2
f 4042/7/2 4043/7/2 4047/7/2
f 4046/3/2 4042/3/2 4047/3/2
f 4043/7/2 4038/7/2 4048/7/2
f 4047/7/2 4043/7/2 4048/7/2
f 4038/13/2 4044/13/2 4049/13/2
f 4048/7/2 4038/7/2 4049/7/2
f 4047/7/2 4048/7/2 4051/7/2
f 4048/13/2 4049/13/2 4052/13/2
f 4051/7/2 4048/7/2 4052/7/2
f 4049/13/2 4044/13/2 4053/13/2
f 4052/13/2 4049/13/2 4053/13/2
f 4050/13/2 4051/13/2 4055/13/2
f 4055/13/2 4051/13/2 4056/13/2
f 4053/13/2 4044/13/2 4057/13/2
f 4057/13/2 4044/13/2 4058/13/2
f 4054/9/2 4055/9/2 4060/9/2
f 4060/9/2 4055/9/2 4061/9/2
f 4058/13/2 4059/13/2 4062/13/2
f 4062/13/2 4059/13/2 4063/13/2
f 4060/13/2 4061/13/2 4064/13/2
f 4064/13/2 4061/13/2 4065/13/2
f 4065/13/2 4066/13/2 4067/13/2
f 4067/13/2 4066/13/2 4068/13/2
f 4069/13/2 4070/13/2 4071/13/2
f 4071/13/2 4070/13/2 4072/13/2
f 4072/13/2 4070/13/2 4074/13/2
f 4074/13/2 4070/13/2 4075/13/2
f 4074/7/2 4075/7/2 4077/7/2
f 4075/7/2 4076/7/2 4077/7/2
f 4073/7/2 4074/7/2 4077/7/2
f 4077/7/2 4076/7/2 4078/7/2
f 4079/12/2 4080/12/2 4082/12/2
f 4080/7/2 4081/7/2 4082/7/2
f 4082/7/2 4081/7/2 4083/7/2
f 4079/12/2 4082/12/2 4085/12/2
f 4085/12/2 4082/12/2 4086/12/2
f 4084/3/2 4085/3/2 4089/3/2
f 4085/12/2 4086/12/2 4090/12/2
f 4089/3/2 4085/3/2 4090/3/2
f 4086/12/2 4087/12/2 4090/12/2
f 4090/12/2 4087/12/2 4091/12/2
f 4091/12/2 4087/12/2 4092/12/2
f 4087/13/2 4088/13/2 4093/13/2
f 4092/12/2 4087/12/2 4093/12/2
f 4093/13/2 4088/13/2 4094/13/2
f 4091/13/2 4092/13/2 4095/13/2
f 4090/12/2 4091/12/2 4095/12/2
f 4092/12/2 4093/12/2 4096/12/2
f 4095/13/2 4092/13/2 4096/13/2
f 4096/12/2 4093/12/2 4097/12/2
f 4096/12/2 4097/12/2 4099/12/2
f 4097/13/2 4098/13/2 4100/13/2
f 4099/12/2 4097/12/2 4100/12/2
f 4100/13/2 4098/13/2 4101/13/2
f 4101/13/2 4098/13/2 4102/13/2
f 4089/1/2 4090/1/2 4103/1/2
f 4090/12/2 4095/12/2 4104/12/2
f 4103/1/2 4090/1/2 4104/1/2
f 4103/3/2 4104/3/2 4105/3/2
f 4104/12/2 4095/12/2 4106/12/2
f 4105/3/2 4104/3/2 4106/3/2
f 4106/12/2 4095/12/2 4107/12/2
f 4105/12/2 4106/12/2 4108/12/2
f 4106/12/2 4107/12/2 4108/12/2
f 4108/12/2 4107/12/2 4109/12/2
f 4110/10/2 4111/10/2 4113/10/2
f 4111/8/2 4112/8/2 4114/8/2
f 4113/10/2 4111/10/2 4114/10/2
f 4114/8/2 4112/8/2 4115/8/2
f 4118/13/2 4119/13/2 4120/13/2
f 4120/13/2 4119/13/2 4121/13/2
f 4116/6/2 4117/6/2 4122/6/2
f 4116/6/2 4122/6/2 4124/6/2
f 4122/13/2 4123/13/2 4125/13/2
f 4124/6/2 4122/6/2 4125/6/2
f 4125/13/2 4123/13/2 4126/13/2
f 4127/13/2 4128/13/2 4130/13/2
f 4130/13/2 4128/13/2 4131/13/2
f 4132/13/2 4133/13/2 4134/13/2
f 4134/13/2 4133/13/2 4135/13/2
f 4129/13/2 4130/13/2 4136/13/2
f 4136/13/2 4130/13/2 4137/13/2
f 4137/13/2 4130/13/2 4138/13/2
f 4138/13/2 4130/13/2 4140/13/2
f 4140/13/2 4130/13/2 4141/13/2
f 4139/1/2 4140/1/2 4142/1/2
f 4140/7/2 4141/7/2 4143/7/2
f 4142/1/2 4140/1/2 4143/1/2
f 4143/7/2 4141/7/2 4144/7/2
f 4145/3/2 4146/3/2 4148/3/2
f 4146/7/2 4147/7/2 4149/7/2
f 4148/3/2 4146/3/2 4149/3/2
f 4149/7/2 4147/7/2 4150/7/2
f 4151/13/2 4152/13/2 4154/13/2
f 4154/13/2 4152/13/2 4155/13/2
f 4153/9/2 4154/9/2 4157/9/2
f 4154/13/2 4155/13/2 4158/13/2
f 4157/9/2 4154/9/2 4158/9/2
f 4155/13/2 4156/13/2 4158/13/2
f 4158/13/2 4156/13/2 4159/13/2
f 4157/13/2 4158/13/2 4161/13/2
f 4159/13/2 4160/13/2 4161/13/2
f 4158/13/2 4159/13/2 4161/13/2
f 4161/13/2 4160/13/2 4162/13/2
f 4163/13/2 4164/13/2 4165/13/2
f 4165/13/2 4164/13/2 4166/13/2
f 4167/7/2 4168/7/2 4169/7/2
f 4169/7/2 4168/7/2 4170/7/2
f 4171/13/2 4172/13/2 4176/13/2
f 4173/13/2 4174/13/2 4177/13/2
f 4174/9/2 4175/9/2 4178/9/2
f 4177/13/2 4174/13/2 4178/13/2
f 4178/9/2 4175/9/2 4179/9/2
f 4176/13/2 4177/13/2 4182/13/2
f 4171/13/2 4176/13/2 4182/13/2
f 4177/13/2 4178/13/2 4182/13/2
f 4178/13/2 4179/13/2 4182/13/2
f 4179/9/2 4175/9/2 4183/9/2
f 4182/13/2 4179/13/2 4183/13/2
f 4183/9/2 4175/9/2 4184/9/2
f 4180/13/2 4181/13/2 4185/13/2
f 4185/13/2 4181/13/2 4186/13/2
f 4182/13/2 4183/13/2 4188/13/2
f 4183/13/2 4184/13/2 4188/13/2
f 4188/13/2 4184/13/2 4189/13/2
f 4189/13/2 4184/13/2 4190/13/2
f 4190/13/2 4184/13/2 4191/13/2
f 4185/9/2 4186/9/2 4192/9/2
f 4186/13/2 4187/13/2 4193/13/2
f 4192/9/2 4186/9/2 4193/9/2
f 4193/13/2 4187/13/2 4194/13/2
f 4182/13/2 4188/13/2 4195/13/2
f 4195/13/2 4188/13/2 4196/13/2
f 4196/13/2 4188/13/2 4197/13/2
f 4189/13/2 4190/13/2 4198/13/2
f 4198/13/2 4190/13/2 4199/13/2
f 4195/13/2 4196/13/2 4200/13/2
f 4194/13/2 4195/13/2 4200/13/2
f 4200/13/2 4196/13/2 4201/13/2
f 4201/13/2 4196/13/2 4203/13/2
f 4203/13/2 4196/13/2 4204/13/2
f 4202/13/2 4203/13/2 4206/13/2
f 4204/13/2 4205/13/2 4206/13/2
f 4203/13/2 4204/13/2 4206/13/2
f 4206/13/2 4205/13/2 4207/13/2
f 4206/7/2 4207/7/2 4208/7/2
f 4208/7/2 4207/7/2 4209/7/2
f 4210/6/2 4211/6/2 4212/6/2
f 4212/6/2 4211/6/2 4213/6/2
f 4214/13/2 4215/13/2 4216/13/2
f 4216/13/2 4215/13/2 4217/13/2
f 4216/7/2 4217/7/2 4218/7/2
f 4218/7/2 4217/7/2 4219/7/2
f 4220/3/2 4221/3/2 4222/3/2
f 4222/3/2 4221/3/2 4223/3/2
f 4223/3/2 4221/3/2 4224/3/2
f 4224/3/2 4225/3/2 4226/3/2
f 4223/3/2 4224/3/2 4226/3/2
f 4226/3/2 4225/3/2 4227/3/2
f 4228/6/2 4229/6/2 4232/6/2
f 4232/6/2 4229/6/2 4233/6/2
f 4230/13/2 4231/13/2 4234/13/2
f 4234/13/2 4231/13/2 4235/13/2
f 4236/6/2 4237/6/2 4238/6/2
f 4238/6/2 4237/6/2 4239/6/2
f 4240/13/2 4241/13/2 4243/13/2
f 4241/9/2 4242/9/2 4244/9/2
f 4243/13/2 4241/13/2 4244/13/2
f 4244/9/2 4242/9/2 4245/9/2
f 4245/9/2 4246/9/2 4247/9/2
f 4244/9/2 4245/9/2 4247/9/2
f 4247/9/2 4246/9/2 4248/9/2
f 4249/6/2 4250/6/2 4251/6/2
f 4251/6/2 4250/6/2 4252/6/2
f 4253/13/2 4254/13/2 4257/13/2
f 4257/13/2 4254/13/2 4258/13/2
f 4255/7/2 4256/7/2 4260/7/2
f 4260/7/2 4256/7/2 4261/7/2
f 4261/7/2 4256/7/2 4262/7/2
f 4258/7/2 4259/7/2 4263/7/2
f 4263/7/2 4259/7/2 4264/7/2
f 4261/3/2 4262/3/2 4266/3/2
f 4266/3/2 4262/3/2 4267/3/2
f 4263/3/2 4264/3/2 4268/3/2
f 4268/3/2 4264/3/2 4269/3/2
f 4265/3/2 4266/3/2 4271/3/2
f 4271/3/2 4266/3/2 4272/3/2
f 4272/3/2 4266/3/2 4273/3/2
f 4270/3/2 4271/3/2 4274/3/2
f 4271/3/2 4272/3/2 4274/3/2
f 4274/3/2 4272/3/2 4275/3/2
f 4276/13/2 4277/13/2 4280/13/2
f 4280/13/2 4277/13/2 4281/13/2
f 4278/6/2 4279/6/2 4282/6/2
f 4279/6/2 4280/6/2 4282/6/2
f 4280/6/2 4281/6/2 4282/6/2
f 4282/6/2 4281/6/2 4283/6/2
f 4283/6/2 4281/6/2 4284/6/2
f 4283/6/2 4284/6/2 4286/6/2
f 4284/13/2 4285/13/2 4287/13/2
f 4286/6/2 4284/6/2 4287/6/2
f 4287/13/2 4285/13/2 4288/13/2
f 4289/6/2 4290/6/2 4291/6/2
f 4291/6/2 4290/6/2 4292/6/2
f 4292/6/2 4290/6/2 4293/6/2
f 4294/6/2 4295/6/2 4296/6/2
f 4296/6/2 4295/6/2 4297/6/2
f 4294/6/2 4296/6/2 4298/6/2
f 4298/6/2 4296/6/2 4299/6/2
f 4299/6/2 4300/6/2 4301/6/2
f 4301/6/2 4300/6/2 4302/6/2
f 4303/6/2 4304/6/2 4305/6/2
f 4305/6/2 4304/6/2 4306/6/2
f 4307/13/2 4308/13/2 4309/13/2
f 4309/13/2 4308/13/2 4310/13/2
f 4311/7/2 4312/7/2 4313/7/2
f 4313/7/2 4312/7/2 4314/7/2
f 4314/3/2 4315/3/2 4318/3/2
f 4316/3/2 4317/3/2 4319/3/2
f 4319/3/2 4317/3/2 4320/3/2
f 4314/3/2 4318/3/2 4321/3/2
f 4321/3/2 4318/3/2 4322/3/2
f 4323/6/2 4324/6/2 4325/6/2
f 4325/6/2 4324/6/2 4326/6/2
f 4327/13/2 4328/13/2 4329/13/2
f 4329/13/2 4328/13/2 4330/13/2
f 4330/13/2 4328/13/2 4331/13/2
f 4330/13/2 4331/13/2 4332/13/2
f 4332/13/2 4331/13/2 4333/13/2
f 4333/13/2 4334/13/2 4335/13/2
f 4335/13/2 4334/13/2 4336/13/2
f 4337/6/2 4338/6/2 4340/6/2
f 4340/6/2 4338/6/2 4341/6/2
f 4339/6/2 4340/6/2 4342/6/2
f 4342/6/2 4340/6/2 4343/6/2
f 4344/6/2 4345/6/2 4346/6/2
f 4346/6/2 4345/6/2 4347/6/2
f 4347/6/2 4345/6/2 4348/6/2
f 4347/13/2 4348/13/2 4349/13/2
f 4349/13/2 4348/13/2 4350/13/2
f 4351/6/2 4352/6/2 4357/6/2
f 4357/6/2 4352/6/2 4358/6/2
f 4358/6/2 4352/6/2 4359/6/2
f 4353/13/2 4354/13/2 4360/13/2
f 4360/13/2 4354/13/2 4361/13/2
f 4355/13/2 4356/13/2 4362/13/2
f 4362/13/2 4356/13/2 4363/13/2
f 4358/6/2 4359/6/2 4364/6/2
f 4359/13/2 4360/13/2 4365/13/2
f 4364/6/2 4359/6/2 4365/6/2
f 4365/13/2 4360/13/2 4366/13/2
f 4367/9/2 4368/9/2 4371/9/2
f 4371/9/2 4368/9/2 4372/9/2
f 4372/9/2 4368/9/2 4373/9/2
f 4369/13/2 4370/13/2 4375/13/2
f 4374/13/2 4375/13/2 4376/13/2
f 4375/13/2 4370/13/2 4377/13/2
f 4376/13/2 4375/13/2 4377/13/2
f 4377/13/2 4370/13/2 4378/13/2
f 4378/7/2 4379/7/2 4380/7/2
f 4377/7/2 4378/7/2 4380/7/2
f 4380/7/2 4379/7/2 4381/7/2
f 4381/7/2 4379/7/2 4382/7/2
f 4382/7/2 4379/7/2 4383/7/2
f 4381/3/2 4382/3/2 4384/3/2
f 4384/3/2 4382/3/2 4385/3/2
f 4386/13/2 4387/13/2 4388/13/2
f 4388/13/2 4387/13/2 4389/13/2
f 4390/13/2 4391/13/2 4392/13/2
f 4390/13/2 4392/13/2 4394/13/2
f 4392/13/2 4393/13/2 4394/13/2
f 4394/13/2 4393/13/2 4395/13/2
f 4395/13/2 4393/13/2 4396/13/2
f 4397/13/2 4398/13/2 4402/13/2
f 4402/13/2 4398/13/2 4403/13/2
f 4402/9/2 4403/9/2 4404/9/2
f 4404/9/2 4403/9/2 4405/9/2
f 4400/13/2 4401/13/2 4407/13/2
f 4399/13/2 4400/13/2 4407/13/2
f 4407/13/2 4401/13/2 4408/13/2
f 4408/13/2 4401/13/2 4409/13/2
f 4404/13/2 4405/13/2 4411/13/2
f 4405/9/2 4406/9/2 4412/9/2
f 4411/13/2 4405/13/2 4412/13/2
f 4412/9/2 4406/9/2 4413/9/2
f 4409/13/2 4410/13/2 4415/13/2
f 4408/13/2 4409/13/2 4415/13/2
f 4415/13/2 4410/13/2 4416/13/2
f 4416/13/2 4410/13/2 4417/13/2
f 4417/13/2 4410/13/2 4418/13/2
f 4413/9/2 4414/9/2 4419/9/2
f 4419/9/2 4414/9/2 4420/9/2
f 4420/9/2 4414/9/2 4421/9/2
f 4408/13/2 4415/13/2 4423/13/2
f 4423/13/2 4415/13/2 4424/13/2
f 4416/13/2 4417/13/2 4425/13/2
f 4425/13/2 4417/13/2 4426/13/2
f 4421/13/2 4422/13/2 4427/13/2
f 4420/13/2 4421/13/2 4427/13/2
f 4427/13/2 4422/13/2 4428/13/2
f 4420/13/2 4427/13/2 4429/13/2
f 4429/13/2 4427/13/2 4430/13/2
f 4429/9/2 4430/9/2 4431/9/2
f 4431/9/2 4430/9/2 4432/9/2
f 4433/13/2 4434/13/2 4437/13/2
f 4437/13/2 4434/13/2 4438/13/2
f 4435/13/2 4436/13/2 4440/13/2
f 4440/13/2 4436/13/2 4441/13/2
f 4439/13/2 4440/13/2 4442/13/2
f 4442/13/2 4440/13/2 4443/13/2
f 4444/6/2 4445/6/2 4446/6/2
f 4446/6/2 4445/6/2 4447/6/2
f 4448/13/2 4449/13/2 4450/13/2
f 4450/13/2 4449/13/2 4451/13/2
f 4451/13/2 4449/13/2 4452/13/2
f 4452/13/2 4449/13/2 4453/13/2
f 4453/13/2 4449/13/2 4454/13/2
f 4455/13/2 4456/13/2 4459/13/2
f 4457/13/2 4458/13/2 4462/13/2
f 4459/13/2 4460/13/2 4463/13/2
f 4461/13/2 4462/13/2 4464/13/2
f 4462/13/2 4458/13/2 4465/13/2
f 4464/13/2 4462/13/2 4465/13/2
f 4459/13/2 4463/13/2 4466/13/2
f 4455/13/2 4459/13/2 4466/13/2
f 4463/13/2 4464/13/2 4466/13/2
f 4466/13/2 4464/13/2 4467/13/2
f 4467/13/2 4464/13/2 4468/13/2
f 4468/13/2 4464/13/2 4469/13/2
f 4467/13/2 4468/13/2 4470/13/2
f 4470/13/2 4468/13/2 4471/13/2
f 4465/13/2 4458/13/2 4473/13/2
f 4473/13/2 4458/13/2 4474/13/2
f 4471/13/2 4472/13/2 4476/13/2
f 4476/13/2 4472/13/2 4477/13/2
f 4475/13/2 4476/13/2 4479/13/2
f 4477/13/2 4478/13/2 4479/13/2
f 4476/13/2 4477/13/2 4479/13/2
f 4479/13/2 4478/13/2 4480/13/2
f 4481/13/2 4482/13/2 4483/13/2
f 4483/13/2 4482/13/2 4484/13/2
f 4484/13/2 4482/13/2 4485/13/2
f 4485/13/2 4482/13/2 4486/13/2
f 4484/13/2 4485/13/2 4487/13/2
f 4487/13/2 4485/13/2 4488/13/2
f 4488/13/2 4489/13/2 4491/13/2
f 4490/13/2 4491/13/2 4492/13/2
f 4491/13/2 4489/13/2 4493/13/2
f 4492/13/2 4491/13/2 4493/13/2
f 4493/13/2 4489/13/2 4494/13/2
f 4494/13/2 4489/13/2 4495/13/2
f 4499/11/3 4497/11/3 4496/11/3
f 4500/11/3 4497/11/3 4499/11/3
f 4503/11/3 4499/11/3 4498/11/3
f 4504/11/3 4499/11/3 4503/11/3
f 4505/11/3 4501/11/3 4500/11/3
f 4506/11/3 4501/11/3 4505/11/3
f 4508/11/3 4503/11/3 4502/11/3
f 4509/11/3 4503/11/3 4508/11/3
f 4512/11/3 4507/11/3 4506/11/3
f 4513/11/3 4507/11/3 4512/11/3
f 4514/11/3 4510/11/3 4509/11/3
f 4515/11/3 4510/11/3 4514/11/3
f 4518/11/3 4512/11/3 4511/11/3
f 4519/11/3 4512/11/3 4518/11/3
f 4520/11/3 4516/11/3 4515/11/3
f 4521/11/3 4516/11/3 4520/11/3
f 4522/11/3 4518/11/3 4517/11/3
f 4523/11/3 4518/11/3 4522/11/3
f 4524/11/3 4522/11/3 4521/11/3
f 4525/11/3 4522/11/3 4524/11/3
f 4529/10/3 4527/10/3 4526/10/3
f 4530/10/3 4527/10/3 4529/10/3
f 4533/10/3 4529/10/3 4528/10/3
f 4534/10/3 4529/10/3 4533/10/3
f 4537/10/3 4532/10/3 4531/10/3
f 4538/10/3 4532/10/3 4537/10/3
f 4539/10/3 4535/10/3 4534/10/3
f 4540/10/3 4535/10/3 4539/10/3
f 4541/10/3 4537/10/3 4536/10/3
f 4542/10/3 4537/10/3 4541/10/3
f 4543/10/3 4541/10/3 4540/10/3
f 4544/10/3 4541/10/3 4543/10/3
f 4547/13/3 4546/13/3 4545/13/3
f 4549/13/3 4547/13/3 4545/13/3
f 4549/13/3 4548/13/3 4547/13/3
f 4550/13/3 4548/13/3 4549/13/3
f 4551/13/3 4549/13/3 4545/13/3
f 4552/13/3 4549/13/3 4551/13/3
f 4553/13/3 4549/13/3 4552/13/3
f 4554/13/3 4549/13/3 4553/13/3
f 4555/13/3 4553/13/3 4552/13/3
f 4556/13/3 4553/13/3 4555/13/3
f 4559/3/3 4558/3/3 4557/3/3
f 4560/3/3 4558/3/3 4559/3/3
f 4563/11/3 4562/11/3 4561/11/3
f 4564/11/3 4562/11/3 4563/11/3
f 4567/11/3 4566/11/3 4565/11/3
f 4568/11/3 4566/11/3 4567/11/3
f 4571/2/3 4570/2/3 4569/2/3
f 4572/2/3 4570/2/3 4571/2/3
f 4577/2/3 4574/2/3 4573/2/3
f 4578/2/3 4574/2/3 4577/2/3
f 4579/6/3 4576/6/3 4575/6/3
f 4580/6/3 4576/6/3 4579/6/3
f 4583/6/3 4582/6/3 4581/6/3
f 4584/6/3 4582/6/3 4583/6/3
f 4587/11/3 4586/11/3 4585/11/3
f 4588/11/3 4586/11/3 4587/11/3
f 4591/13/3 4590/13/3 4589/13/3
f 4592/13/3 4590/13/3 4591/13/3
f 4595/11/3 4594/11/3 4593/11/3
f 4596/11/3 4594/11/3 4595/11/3
f 4600/2/3 4598/2/3 4597/2/3
f 4601/2/3 4598/2/3 4600/2/3
f 4604/2/3 4600/2/3 4599/2/3
f 4605/2/3 4600/2/3 4604/2/3
f 4606/2/3 4602/2/3 4601/2/3
f 4607/3/3 4603/3/3 4602/3/3
f 4607/2/3 4602/2/3 4606/2/3
f 4608/3/3 4603/3/3 4607/3/3
f 4609/2/3 4606/2/3 4605/2/3
f 4610/2/3 4606/2/3 4609/2/3
f 4613/2/3 4612/2/3 4611/2/3
f 4614/2/3 4612/2/3 4613/2/3
f 4619/2/3 4615/2/3 4614/2/3
f 4620/2/3 4615/2/3 4619/2/3
f 4621/2/3 4619/2/3 4618/2/3
f 4622/2/3 4619/2/3 4621/2/3
f 4624/6/3 4617/6/3 4616/6/3
f 4625/6/3 4617/6/3 4624/6/3
f 4627/6/3 4624/6/3 4623/6/3
f 4627/6/3 4626/6/3 4625/6/3
f 4627/6/3 4625/6/3 4624/6/3
f 4628/6/3 4626/6/3 4627/6/3
f 4631/6/3 4630/6/3 4629/6/3
f 4632/6/3 4630/6/3 4631/6/3
f 4633/6/3 4630/6/3 4632/6/3
f 4634/6/3 4630/6/3 4633/6/3
f 4639/5/3 4636/5/3 4635/5/3
f 4640/5/3 4636/5/3 4639/5/3
f 4643/11/3 4638/11/3 4637/11/3
f 4644/11/3 4638/11/3 4643/11/3
f 4645/5/3 4642/5/3 4641/5/3
f 4647/5/3 4646/5/3 4645/5/3
f 4647/5/3 4645/5/3 4641/5/3
f 4648/5/3 4646/5/3 4647/5/3
f 4651/3/3 4650/3/3 4649/3/3
f 4652/3/3 4650/3/3 4651/3/3
f 4655/2/3 4654/2/3 4653/2/3
f 4656/2/3 4654/2/3 4655/2/3
f 4659/2/3 4657/2/3 4656/2/3
f 4660/2/3 4657/2/3 4659/2/3
f 4663/2/3 4659/2/3 4658/2/3
f 4664/2/3 4659/2/3 4663/2/3
f 4665/6/3 4662/6/3 4661/6/3
f 4666/6/3 4662/6/3 4665/6/3
f 4669/13/3 4668/13/3 4667/13/3
f 4670/13/3 4668/13/3 4669/13/3
f 4672/6/3 4671/6/3 4670/6/3
f 4673/6/3 4671/6/3 4672/6/3
f 4676/11/3 4675/11/3 4674/11/3
f 4677/11/3 4675/11/3 4676/11/3
f 4680/5/3 4679/5/3 4678/5/3
f 4681/5/3 4679/5/3 4680/5/3
f 4687/9/3 4682/9/3 4681/9/3
f 4688/9/3 4682/9/3 4687/9/3
f 4689/13/3 4684/13/3 4683/13/3
f 4690/13/3 4684/13/3 4689/13/3
f 4693/9/3 4690/9/3 4689/9/3
f 4694/9/3 4690/9/3 4693/9/3
f 4695/5/3 4692/5/3 4691/5/3
f 4696/5/3 4692/5/3 4695/5/3
f 4697/11/3 4686/11/3 4685/11/3
f 4698/11/3 4686/11/3 4697/11/3
f 4701/3/3 4700/3/3 4699/3/3
f 4702/3/3 4700/3/3 4701/3/3
f 4705/13/3 4704/13/3 4703/13/3
f 4706/13/3 4704/13/3 4705/13/3
f 4710/9/3 4708/9/3 4707/9/3
f 4711/9/3 4708/9/3 4710/9/3
f 4713/13/3 4710/13/3 4709/13/3
f 4713/13/3 4711/13/3 4710/13/3
f 4714/13/3 4711/13/3 4713/13/3
f 4715/9/3 4712/9/3 4711/9/3
f 4715/13/3 4711/13/3 4714/13/3
f 4716/9/3 4712/9/3 4715/9/3
f 4721/13/3 4718/13/3 4717/13/3
f 4722/13/3 4718/13/3 4721/13/3
f 4723/6/3 4720/6/3 4719/6/3
f 4724/6/3 4720/6/3 4723/6/3
f 4727/11/3 4726/11/3 4725/11/3
f 4728/11/3 4726/11/3 4727/11/3
f 4731/13/3 4730/13/3 4729/13/3
f 4732/13/3 4730/13/3 4731/13/3
f 4735/9/3 4734/9/3 4733/9/3
f 4736/9/3 4734/9/3 4735/9/3
f 4740/13/3 4737/13/3 4736/13/3
f 4741/13/3 4737/13/3 4740/13/3
f 4742/11/3 4739/11/3 4738/11/3
f 4743/11/3 4739/11/3 4742/11/3
f 4748/3/3 4745/3/3 4744/3/3
f 4749/3/3 4745/3/3 4748/3/3
f 4750/13/3 4747/13/3 4746/13/3
f 4751/13/3 4747/13/3 4750/13/3
f 4752/9/3 4751/9/3 4750/9/3
f 4753/9/3 4751/9/3 4752/9/3
f 4755/13/3 4754/13/3 4753/13/3
f 4756/13/3 4754/13/3 4755/13/3
f 4759/13/3 4758/13/3 4757/13/3
f 4760/13/3 4758/13/3 4759/13/3
f 4763/13/3 4762/13/3 4761/13/3
f 4764/13/3 4762/13/3 4763/13/3
f 4767/11/3 4766/11/3 4765/11/3
f 4768/11/3 4766/11/3 4767/11/3
f 4773/9/3 4770/9/3 4769/9/3
f 4774/9/3 4770/9/3 4773/9/3
f 4777/5/3 4772/5/3 4771/5/3
f 4778/5/3 4772/5/3 4777/5/3
f 4779/13/3 4776/13/3 4775/13/3
f 4780/13/3 4776/13/3 4779/13/3
f 4783/9/3 4780/9/3 4779/9/3
f 4784/9/3 4780/9/3 4783/9/3
f 4785/5/3 4782/5/3 4781/5/3
f 4786/5/3 4782/5/3 4785/5/3
f 4790/11/3 4788/11/3 4787/11/3
f 4790/11/3 4789/11/3 4788/11/3
f 4791/11/3 4789/11/3 4790/11/3
f 4795/11/3 4793/11/3 4792/11/3
f 4795/11/3 4794/11/3 4793/11/3
f 4796/11/3 4794/11/3 4795/11/3
f 4803/9/3 4798/9/3 4797/9/3
f 4804/9/3 4798/9/3 4803/9/3
f 4807/1/3 4800/1/3 4799/1/3
f 4808/1/3 4800/1/3 4807/1/3
f 4809/3/3 4802/3/3 4801/3/3
f 4810/3/3 4802/3/3 4809/3/3
f 4811/9/3 4806/9/3 4805/9/3
f 4812/9/3 4806/9/3 4811/9/3
f 4813/1/3 4807/1/3 4799/1/3
f 4814/3/3 4808/3/3 4807/3/3
f 4814/1/3 4807/1/3 4813/1/3
f 4815/3/3 4808/3/3 4814/3/3
f 4816/13/3 4812/13/3 4811/13/3
f 4817/13/3 4812/13/3 4816/13/3
f 4819/13/3 4812/13/3 4817/13/3
f 4820/13/3 4812/13/3 4819/13/3
f 4823/9/3 4819/9/3 4818/9/3
f 4824/9/3 4819/9/3 4823/9/3
f 4825/6/3 4822/6/3 4821/6/3
f 4829/6/3 4826/6/3 4825/6/3
f 4829/6/3 4825/6/3 4821/6/3
f 4830/6/3 4826/6/3 4829/6/3
f 4831/13/3 4828/13/3 4827/13/3
f 4832/13/3 4828/13/3 4831/13/3
f 4837/5/3 4834/5/3 4833/5/3
f 4838/5/3 4834/5/3 4837/5/3
f 4842/13/3 4836/13/3 4835/13/3
f 4843/13/3 4836/13/3 4842/13/3
f 4844/11/3 4841/11/3 4840/11/3
f 4844/11/3 4840/11/3 4839/11/3
f 4845/11/3 4841/11/3 4844/11/3
f 4849/11/3 4847/11/3 4846/11/3
f 4849/11/3 4848/11/3 4847/11/3
f 4850/11/3 4848/11/3 4849/11/3
f 4854/8/3 4852/8/3 4851/8/3
f 4855/10/3 4853/10/3 4852/10/3
f 4855/8/3 4852/8/3 4854/8/3
f 4856/10/3 4853/10/3 4855/10/3
f 4857/6/3 4855/6/3 4854/6/3
f 4858/6/3 4855/6/3 4857/6/3
f 4859/8/3 4856/8/3 4855/8/3
f 4859/6/3 4855/6/3 4858/6/3
f 4860/8/3 4856/8/3 4859/8/3
f 4863/8/3 4859/8/3 4858/8/3
f 4864/10/3 4860/10/3 4859/10/3
f 4864/8/3 4859/8/3 4863/8/3
f 4865/10/3 4860/10/3 4864/10/3
f 4866/3/3 4862/3/3 4861/3/3
f 4867/3/3 4862/3/3 4866/3/3
f 4871/8/3 4869/8/3 4868/8/3
f 4872/10/3 4870/10/3 4869/10/3
f 4872/8/3 4869/8/3 4871/8/3
f 4873/10/3 4870/10/3 4872/10/3
f 4884/3/3 4875/3/3 4874/3/3
f 4885/3/3 4875/3/3 4884/3/3
f 4886/13/3 4877/13/3 4876/13/3
f 4887/9/3 4878/9/3 4877/9/3
f 4887/13/3 4877/13/3 4886/13/3
f 4888/9/3 4878/9/3 4887/9/3
f 4889/1/3 4880/1/3 4879/1/3
f 4890/1/3 4880/1/3 4889/1/3
f 4891/9/3 4882/9/3 4881/9/3
f 4892/9/3 4882/9/3 4891/9/3
f 4893/6/3 4872/6/3 4871/6/3
f 4894/8/3 4873/8/3 4872/8/3
f 4894/6/3 4872/6/3 4893/6/3
f 4895/8/3 4873/8/3 4894/8/3
f 4896/3/3 4884/3/3 4883/3/3
f 4897/3/3 4884/3/3 4896/3/3
f 4902/3/3 4890/3/3 4889/3/3
f 4903/3/3 4890/3/3 4902/3/3
f 4904/9/3 4891/9/3 4881/9/3
f 4905/9/3 4891/9/3 4904/9/3
f 4906/8/3 4894/8/3 4893/8/3
f 4907/10/3 4895/10/3 4894/10/3
f 4907/8/3 4894/8/3 4906/8/3
f 4908/10/3 4895/10/3 4907/10/3
f 4911/1/3 4901/1/3 4900/1/3
f 4911/1/3 4903/1/3 4902/1/3
f 4911/7/3 4900/7/3 4899/7/3
f 4911/1/3 4902/1/3 4901/1/3
f 4912/1/3 4903/1/3 4911/1/3
f 4913/13/3 4899/13/3 4898/13/3
f 4914/13/3 4899/13/3 4913/13/3
f 4916/13/3 4910/13/3 4909/13/3
f 4917/13/3 4910/13/3 4916/13/3
f 4918/13/3 4899/13/3 4914/13/3
f 4919/7/3 4911/7/3 4899/7/3
f 4919/13/3 4899/13/3 4918/13/3
f 4920/7/3 4911/7/3 4919/7/3
f 4925/6/3 4922/6/3 4921/6/3
f 4926/6/3 4922/6/3 4925/6/3
f 4928/9/3 4924/9/3 4923/9/3
f 4929/9/3 4924/9/3 4928/9/3
f 4931/6/3 4927/6/3 4926/6/3
f 4932/6/3 4927/6/3 4931/6/3
f 4933/13/3 4916/13/3 4915/13/3
f 4934/13/3 4916/13/3 4933/13/3
f 4936/13/3 4929/13/3 4928/13/3
f 4937/13/3 4929/13/3 4936/13/3
f 4938/6/3 4931/6/3 4930/6/3
f 4939/6/3 4931/6/3 4938/6/3
f 4940/6/3 4935/6/3 4934/6/3
f 4940/6/3 4934/6/3 4933/6/3
f 4940/13/3 4936/13/3 4935/13/3
f 4941/13/3 4936/13/3 4940/13/3
f 4942/6/3 4940/6/3 4933/6/3
f 4943/6/3 4940/6/3 4942/6/3
f 4948/5/3 4945/5/3 4944/5/3
f 4949/5/3 4945/5/3 4948/5/3
f 4950/13/3 4947/13/3 4946/13/3
f 4951/13/3 4947/13/3 4950/13/3
f 4957/13/3 4953/13/3 4952/13/3
f 4958/9/3 4954/9/3 4953/9/3
f 4958/13/3 4953/13/3 4957/13/3
f 4959/9/3 4954/9/3 4958/9/3
f 4960/9/3 4956/9/3 4955/9/3
f 4961/9/3 4956/9/3 4960/9/3
f 4963/5/3 4962/5/3 4961/5/3
f 4964/5/3 4962/5/3 4963/5/3
f 4967/11/3 4966/11/3 4965/11/3
f 4968/11/3 4966/11/3 4967/11/3
f 4972/10/3 4970/10/3 4969/10/3
f 4973/10/3 4970/10/3 4972/10/3
f 4974/10/3 4972/10/3 4971/10/3
f 4977/10/3 4974/10/3 4971/10/3
f 4978/10/3 4974/10/3 4977/10/3
f 4980/10/3 4976/10/3 4975/10/3
f 4981/10/3 4976/10/3 4980/10/3
f 4984/8/3 4979/8/3 4978/8/3
f 4985/8/3 4979/8/3 4984/8/3
f 4987/3/3 4981/3/3 4980/3/3
f 4988/3/3 4981/3/3 4987/3/3
f 4990/3/3 4983/3/3 4982/3/3
f 4991/13/3 4985/13/3 4984/13/3
f 4992/3/3 4986/3/3 4985/3/3
f 4992/13/3 4985/13/3 4991/13/3
f 4993/13/3 4987/13/3 4986/13/3
f 4993/3/3 4986/3/3 4992/3/3
f 4994/3/3 4989/3/3 4988/3/3
f 4994/13/3 4987/13/3 4993/13/3
f 4994/3/3 4988/3/3 4987/3/3
f 4995/3/3 4990/3/3 4982/3/3
f 4996/3/3 4990/3/3 4995/3/3
f 4997/3/3 4992/3/3 4991/3/3
f 4998/13/3 4993/13/3 4992/13/3
f 4998/3/3 4992/3/3 4997/3/3
f 4999/13/3 4998/13/3 4997/13/3
f 5000/13/3 4993/13/3 4998/13/3
f 5000/13/3 4998/13/3 4999/13/3
f 5001/3/3 5000/3/3 4999/3/3
f 5002/13/3 4993/13/3 5000/13/3
f 5002/3/3 5000/3/3 5001/3/3
f 5003/13/3 5002/13/3 5001/13/3
f 5004/13/3 4993/13/3 5002/13/3
f 5004/13/3 5002/13/3 5003/13/3
f 5007/3/3 5004/3/3 5003/3/3
f 5008/13/3 4993/13/3 5004/13/3
f 5008/3/3 5004/3/3 5007/3/3
f 5009/3/3 4994/3/3 4993/3/3
f 5009/13/3 4993/13/3 5008/13/3
f 5010/3/3 4989/3/3 4994/3/3
f 5010/3/3 4994/3/3 5009/3/3
f 5014/13/3 5008/13/3 5007/13/3
f 5015/3/3 5009/3/3 5008/3/3
f 5015/13/3 5008/13/3 5014/13/3
f 5016/13/3 5010/13/3 5009/13/3
f 5016/3/3 5009/3/3 5015/3/3
f 5017/3/3 4989/3/3 5010/3/3
f 5017/13/3 5010/13/3 5016/13/3
f 5018/3/3 4989/3/3 5017/3/3
f 5019/3/3 4989/3/3 5018/3/3
f 5027/9/3 5006/9/3 5005/9/3
f 5028/9/3 5006/9/3 5027/9/3
f 5029/10/3 5014/10/3 5013/10/3
f 5030/3/3 5018/3/3 5017/3/3
f 5031/3/3 5018/3/3 5030/3/3
f 5032/3/3 5021/3/3 5020/3/3
f 5033/3/3 5021/3/3 5032/3/3
f 5040/7/3 5023/7/3 5022/7/3
f 5041/7/3 5023/7/3 5040/7/3
f 5042/3/3 5012/3/3 5011/3/3
f 5043/3/3 5012/3/3 5042/3/3
f 5044/3/3 5025/3/3 5024/3/3
f 5045/13/3 5028/13/3 5027/13/3
f 5046/13/3 5028/13/3 5045/13/3
f 5047/13/3 5035/13/3 5034/13/3
f 5048/13/3 5035/13/3 5047/13/3
f 5049/9/3 5037/9/3 5036/9/3
f 5050/9/3 5037/9/3 5049/9/3
f 5052/13/3 5039/13/3 5038/13/3
f 5053/3/3 5044/3/3 5043/3/3
f 5053/3/3 5043/3/3 5042/3/3
f 5054/7/3 5026/7/3 5025/7/3
f 5054/3/3 5044/3/3 5053/3/3
f 5054/3/3 5025/3/3 5044/3/3
f 5055/7/3 5026/7/3 5054/7/3
f 5058/10/3 5029/10/3 5013/10/3
f 5059/10/3 5029/10/3 5058/10/3
f 5060/10/3 5031/10/3 5030/10/3
f 5061/10/3 5031/10/3 5060/10/3
f 5065/13/3 5052/13/3 5051/13/3
f 5066/13/3 5039/13/3 5052/13/3
f 5066/7/3 5040/7/3 5039/7/3
f 5066/13/3 5052/13/3 5065/13/3
f 5067/7/3 5040/7/3 5066/7/3
f 5068/3/3 5054/3/3 5053/3/3
f 5069/3/3 5054/3/3 5068/3/3
f 5070/3/3 5054/3/3 5069/3/3
f 5072/9/3 5057/9/3 5056/9/3
f 5073/9/3 5057/9/3 5072/9/3
f 5076/13/3 5063/13/3 5062/13/3
f 5077/13/3 5063/13/3 5076/13/3
f 5078/13/3 5065/13/3 5064/13/3
f 5079/13/3 5065/13/3 5078/13/3
f 5082/3/3 5069/3/3 5068/3/3
f 5083/3/3 5069/3/3 5082/3/3
f 5084/9/3 5072/9/3 5071/9/3
f 5085/13/3 5073/13/3 5072/13/3
f 5085/9/3 5072/9/3 5084/9/3
f 5086/13/3 5073/13/3 5085/13/3
f 5087/10/3 5075/10/3 5074/10/3
f 5088/10/3 5075/10/3 5087/10/3
f 5093/1/3 5081/1/3 5080/1/3
f 5094/1/3 5081/1/3 5093/1/3
f 5095/3/3 5069/3/3 5083/3/3
f 5096/3/3 5069/3/3 5095/3/3
f 5097/13/3 5090/13/3 5089/13/3
f 5098/13/3 5090/13/3 5097/13/3
f 5099/13/3 5092/13/3 5091/13/3
f 5100/13/3 5092/13/3 5099/13/3
f 5106/6/3 5102/6/3 5101/6/3
f 5107/6/3 5102/6/3 5106/6/3
f 5108/13/3 5104/13/3 5103/13/3
f 5109/13/3 5104/13/3 5108/13/3
f 5110/6/3 5106/6/3 5105/6/3
f 5111/6/3 5106/6/3 5110/6/3
f 5115/11/3 5113/11/3 5112/11/3
f 5115/11/3 5114/11/3 5113/11/3
f 5116/11/3 5114/11/3 5115/11/3
f 5117/11/3 5114/11/3 5116/11/3
f 5119/11/3 5118/11/3 5117/11/3
f 5119/11/3 5117/11/3 5116/11/3
f 5120/11/3 5118/11/3 5119/11/3
f 5123/11/3 5118/11/3 5120/11/3
f 5124/11/3 5118/11/3 5123/11/3
f 5125/11/3 5122/11/3 5121/11/3
f 5126/11/3 5122/11/3 5125/11/3
f 5130/5/3 5128/5/3 5127/5/3
f 5130/5/3 5129/5/3 5128/5/3
f 5131/5/3 5129/5/3 5130/5/3
f 5132/5/3 5129/5/3 5131/5/3
f 5133/5/3 5129/5/3 5132/5/3
f 5136/13/3 5133/13/3 5132/13/3
f 5137/13/3 5133/13/3 5136/13/3
f 5141/9/3 5135/9/3 5134/9/3
f 5142/9/3 5135/9/3 5141/9/3
f 5147/9/3 5139/9/3 5138/9/3
f 5148/13/3 5140/13/3 5139/13/3
f 5148/9/3 5139/9/3 5147/9/3
f 5149/13/3 5140/13/3 5148/13/3
f 5152/5/3 5144/5/3 5143/5/3
f 5153/5/3 5144/5/3 5152/5/3
f 5154/11/3 5146/11/3 5145/11/3
f 5157/13/3 5148/13/3 5147/13/3
f 5158/9/3 5149/9/3 5148/9/3
f 5158/13/3 5148/13/3 5157/13/3
f 5159/13/3 5150/13/3 5149/13/3
f 5159/9/3 5149/9/3 5158/9/3
f 5160/11/3 5151/11/3 5150/11/3
f 5160/13/3 5150/13/3 5159/13/3
f 5161/11/3 5151/11/3 5160/11/3
f 5162/11/3 5146/11/3 5154/11/3
f 5163/11/3 5146/11/3 5162/11/3
f 5164/5/3 5156/5/3 5155/5/3
f 5165/5/3 5156/5/3 5164/5/3
f 5168/12/3 5167/12/3 5166/12/3
f 5169/12/3 5167/12/3 5168/12/3
f 5174/1/3 5169/1/3 5168/1/3
f 5175/1/3 5169/1/3 5174/1/3
f 5176/3/3 5170/3/3 5169/3/3
f 5176/1/3 5169/1/3 5175/1/3
f 5179/1/3 5174/1/3 5173/1/3
f 5179/1/3 5175/1/3 5174/1/3
f 5180/3/3 5176/3/3 5175/3/3
f 5180/1/3 5175/1/3 5179/1/3
f 5181/3/3 5178/3/3 5177/3/3
f 5182/3/3 5178/3/3 5181/3/3
f 5184/3/3 5182/3/3 5181/3/3
f 5184/3/3 5183/3/3 5182/3/3
f 5185/3/3 5183/3/3 5184/3/3
f 5188/1/3 5179/1/3 5173/1/3
f 5188/12/3 5173/12/3 5172/12/3
f 5189/1/3 5179/1/3 5188/1/3
f 5190/3/3 5170/3/3 5176/3/3
f 5190/3/3 5176/3/3 5180/3/3
f 5190/3/3 5180/3/3 5179/3/3
f 5192/3/3 5187/3/3 5186/3/3
f 5193/3/3 5187/3/3 5192/3/3
f 5194/3/3 5172/3/3 5171/3/3
f 5194/12/3 5188/12/3 5172/12/3
f 5195/3/3 5189/3/3 5188/3/3
f 5195/12/3 5188/12/3 5194/12/3
f 5196/1/3 5179/1/3 5189/1/3
f 5196/3/3 5189/3/3 5195/3/3
f 5197/3/3 5195/3/3 5194/3/3
f 5197/3/3 5194/3/3 5171/3/3
f 5198/7/3 5196/7/3 5195/7/3
f 5198/3/3 5195/3/3 5197/3/3
f 5199/1/3 5179/1/3 5196/1/3
f 5199/7/3 5196/7/3 5198/7/3
f 5200/3/3 5190/3/3 5179/3/3
f 5200/1/3 5179/1/3 5199/1/3
f 5201/3/3 5190/3/3 5200/3/3
f 5202/4/3 5191/4/3 5190/4/3
f 5202/3/3 5190/3/3 5201/3/3
f 5203/4/3 5191/4/3 5202/4/3
f 5204/12/3 5198/12/3 5197/12/3
f 5204/12/3 5199/12/3 5198/12/3
f 5205/12/3 5199/12/3 5204/12/3
f 5206/7/3 5201/7/3 5200/7/3
f 5206/12/3 5199/12/3 5205/12/3
f 5206/7/3 5200/7/3 5199/7/3
f 5207/7/3 5201/7/3 5206/7/3
f 5208/12/3 5202/12/3 5201/12/3
f 5208/7/3 5201/7/3 5207/7/3
f 5209/12/3 5202/12/3 5208/12/3
f 5210/4/3 5191/4/3 5203/4/3
f 5211/3/3 5205/3/3 5204/3/3
f 5212/7/3 5206/7/3 5205/7/3
f 5212/3/3 5205/3/3 5211/3/3
f 5213/1/3 5207/1/3 5206/1/3
f 5213/7/3 5206/7/3 5212/7/3
f 5218/3/3 5209/3/3 5208/3/3
f 5218/4/3 5210/4/3 5209/4/3
f 5218/3/3 5208/3/3 5207/3/3
f 5219/4/3 5191/4/3 5210/4/3
f 5219/4/3 5210/4/3 5218/4/3
f 5225/7/3 5215/7/3 5214/7/3
f 5226/7/3 5215/7/3 5225/7/3
f 5230/9/3 5217/9/3 5216/9/3
f 5231/9/3 5217/9/3 5230/9/3
f 5232/12/3 5212/12/3 5211/12/3
f 5232/3/3 5213/3/3 5212/3/3
f 5233/1/3 5207/1/3 5213/1/3
f 5233/3/3 5213/3/3 5232/3/3
f 5234/3/3 5218/3/3 5207/3/3
f 5234/1/3 5207/1/3 5233/1/3
f 5235/3/3 5218/3/3 5234/3/3
f 5236/4/3 5191/4/3 5219/4/3
f 5237/4/3 5191/4/3 5236/4/3
f 5239/3/3 5183/3/3 5185/3/3
f 5240/3/3 5221/3/3 5220/3/3
f 5241/3/3 5221/3/3 5240/3/3
f 5242/13/3 5223/13/3 5222/13/3
f 5243/13/3 5223/13/3 5242/13/3
f 5244/7/3 5225/7/3 5224/7/3
f 5245/7/3 5225/7/3 5244/7/3
f 5246/3/3 5227/3/3 5226/3/3
f 5247/3/3 5227/3/3 5246/3/3
f 5249/9/3 5229/9/3 5228/9/3
f 5250/9/3 5229/9/3 5249/9/3
f 5251/13/3 5231/13/3 5230/13/3
f 5252/13/3 5231/13/3 5251/13/3
f 5254/3/3 5239/3/3 5238/3/3
f 5257/9/3 5243/9/3 5242/9/3
f 5258/13/3 5223/13/3 5243/13/3
f 5258/9/3 5243/9/3 5257/9/3
f 5259/13/3 5223/13/3 5258/13/3
f 5260/3/3 5245/3/3 5244/3/3
f 5261/3/3 5245/3/3 5260/3/3
f 5262/3/3 5246/3/3 5226/3/3
f 5263/3/3 5246/3/3 5262/3/3
f 5264/13/3 5250/13/3 5249/13/3
f 5264/13/3 5249/13/3 5248/13/3
f 5265/13/3 5250/13/3 5264/13/3
f 5266/13/3 5253/13/3 5252/13/3
f 5266/13/3 5252/13/3 5251/13/3
f 5267/13/3 5253/13/3 5266/13/3
f 5268/13/3 5253/13/3 5267/13/3
f 5269/3/3 5239/3/3 5254/3/3
f 5269/3/3 5183/3/3 5239/3/3
f 5270/3/3 5183/3/3 5269/3/3
f 5271/9/3 5256/9/3 5255/9/3
f 5272/9/3 5256/9/3 5271/9/3
f 5274/13/3 5264/13/3 5248/13/3
f 5275/13/3 5253/13/3 5268/13/3
f 5275/9/3 5268/9/3 5267/9/3
f 5276/13/3 5253/13/3 5275/13/3
f 5277/3/3 5269/3/3 5254/3/3
f 5278/3/3 5269/3/3 5277/3/3
f 5282/7/3 5274/7/3 5273/7/3
f 5283/13/3 5264/13/3 5274/13/3
f 5283/7/3 5274/7/3 5282/7/3
f 5284/13/3 5267/13/3 5266/13/3
f 5285/9/3 5275/9/3 5267/9/3
f 5285/13/3 5267/13/3 5284/13/3
f 5286/9/3 5275/9/3 5285/9/3
f 5287/3/3 5211/3/3 5204/3/3
f 5288/12/3 5232/12/3 5211/12/3
f 5288/3/3 5211/3/3 5287/3/3
f 5289/1/3 5233/1/3 5232/1/3
f 5289/12/3 5232/12/3 5288/12/3
f 5289/1/3 5234/1/3 5233/1/3
f 5289/1/3 5235/1/3 5234/1/3
f 5290/3/3 5218/3/3 5235/3/3
f 5290/1/3 5235/1/3 5289/1/3
f 5291/3/3 5218/3/3 5290/3/3
f 5292/3/3 5282/3/3 5281/3/3
f 5293/3/3 5282/3/3 5292/3/3
f 5294/13/3 5264/13/3 5283/13/3
f 5295/13/3 5264/13/3 5294/13/3
f 5297/13/3 5285/13/3 5284/13/3
f 5298/13/3 5285/13/3 5297/13/3
f 5299/13/3 5280/13/3 5279/13/3
f 5300/13/3 5280/13/3 5299/13/3
f 5301/9/3 5296/9/3 5295/9/3
f 5302/13/3 5297/13/3 5296/13/3
f 5302/9/3 5296/9/3 5301/9/3
f 5303/13/3 5297/13/3 5302/13/3
f 5307/6/3 5305/6/3 5304/6/3
f 5308/6/3 5305/6/3 5307/6/3
f 5309/6/3 5307/6/3 5306/6/3
f 5310/6/3 5307/6/3 5309/6/3
f 5314/6/3 5311/6/3 5310/6/3
f 5315/6/3 5311/6/3 5314/6/3
f 5316/6/3 5313/6/3 5312/6/3
f 5317/6/3 5313/6/3 5316/6/3
f 5322/6/3 5318/6/3 5317/6/3
f 5323/6/3 5318/6/3 5322/6/3
f 5324/13/3 5321/13/3 5320/13/3
f 5324/13/3 5320/13/3 5319/13/3
f 5325/13/3 5321/13/3 5324/13/3
f 5328/11/3 5327/11/3 5326/11/3
f 5329/11/3 5327/11/3 5328/11/3
f 5332/11/3 5331/11/3 5330/11/3
f 5333/11/3 5331/11/3 5332/11/3
f 5341/13/3 5335/13/3 5334/13/3
f 5342/7/3 5336/7/3 5335/7/3
f 5342/13/3 5335/13/3 5341/13/3
f 5343/7/3 5336/7/3 5342/7/3
f 5344/11/3 5338/11/3 5337/11/3
f 5345/11/3 5338/11/3 5344/11/3
f 5346/13/3 5340/13/3 5339/13/3
f 5347/13/3 5340/13/3 5346/13/3
f 5353/5/3 5347/5/3 5346/5/3
f 5354/13/3 5348/13/3 5347/13/3
f 5354/5/3 5347/5/3 5353/5/3
f 5354/13/3 5349/13/3 5348/13/3
f 5354/13/3 5350/13/3 5349/13/3
f 5355/7/3 5352/7/3 5351/7/3
f 5355/13/3 5350/13/3 5354/13/3
f 5355/7/3 5351/7/3 5350/7/3
f 5360/7/3 5352/7/3 5355/7/3
f 5361/7/3 5352/7/3 5360/7/3
f 5363/13/3 5357/13/3 5356/13/3
f 5364/12/3 5358/12/3 5357/12/3
f 5364/13/3 5357/13/3 5363/13/3
f 5365/12/3 5358/12/3 5364/12/3
f 5366/12/3 5360/12/3 5359/12/3
f 5367/12/3 5360/12/3 5366/12/3
f 5370/12/3 5363/12/3 5362/12/3
f 5370/12/3 5364/12/3 5363/12/3
f 5371/1/3 5365/1/3 5364/1/3
f 5371/12/3 5364/12/3 5370/12/3
f 5372/1/3 5365/1/3 5371/1/3
f 5377/7/3 5374/7/3 5373/7/3
f 5378/7/3 5374/7/3 5377/7/3
f 5380/3/3 5376/3/3 5375/3/3
f 5381/3/3 5376/3/3 5380/3/3
f 5383/4/3 5379/4/3 5378/4/3
f 5387/3/3 5378/3/3 5377/3/3
f 5388/4/3 5383/4/3 5378/4/3
f 5388/3/3 5378/3/3 5387/3/3
f 5388/4/3 5384/4/3 5383/4/3
f 5389/4/3 5384/4/3 5388/4/3
f 5390/4/3 5384/4/3 5389/4/3
f 5391/3/3 5386/3/3 5385/3/3
f 5392/3/3 5369/3/3 5368/3/3
f 5393/3/3 5369/3/3 5392/3/3
f 5394/4/3 5390/4/3 5389/4/3
f 5395/3/3 5391/3/3 5385/3/3
f 5396/3/3 5391/3/3 5395/3/3
f 5397/12/3 5393/12/3 5392/12/3
f 5400/4/3 5394/4/3 5389/4/3
f 5403/12/3 5397/12/3 5392/12/3
f 5404/13/3 5399/13/3 5398/13/3
f 5405/13/3 5399/13/3 5404/13/3
f 5406/4/3 5400/4/3 5389/4/3
f 5407/13/3 5402/13/3 5401/13/3
f 5411/12/3 5403/12/3 5392/12/3
f 5412/12/3 5403/12/3 5411/12/3
f 5413/4/3 5406/4/3 5389/4/3
f 5418/13/3 5407/13/3 5401/13/3
f 5418/13/3 5408/13/3 5407/13/3
f 5419/13/3 5408/13/3 5418/13/3
f 5421/7/3 5410/7/3 5409/7/3
f 5422/7/3 5410/7/3 5421/7/3
f 5425/4/3 5413/4/3 5389/4/3
f 5426/4/3 5413/4/3 5425/4/3
f 5427/3/3 5415/3/3 5414/3/3
f 5428/3/3 5415/3/3 5427/3/3
f 5429/7/3 5417/7/3 5416/7/3
f 5430/7/3 5417/7/3 5429/7/3
f 5433/13/3 5420/13/3 5419/13/3
f 5433/13/3 5419/13/3 5418/13/3
f 5434/13/3 5420/13/3 5433/13/3
f 5435/13/3 5420/13/3 5434/13/3
f 5436/13/3 5420/13/3 5435/13/3
f 5437/3/3 5424/3/3 5423/3/3
f 5445/7/3 5431/7/3 5430/7/3
f 5446/7/3 5431/7/3 5445/7/3
f 5447/13/3 5432/13/3 5431/13/3
f 5447/7/3 5431/7/3 5446/7/3
f 5448/13/3 5432/13/3 5447/13/3
f 5449/13/3 5434/13/3 5433/13/3
f 5450/9/3 5435/9/3 5434/9/3
f 5450/13/3 5434/13/3 5449/13/3
f 5451/9/3 5435/9/3 5450/9/3
f 5453/3/3 5437/3/3 5423/3/3
f 5454/4/3 5438/4/3 5437/4/3
f 5454/3/3 5437/3/3 5453/3/3
f 5455/4/3 5438/4/3 5454/4/3
f 5456/3/3 5382/3/3 5381/3/3
f 5457/3/3 5382/3/3 5456/3/3
f 5458/9/3 5440/9/3 5439/9/3
f 5459/9/3 5440/9/3 5458/9/3
f 5460/13/3 5442/13/3 5441/13/3
f 5461/13/3 5442/13/3 5460/13/3
f 5463/13/3 5444/13/3 5443/13/3
f 5464/13/3 5444/13/3 5463/13/3
f 5467/13/3 5462/13/3 5461/13/3
f 5469/13/3 5452/13/3 5451/13/3
f 5470/13/3 5452/13/3 5469/13/3
f 5471/13/3 5452/13/3 5470/13/3
f 5472/3/3 5412/3/3 5411/3/3
f 5473/3/3 5412/3/3 5472/3/3
f 5474/7/3 5454/7/3 5453/7/3
f 5475/7/3 5454/7/3 5474/7/3
f 5476/9/3 5466/9/3 5465/9/3
f 5477/9/3 5466/9/3 5476/9/3
f 5478/13/3 5467/13/3 5461/13/3
f 5479/13/3 5467/13/3 5478/13/3
f 5482/13/3 5469/13/3 5468/13/3
f 5482/13/3 5470/13/3 5469/13/3
f 5483/13/3 5470/13/3 5482/13/3
f 5490/7/3 5481/7/3 5480/7/3
f 5491/7/3 5481/7/3 5490/7/3
f 5493/13/3 5470/13/3 5483/13/3
f 5494/13/3 5470/13/3 5493/13/3
f 5495/3/3 5485/3/3 5484/3/3
f 5496/1/3 5487/1/3 5486/1/3
f 5496/3/3 5485/3/3 5495/3/3
f 5496/1/3 5486/1/3 5485/1/3
f 5497/3/3 5488/3/3 5487/3/3
f 5497/1/3 5487/1/3 5496/1/3
f 5498/12/3 5489/12/3 5488/12/3
f 5498/3/3 5488/3/3 5497/3/3
f 5499/12/3 5489/12/3 5498/12/3
f 5502/13/3 5492/13/3 5491/13/3
f 5503/13/3 5492/13/3 5502/13/3
f 5504/13/3 5501/13/3 5500/13/3
f 5505/13/3 5501/13/3 5504/13/3
f 5508/6/3 5507/6/3 5506/6/3
f 5509/6/3 5507/6/3 5508/6/3
f 5511/6/3 5510/6/3 5509/6/3
f 5512/6/3 5510/6/3 5511/6/3
f 5516/6/3 5512/6/3 5511/6/3
f 5516/6/3 5513/6/3 5512/6/3
f 5517/6/3 5513/6/3 5516/6/3
f 5518/13/3 5515/13/3 5514/13/3
f 5520/13/3 5519/13/3 5518/13/3
f 5520/13/3 5518/13/3 5514/13/3
f 5521/13/3 5519/13/3 5520/13/3
f 5526/11/3 5523/11/3 5522/11/3
f 5527/11/3 5523/11/3 5526/11/3
f 5528/5/3 5525/5/3 5524/5/3
f 5529/5/3 5525/5/3 5528/5/3
f 5532/11/3 5531/11/3 5530/11/3
f 5533/11/3 5531/11/3 5532/11/3
f 5539/3/3 5535/3/3 5534/3/3
f 5540/5/3 5536/5/3 5535/5/3
f 5540/3/3 5535/3/3 5539/3/3
f 5541/5/3 5536/5/3 5540/5/3
f 5542/11/3 5538/11/3 5537/11/3
f 5543/11/3 5538/11/3 5542/11/3
f 5546/13/3 5545/13/3 5544/13/3
f 5547/13/3 5545/13/3 5546/13/3
f 5550/7/3 5549/7/3 5548/7/3
f 5551/7/3 5549/7/3 5550/7/3
f 5557/12/3 5555/12/3 5554/12/3
f 5558/4/3 5556/4/3 5555/4/3
f 5558/12/3 5555/12/3 5557/12/3
f 5559/4/3 5556/4/3 5558/4/3
f 5561/4/3 5559/4/3 5558/4/3
f 5562/3/3 5560/3/3 5559/3/3
f 5562/4/3 5559/4/3 5561/4/3
f 5563/3/3 5560/3/3 5562/3/3
f 5566/3/3 5565/3/3 5564/3/3
f 5568/12/3 5553/12/3 5552/12/3
f 5569/12/3 5553/12/3 5568/12/3
f 5570/3/3 5567/3/3 5566/3/3
f 5570/3/3 5566/3/3 5564/3/3
f 5571/3/3 5567/3/3 5570/3/3
f 5572/3/3 5569/3/3 5568/3/3
f 5573/3/3 5569/3/3 5572/3/3
f 5578/7/3 5573/7/3 5572/7/3
f 5579/7/3 5573/7/3 5578/7/3
f 5582/13/3 5575/13/3 5574/13/3
f 5583/13/3 5575/13/3 5582/13/3
f 5586/3/3 5577/3/3 5576/3/3
f 5587/3/3 5577/3/3 5586/3/3
f 5588/3/3 5577/3/3 5587/3/3
f 5589/3/3 5579/3/3 5578/3/3
f 5590/3/3 5579/3/3 5589/3/3
f 5591/3/3 5570/3/3 5564/3/3
f 5594/13/3 5581/13/3 5580/13/3
f 5595/13/3 5581/13/3 5594/13/3
f 5596/13/3 5583/13/3 5582/13/3
f 5596/13/3 5584/13/3 5583/13/3
f 5597/13/3 5584/13/3 5596/13/3
f 5598/7/3 5585/7/3 5584/7/3
f 5599/7/3 5585/7/3 5598/7/3
f 5601/7/3 5588/7/3 5587/7/3
f 5602/7/3 5588/7/3 5601/7/3
f 5605/3/3 5591/3/3 5564/3/3
f 5608/13/3 5593/13/3 5592/13/3
f 5609/13/3 5593/13/3 5608/13/3
f 5611/13/3 5584/13/3 5597/13/3
f 5612/3/3 5601/3/3 5600/3/3
f 5613/3/3 5601/3/3 5612/3/3
f 5614/4/3 5604/4/3 5603/4/3
f 5616/3/3 5605/3/3 5564/3/3
f 5617/3/3 5605/3/3 5616/3/3
f 5618/13/3 5607/13/3 5606/13/3
f 5619/13/3 5607/13/3 5618/13/3
f 5620/9/3 5611/9/3 5610/9/3
f 5621/13/3 5584/13/3 5611/13/3
f 5621/9/3 5611/9/3 5620/9/3
f 5622/7/3 5598/7/3 5584/7/3
f 5622/13/3 5584/13/3 5621/13/3
f 5624/4/3 5614/4/3 5603/4/3
f 5625/3/3 5615/3/3 5614/3/3
f 5625/4/3 5614/4/3 5624/4/3
f 5626/3/3 5615/3/3 5625/3/3
f 5627/3/3 5599/3/3 5598/3/3
f 5627/7/3 5598/7/3 5622/7/3
f 5628/3/3 5599/3/3 5627/3/3
f 5629/12/3 5624/12/3 5623/12/3
f 5630/4/3 5625/4/3 5624/4/3
f 5630/12/3 5624/12/3 5629/12/3
f 5631/4/3 5625/4/3 5630/4/3
f 5633/7/3 5627/7/3 5622/7/3
f 5634/12/3 5590/12/3 5589/12/3
f 5635/12/3 5590/12/3 5634/12/3
f 5636/13/3 5633/13/3 5632/13/3
f 5637/7/3 5627/7/3 5633/7/3
f 5637/13/3 5633/13/3 5636/13/3
f 5638/1/3 5628/1/3 5627/1/3
f 5638/7/3 5627/7/3 5637/7/3
f 5639/1/3 5628/1/3 5638/1/3
f 5643/7/3 5638/7/3 5637/7/3
f 5644/7/3 5638/7/3 5643/7/3
f 5645/12/3 5642/12/3 5641/12/3
f 5645/12/3 5641/12/3 5640/12/3
f 5646/12/3 5642/12/3 5645/12/3
f 5653/6/3 5648/6/3 5647/6/3
f 5654/6/3 5648/6/3 5653/6/3
f 5655/13/3 5650/13/3 5649/13/3
f 5656/13/3 5650/13/3 5655/13/3
f 5657/6/3 5652/6/3 5651/6/3
f 5658/6/3 5652/6/3 5657/6/3
f 5660/13/3 5659/13/3 5658/13/3
f 5661/13/3 5659/13/3 5660/13/3
f 5664/11/3 5663/11/3 5662/11/3
f 5665/11/3 5663/11/3 5664/11/3
f 5668/11/3 5667/11/3 5666/11/3
f 5669/11/3 5667/11/3 5668/11/3
f 5672/3/3 5671/3/3 5670/3/3
f 5673/3/3 5671/3/3 5672/3/3
f 5680/11/3 5675/11/3 5674/11/3
f 5681/11/3 5675/11/3 5680/11/3
f 5682/13/3 5677/13/3 5676/13/3
f 5687/3/3 5679/3/3 5678/3/3
f 5688/3/3 5679/3/3 5687/3/3
f 5689/13/3 5682/13/3 5676/13/3
f 5690/13/3 5682/13/3 5689/13/3
f 5691/13/3 5684/13/3 5683/13/3
f 5692/13/3 5684/13/3 5691/13/3
f 5693/3/3 5686/3/3 5685/3/3
f 5694/3/3 5686/3/3 5693/3/3
f 5697/12/3 5696/12/3 5695/12/3
f 5698/12/3 5696/12/3 5697/12/3
f 5699/12/3 5696/12/3 5698/12/3
f 5704/7/3 5701/7/3 5700/7/3
f 5705/7/3 5701/7/3 5704/7/3
f 5706/3/3 5703/3/3 5702/3/3
f 5707/3/3 5703/3/3 5706/3/3
f 5708/1/3 5705/1/3 5704/1/3
f 5709/1/3 5705/1/3 5708/1/3
f 5712/3/3 5709/3/3 5708/3/3
f 5713/3/3 5711/3/3 5710/3/3
f 5715/3/3 5712/3/3 5708/3/3
f 5716/3/3 5712/3/3 5715/3/3
f 5721/3/3 5714/3/3 5713/3/3
f 5721/3/3 5713/3/3 5710/3/3
f 5722/3/3 5714/3/3 5721/3/3
f 5724/7/3 5716/7/3 5715/7/3
f 5725/7/3 5716/7/3 5724/7/3
f 5726/13/3 5718/13/3 5717/13/3
f 5727/13/3 5718/13/3 5726/13/3
f 5728/7/3 5720/7/3 5719/7/3
f 5729/7/3 5720/7/3 5728/7/3
f 5730/7/3 5723/7/3 5722/7/3
f 5731/3/3 5725/3/3 5724/3/3
f 5732/3/3 5725/3/3 5731/3/3
f 5736/7/3 5723/7/3 5730/7/3
f 5737/3/3 5734/3/3 5733/3/3
f 5738/3/3 5736/3/3 5735/3/3
f 5739/7/3 5723/7/3 5736/7/3
f 5739/3/3 5736/3/3 5738/3/3
f 5740/7/3 5723/7/3 5739/7/3
f 5745/3/3 5737/3/3 5733/3/3
f 5746/3/3 5737/3/3 5745/3/3
f 5748/1/3 5732/1/3 5731/1/3
f 5749/1/3 5732/1/3 5748/1/3
f 5752/13/3 5742/13/3 5741/13/3
f 5753/13/3 5742/13/3 5752/13/3
f 5754/13/3 5744/13/3 5743/13/3
f 5755/13/3 5744/13/3 5754/13/3
f 5756/1/3 5746/1/3 5745/1/3
f 5757/3/3 5747/3/3 5746/3/3
f 5757/1/3 5746/1/3 5756/1/3
f 5758/3/3 5747/3/3 5757/3/3
f 5759/3/3 5751/3/3 5750/3/3
f 5760/3/3 5751/3/3 5759/3/3
f 5761/3/3 5751/3/3 5760/3/3
f 5763/1/3 5758/1/3 5757/1/3
f 5763/1/3 5757/1/3 5756/1/3
f 5764/1/3 5758/1/3 5763/1/3
f 5765/3/3 5761/3/3 5760/3/3
f 5765/3/3 5762/3/3 5761/3/3
f 5766/3/3 5762/3/3 5765/3/3
f 5769/1/3 5763/1/3 5756/1/3
f 5770/1/3 5763/1/3 5769/1/3
f 5771/13/3 5768/13/3 5767/13/3
f 5772/13/3 5768/13/3 5771/13/3
f 5778/13/3 5774/13/3 5773/13/3
f 5779/13/3 5774/13/3 5778/13/3
f 5780/13/3 5774/13/3 5779/13/3
f 5781/7/3 5775/7/3 5774/7/3
f 5781/13/3 5774/13/3 5780/13/3
f 5782/7/3 5775/7/3 5781/7/3
f 5783/13/3 5777/13/3 5776/13/3
f 5784/13/3 5777/13/3 5783/13/3
f 5786/13/3 5780/13/3 5779/13/3
f 5787/7/3 5781/7/3 5780/7/3
f 5787/13/3 5780/13/3 5786/13/3
f 5788/7/3 5781/7/3 5787/7/3
f 5791/13/3 5786/13/3 5785/13/3
f 5792/13/3 5786/13/3 5791/13/3
f 5793/13/3 5790/13/3 5789/13/3
f 5794/13/3 5790/13/3 5793/13/3
f 5795/13/3 5790/13/3 5794/13/3
f 5796/13/3 5794/13/3 5793/13/3
f 5797/13/3 5794/13/3 5796/13/3
f 5798/13/3 5797/13/3 5796/13/3
f 5799/13/3 5797/13/3 5798/13/3
f 5803/5/3 5801/5/3 5800/5/3
f 5804/5/3 5801/5/3 5803/5/3
f 5805/11/3 5803/11/3 5802/11/3
f 5806/11/3 5803/11/3 5805/11/3
f 5809/11/3 5808/11/3 5807/11/3
f 5810/11/3 5808/11/3 5809/11/3
f 5815/7/3 5812/7/3 5811/7/3
f 5816/7/3 5812/7/3 5815/7/3
f 5817/11/3 5814/11/3 5813/11/3
f 5818/11/3 5814/11/3 5817/11/3
f 5823/13/3 5820/13/3 5819/13/3
f 5824/13/3 5820/13/3 5823/13/3
f 5825/3/3 5822/3/3 5821/3/3
f 5826/3/3 5822/3/3 5825/3/3
f 5833/1/3 5829/1/3 5828/1/3
f 5834/3/3 5831/3/3 5830/3/3
f 5835/7/3 5832/7/3 5831/7/3
f 5838/7/3 5828/7/3 5827/7/3
f 5839/1/3 5833/1/3 5828/1/3
f 5839/7/3 5828/7/3 5838/7/3
f 5840/1/3 5833/1/3 5839/1/3
f 5841/3/3 5831/3/3 5834/3/3
f 5842/7/3 5835/7/3 5831/7/3
f 5842/3/3 5831/3/3 5841/3/3
f 5843/13/3 5836/13/3 5835/13/3
f 5844/7/3 5837/7/3 5836/7/3
f 5844/13/3 5836/13/3 5843/13/3
f 5845/7/3 5837/7/3 5844/7/3
f 5846/3/3 5839/3/3 5838/3/3
f 5847/7/3 5840/7/3 5839/7/3
f 5847/3/3 5839/3/3 5846/3/3
f 5848/7/3 5840/7/3 5847/7/3
f 5851/7/3 5835/7/3 5842/7/3
f 5852/13/3 5843/13/3 5835/13/3
f 5852/7/3 5835/7/3 5851/7/3
f 5853/7/3 5844/7/3 5843/7/3
f 5853/13/3 5843/13/3 5852/13/3
f 5854/3/3 5845/3/3 5844/3/3
f 5854/7/3 5844/7/3 5853/7/3
f 5855/3/3 5845/3/3 5854/3/3
f 5856/7/3 5847/7/3 5846/7/3
f 5856/7/3 5848/7/3 5847/7/3
f 5857/7/3 5848/7/3 5856/7/3
f 5858/7/3 5848/7/3 5857/7/3
f 5859/7/3 5850/7/3 5849/7/3
f 5860/7/3 5850/7/3 5859/7/3
f 5861/13/3 5853/13/3 5852/13/3
f 5861/13/3 5854/13/3 5853/13/3
f 5862/7/3 5855/7/3 5854/7/3
f 5862/13/3 5854/13/3 5861/13/3
f 5863/7/3 5855/7/3 5862/7/3
f 5864/3/3 5857/3/3 5856/3/3
f 5865/7/3 5858/7/3 5857/7/3
f 5865/3/3 5857/3/3 5864/3/3
f 5866/7/3 5858/7/3 5865/7/3
f 5869/13/3 5861/13/3 5852/13/3
f 5870/7/3 5862/7/3 5861/7/3
f 5870/13/3 5861/13/3 5869/13/3
f 5871/3/3 5863/3/3 5862/3/3
f 5871/7/3 5862/7/3 5870/7/3
f 5872/3/3 5863/3/3 5871/3/3
f 5873/13/3 5868/13/3 5867/13/3
f 5874/13/3 5868/13/3 5873/13/3
f 5878/7/3 5865/7/3 5864/7/3
f 5879/1/3 5866/1/3 5865/1/3
f 5879/7/3 5865/7/3 5878/7/3
f 5880/1/3 5866/1/3 5879/1/3
f 5881/3/3 5876/3/3 5875/3/3
f 5882/3/3 5876/3/3 5881/3/3
f 5883/7/3 5877/7/3 5876/7/3
f 5883/3/3 5876/3/3 5882/3/3
f 5884/7/3 5877/7/3 5883/7/3
f 5889/3/3 5883/3/3 5882/3/3
f 5890/3/3 5883/3/3 5889/3/3
f 5891/3/3 5883/3/3 5890/3/3
f 5892/7/3 5886/7/3 5885/7/3
f 5893/7/3 5886/7/3 5892/7/3
f 5894/13/3 5888/13/3 5887/13/3
f 5895/13/3 5888/13/3 5894/13/3
f 5896/3/3 5890/3/3 5889/3/3
f 5897/3/3 5890/3/3 5896/3/3
f 5903/3/3 5899/3/3 5898/3/3
f 5905/13/3 5901/13/3 5900/13/3
f 5906/13/3 5901/13/3 5905/13/3
f 5908/3/3 5903/3/3 5902/3/3
f 5909/3/3 5899/3/3 5903/3/3
f 5909/3/3 5903/3/3 5908/3/3
f 5910/3/3 5899/3/3 5909/3/3
f 5914/13/3 5905/13/3 5904/13/3
f 5915/13/3 5905/13/3 5914/13/3
f 5916/7/3 5907/7/3 5906/7/3
f 5916/7/3 5908/7/3 5907/7/3
f 5917/3/3 5909/3/3 5908/3/3
f 5917/7/3 5908/7/3 5916/7/3
f 5918/3/3 5909/3/3 5917/3/3
f 5919/13/3 5912/13/3 5911/13/3
f 5920/13/3 5912/13/3 5919/13/3
f 5921/13/3 5915/13/3 5914/13/3
f 5921/13/3 5914/13/3 5913/13/3
f 5922/13/3 5915/13/3 5921/13/3
f 5923/7/3 5916/7/3 5915/7/3
f 5923/13/3 5915/13/3 5922/13/3
f 5924/7/3 5916/7/3 5923/7/3
f 5925/13/3 5923/13/3 5922/13/3
f 5926/13/3 5923/13/3 5925/13/3
f 5929/13/3 5912/13/3 5920/13/3
f 5930/13/3 5912/13/3 5929/13/3
f 5931/13/3 5928/13/3 5927/13/3
f 5932/13/3 5928/13/3 5931/13/3
f 5936/11/3 5934/11/3 5933/11/3
f 5936/11/3 5935/11/3 5934/11/3
f 5937/11/3 5935/11/3 5936/11/3
f 5943/3/3 5939/3/3 5938/3/3
f 5944/3/3 5939/3/3 5943/3/3
f 5950/7/3 5941/7/3 5940/7/3
f 5951/1/3 5942/1/3 5941/1/3
f 5951/7/3 5941/7/3 5950/7/3
f 5952/1/3 5942/1/3 5951/1/3
f 5954/3/3 5946/3/3 5945/3/3
f 5955/7/3 5947/7/3 5946/7/3
f 5955/3/3 5946/3/3 5954/3/3
f 5956/13/3 5948/13/3 5947/13/3
f 5956/7/3 5947/7/3 5955/7/3
f 5957/13/3 5948/13/3 5956/13/3
f 5958/7/3 5949/7/3 5948/7/3
f 5958/13/3 5948/13/3 5957/13/3
f 5959/3/3 5950/3/3 5949/3/3
f 5959/7/3 5949/7/3 5958/7/3
f 5961/3/3 5954/3/3 5953/3/3
f 5962/3/3 5954/3/3 5961/3/3
f 5963/13/3 5957/13/3 5956/13/3
f 5964/7/3 5958/7/3 5957/7/3
f 5964/13/3 5957/13/3 5963/13/3
f 5965/3/3 5959/3/3 5958/3/3
f 5965/7/3 5958/7/3 5964/7/3
f 5966/3/3 5950/3/3 5959/3/3
f 5966/3/3 5959/3/3 5965/3/3
f 5967/3/3 5950/3/3 5966/3/3
f 5968/3/3 5967/3/3 5966/3/3
f 5969/3/3 5967/3/3 5968/3/3
f 5970/3/3 5961/3/3 5960/3/3
f 5971/3/3 5961/3/3 5970/3/3
f 5972/7/3 5969/7/3 5968/7/3
f 5973/7/3 5969/7/3 5972/7/3
f 5974/3/3 5973/3/3 5972/3/3
f 5975/3/3 5973/3/3 5974/3/3
f 5979/3/3 5975/3/3 5974/3/3
f 5980/3/3 5975/3/3 5979/3/3
f 5985/13/3 5978/13/3 5977/13/3
f 5985/13/3 5977/13/3 5976/13/3
f 5986/7/3 5979/7/3 5978/7/3
f 5986/13/3 5978/13/3 5985/13/3
f 5986/7/3 5980/7/3 5979/7/3
f 5987/7/3 5980/7/3 5986/7/3
f 5990/13/3 5982/13/3 5981/13/3
f 5991/13/3 5982/13/3 5990/13/3
f 5992/13/3 5984/13/3 5983/13/3
f 5993/13/3 5984/13/3 5992/13/3
f 5994/7/3 5989/7/3 5988/7/3
f 5994/7/3 5988/7/3 5987/7/3
f 5995/7/3 5989/7/3 5994/7/3
f 6002/3/3 5997/3/3 5996/3/3
f 6003/3/3 5997/3/3 6002/3/3
f 6004/13/3 5999/13/3 5998/13/3
f 6005/13/3 5999/13/3 6004/13/3
f 6007/13/3 6001/13/3 6000/13/3
f 6008/13/3 6001/13/3 6007/13/3
f 6014/13/3 6007/13/3 6006/13/3
f 6017/3/3 6011/3/3 6010/3/3
f 6017/3/3 6010/3/3 6009/3/3
f 6018/3/3 6011/3/3 6017/3/3
f 6019/13/3 6013/13/3 6012/13/3
f 6021/13/3 6015/13/3 6014/13/3
f 6021/13/3 6014/13/3 6006/13/3
f 6022/13/3 6015/13/3 6021/13/3
f 6023/7/3 6017/7/3 6016/7/3
f 6024/7/3 6017/7/3 6023/7/3
f 6026/13/3 6020/13/3 6019/13/3
f 6026/13/3 6019/13/3 6012/13/3
f 6027/13/3 6026/13/3 6025/13/3
f 6028/13/3 6020/13/3 6026/13/3
f 6028/13/3 6026/13/3 6027/13/3
f 6031/11/3 6030/11/3 6029/11/3
f 6032/11/3 6030/11/3 6031/11/3
f 6035/11/3 6034/11/3 6033/11/3
f 6036/11/3 6034/11/3 6035/11/3
f 6040/1/3 6038/1/3 6037/1/3
f 6041/1/3 6038/1/3 6040/1/3
f 6042/1/3 6038/1/3 6041/1/3
f 6043/1/3 6040/1/3 6039/1/3
f 6043/1/3 6041/1/3 6040/1/3
f 6043/3/3 6042/3/3 6041/3/3
f 6044/3/3 6042/3/3 6043/3/3
f 6045/1/3 6043/1/3 6039/1/3
f 6046/1/3 6043/1/3 6045/1/3
f 6051/13/3 6048/13/3 6047/13/3
f 6052/13/3 6048/13/3 6051/13/3
f 6053/13/3 6050/13/3 6049/13/3
f 6054/13/3 6050/13/3 6053/13/3
f 6063/3/3 6058/3/3 6057/3/3
f 6064/3/3 6058/3/3 6063/3/3
f 6065/13/3 6056/13/3 6055/13/3
f 6066/13/3 6056/13/3 6065/13/3
f 6067/7/3 6060/7/3 6059/7/3
f 6068/7/3 6060/7/3 6067/7/3
f 6069/7/3 6062/7/3 6061/7/3
f 6070/7/3 6062/7/3 6069/7/3
f 6075/13/3 6072/13/3 6071/13/3
f 6076/13/3 6072/13/3 6075/13/3
f 6077/3/3 6074/3/3 6073/3/3
f 6078/3/3 6074/3/3 6077/3/3
f 6082/13/3 6080/13/3 6079/13/3
f 6083/13/3 6080/13/3 6082/13/3
f 6087/13/3 6082/13/3 6081/13/3
f 6087/13/3 6083/13/3 6082/13/3
f 6087/13/3 6084/13/3 6083/13/3
f 6088/13/3 6084/13/3 6087/13/3
f 6089/13/3 6084/13/3 6088/13/3
f 6090/13/3 6084/13/3 6089/13/3
f 6091/13/3 6086/13/3 6085/13/3
f 6092/13/3 6086/13/3 6091/13/3
f 6094/13/3 6087/13/3 6081/13/3
f 6095/13/3 6087/13/3 6094/13/3
f 6096/13/3 6089/13/3 6088/13/3
f 6097/13/3 6089/13/3 6096/13/3
f 6098/13/3 6093/13/3 6092/13/3
f 6098/13/3 6092/13/3 6091/13/3
f 6099/13/3 6093/13/3 6098/13/3
f 6102/11/3 6101/11/3 6100/11/3
f 6103/11/3 6101/11/3 6102/11/3
f 6107/13/3 6105/13/3 6104/13/3
f 6108/13/3 6105/13/3 6107/13/3
f 6112/13/3 6107/13/3 6106/13/3
f 6113/9/3 6108/9/3 6107/9/3
f 6113/13/3 6107/13/3 6112/13/3
f 6114/13/3 6109/13/3 6108/13/3
f 6120/3/3 6111/3/3 6110/3/3
f 6121/3/3 6111/3/3 6120/3/3
f 6122/9/3 6113/9/3 6112/9/3
f 6123/9/3 6108/9/3 6113/9/3
f 6123/9/3 6113/9/3 6122/9/3
f 6124/13/3 6114/13/3 6108/13/3
f 6124/9/3 6108/9/3 6123/9/3
f 6124/13/3 6115/13/3 6114/13/3
f 6125/13/3 6115/13/3 6124/13/3
f 6126/7/3 6117/7/3 6116/7/3
f 6127/13/3 6118/13/3 6117/13/3
f 6127/7/3 6117/7/3 6126/7/3
f 6128/13/3 6118/13/3 6127/13/3
f 6129/13/3 6124/13/3 6123/13/3
f 6130/7/3 6125/7/3 6124/7/3
f 6130/13/3 6124/13/3 6129/13/3
f 6131/7/3 6125/7/3 6130/7/3
f 6133/1/3 6132/1/3 6131/1/3
f 6134/1/3 6132/1/3 6133/1/3
f 6137/6/3 6136/6/3 6135/6/3
f 6138/6/3 6136/6/3 6137/6/3
f 6139/3/3 6120/3/3 6119/3/3
f 6140/3/3 6120/3/3 6139/3/3
f 6143/13/3 6142/13/3 6141/13/3
f 6144/13/3 6142/13/3 6143/13/3
f 6147/13/3 6146/13/3 6145/13/3
f 6148/13/3 6146/13/3 6147/13/3
f 6154/13/3 6149/13/3 6148/13/3
f 6155/13/3 6149/13/3 6154/13/3
f 6156/3/3 6151/3/3 6150/3/3
f 6157/3/3 6151/3/3 6156/3/3
f 6158/13/3 6153/13/3 6152/13/3
f 6159/13/3 6153/13/3 6158/13/3
f 6165/13/3 6161/13/3 6160/13/3
f 6166/13/3 6161/13/3 6165/13/3
f 6167/13/3 6163/13/3 6162/13/3
f 6168/13/3 6163/13/3 6167/13/3
f 6169/13/3 6165/13/3 6164/13/3
f 6170/13/3 6165/13/3 6169/13/3
f 6173/6/3 6172/6/3 6171/6/3
f 6175/6/3 6173/6/3 6171/6/3
f 6175/6/3 6174/6/3 6173/6/3
f 6176/6/3 6174/6/3 6175/6/3
f 6182/6/3 6178/6/3 6177/6/3
f 6185/6/3 6178/6/3 6182/6/3
f 6185/6/3 6182/6/3 6181/6/3
f 6186/6/3 6178/6/3 6185/6/3
f 6188/9/3 6180/9/3 6179/9/3
f 6189/9/3 6180/9/3 6188/9/3
f 6190/13/3 6184/13/3 6183/13/3
f 6191/13/3 6184/13/3 6190/13/3
f 6194/6/3 6185/6/3 6181/6/3
f 6195/6/3 6185/6/3 6194/6/3
f 6196/13/3 6188/13/3 6187/13/3
f 6197/13/3 6192/13/3 6191/13/3
f 6198/7/3 6193/7/3 6192/7/3
f 6198/13/3 6192/13/3 6197/13/3
f 6199/7/3 6193/7/3 6198/7/3
f 6200/7/3 6193/7/3 6199/7/3
f 6201/13/3 6196/13/3 6187/13/3
f 6202/13/3 6196/13/3 6201/13/3
f 6204/7/3 6199/7/3 6198/7/3
f 6205/7/3 6199/7/3 6204/7/3
f 6206/9/3 6202/9/3 6201/9/3
f 6207/13/3 6203/13/3 6202/13/3
f 6207/9/3 6202/9/3 6206/9/3
f 6208/13/3 6203/13/3 6207/13/3
f 6210/7/3 6205/7/3 6204/7/3
f 6211/7/3 6205/7/3 6210/7/3
f 6212/7/3 6210/7/3 6209/7/3
f 6213/7/3 6210/7/3 6212/7/3
f 6216/6/3 6215/6/3 6214/6/3
f 6217/6/3 6215/6/3 6216/6/3
f 6218/6/3 6215/6/3 6217/6/3
f 6221/13/3 6220/13/3 6219/13/3
f 6222/13/3 6220/13/3 6221/13/3
f 6227/13/3 6224/13/3 6223/13/3
f 6228/13/3 6224/13/3 6227/13/3
f 6229/13/3 6226/13/3 6225/13/3
f 6230/13/3 6226/13/3 6229/13/3
f 6235/13/3 6232/13/3 6231/13/3
f 6236/13/3 6232/13/3 6235/13/3
f 6237/13/3 6234/13/3 6233/13/3
f 6238/13/3 6234/13/3 6237/13/3
f 6241/11/3 6240/11/3 6239/11/3
f 6242/11/3 6240/11/3 6241/11/3
f 6245/6/3 6244/6/3 6243/6/3
f 6246/6/3 6244/6/3 6245/6/3
f 6250/6/3 6247/6/3 6246/6/3
f 6251/6/3 6247/6/3 6250/6/3
f 6252/13/3 6249/13/3 6248/13/3
f 6253/6/3 6250/6/3 6249/6/3
f 6253/13/3 6249/13/3 6252/13/3
f 6254/6/3 6250/6/3 6253/6/3
f 6255/13/3 6254/13/3 6253/13/3
f 6258/13/3 6255/13/3 6253/13/3
f 6258/13/3 6256/13/3 6255/13/3
f 6259/13/3 6256/13/3 6258/13/3
f 6260/13/3 6256/13/3 6259/13/3
f 6261/6/3 6258/6/3 6257/6/3
f 6262/6/3 6258/6/3 6261/6/3
f 6268/6/3 6260/6/3 6259/6/3
f 6269/6/3 6260/6/3 6268/6/3
f 6270/13/3 6264/13/3 6263/13/3
f 6271/13/3 6264/13/3 6270/13/3
f 6272/7/3 6266/7/3 6265/7/3
f 6273/7/3 6266/7/3 6272/7/3
f 6274/6/3 6268/6/3 6267/6/3
f 6275/6/3 6268/6/3 6274/6/3
f 6280/13/3 6277/13/3 6276/13/3
f 6281/13/3 6277/13/3 6280/13/3
f 6282/13/3 6277/13/3 6281/13/3
f 6283/9/3 6281/9/3 6280/9/3
f 6284/13/3 6282/13/3 6281/13/3
f 6284/9/3 6281/9/3 6283/9/3
f 6285/13/3 6282/13/3 6284/13/3
f 6288/7/3 6287/7/3 6286/7/3
f 6289/7/3 6287/7/3 6288/7/3
f 6293/7/3 6291/7/3 6290/7/3
f 6294/9/3 6292/9/3 6291/9/3
f 6294/7/3 6291/7/3 6293/7/3
f 6295/9/3 6292/9/3 6294/9/3
f 6296/3/3 6279/3/3 6278/3/3
f 6297/3/3 6279/3/3 6296/3/3
f 6301/11/3 6299/11/3 6298/11/3
f 6301/11/3 6300/11/3 6299/11/3
f 6302/11/3 6300/11/3 6301/11/3
f 6307/6/3 6304/6/3 6303/6/3
f 6308/13/3 6306/13/3 6305/13/3
f 6309/13/3 6306/13/3 6308/13/3
f 6310/6/3 6304/6/3 6307/6/3
f 6311/6/3 6304/6/3 6310/6/3
f 6314/13/3 6311/13/3 6310/13/3
f 6315/13/3 6311/13/3 6314/13/3
f 6317/13/3 6313/13/3 6312/13/3
f 6318/13/3 6313/13/3 6317/13/3
f 6319/13/3 6316/13/3 6315/13/3
f 6322/13/3 6316/13/3 6319/13/3
f 6323/13/3 6316/13/3 6322/13/3
f 6326/13/3 6321/13/3 6320/13/3
f 6327/13/3 6321/13/3 6326/13/3
f 6330/9/3 6325/9/3 6324/9/3
f 6331/13/3 6326/13/3 6325/13/3
f 6331/9/3 6325/9/3 6330/9/3
f 6332/3/3 6329/3/3 6328/3/3
f 6333/3/3 6329/3/3 6332/3/3
f 6336/13/3 6331/13/3 6330/13/3
f 6337/13/3 6326/13/3 6331/13/3
f 6337/13/3 6331/13/3 6336/13/3
f 6338/3/3 6335/3/3 6334/3/3
f 6339/3/3 6335/3/3 6338/3/3
f 6340/13/3 6336/13/3 6330/13/3
f 6343/13/3 6340/13/3 6330/13/3
f 6344/13/3 6340/13/3 6343/13/3
f 6348/9/3 6344/9/3 6343/9/3
f 6348/9/3 6345/9/3 6344/9/3
f 6349/9/3 6345/9/3 6348/9/3
f 6350/13/3 6347/13/3 6346/13/3
f 6351/13/3 6347/13/3 6350/13/3
f 6352/13/3 6347/13/3 6351/13/3
f 6353/7/3 6352/7/3 6351/7/3
f 6354/7/3 6352/7/3 6353/7/3
f 6357/6/3 6356/6/3 6355/6/3
f 6358/6/3 6356/6/3 6357/6/3
f 6359/4/3 6342/4/3 6341/4/3
f 6360/4/3 6342/4/3 6359/4/3
f 6363/6/3 6362/6/3 6361/6/3
f 6364/6/3 6362/6/3 6363/6/3
f 6367/6/3 6366/6/3 6365/6/3
f 6371/6/3 6367/6/3 6365/6/3
f 6371/6/3 6368/6/3 6367/6/3
f 6372/6/3 6368/6/3 6371/6/3
f 6374/13/3 6373/13/3 6372/13/3
f 6375/11/3 6370/11/3 6369/11/3
f 6376/11/3 6370/11/3 6375/11/3
f 6377/13/3 6373/13/3 6374/13/3
f 6378/13/3 6373/13/3 6377/13/3
f 6381/13/3 6380/13/3 6379/13/3
f 6382/13/3 6380/13/3 6381/13/3
f 6384/13/3 6382/13/3 6381/13/3
f 6384/13/3 6383/13/3 6382/13/3
f 6385/13/3 6383/13/3 6384/13/3
f 6393/7/3 6390/7/3 6389/7/3
f 6394/13/3 6392/13/3 6391/13/3
f 6395/13/3 6392/13/3 6394/13/3
f 6401/13/3 6383/13/3 6385/13/3
f 6402/13/3 6383/13/3 6401/13/3
f 6404/7/3 6393/7/3 6389/7/3
f 6405/13/3 6394/13/3 6393/13/3
f 6405/13/3 6395/13/3 6394/13/3
f 6405/7/3 6393/7/3 6404/7/3
f 6405/13/3 6396/13/3 6395/13/3
f 6406/13/3 6396/13/3 6405/13/3
f 6407/13/3 6396/13/3 6406/13/3
f 6408/13/3 6396/13/3 6407/13/3
f 6409/7/3 6398/7/3 6397/7/3
f 6410/3/3 6399/3/3 6398/3/3
f 6410/7/3 6398/7/3 6409/7/3
f 6411/3/3 6399/3/3 6410/3/3
f 6412/3/3 6399/3/3 6411/3/3
f 6414/13/3 6401/13/3 6400/13/3
f 6415/7/3 6387/7/3 6386/7/3
f 6416/1/3 6388/1/3 6387/1/3
f 6416/7/3 6387/7/3 6415/7/3
f 6417/1/3 6388/1/3 6416/1/3
f 6419/3/3 6404/3/3 6403/3/3
f 6420/9/3 6406/9/3 6405/9/3
f 6421/13/3 6414/13/3 6413/13/3
f 6422/13/3 6414/13/3 6421/13/3
f 6423/13/3 6401/13/3 6414/13/3
f 6423/13/3 6414/13/3 6422/13/3
f 6424/13/3 6401/13/3 6423/13/3
f 6425/3/3 6419/3/3 6418/3/3
f 6426/3/3 6404/3/3 6419/3/3
f 6426/3/3 6419/3/3 6425/3/3
f 6427/3/3 6404/3/3 6426/3/3
f 6428/9/3 6420/9/3 6405/9/3
f 6432/13/3 6423/13/3 6422/13/3
f 6433/13/3 6423/13/3 6432/13/3
f 6434/3/3 6427/3/3 6426/3/3
f 6435/3/3 6427/3/3 6434/3/3
f 6436/7/3 6428/7/3 6427/7/3
f 6436/3/3 6427/3/3 6435/3/3
f 6437/9/3 6420/9/3 6428/9/3
f 6437/7/3 6428/7/3 6436/7/3
f 6438/9/3 6420/9/3 6437/9/3
f 6439/7/3 6430/7/3 6429/7/3
f 6440/9/3 6431/9/3 6430/9/3
f 6440/7/3 6430/7/3 6439/7/3
f 6441/9/3 6431/9/3 6440/9/3
f 6442/7/3 6436/7/3 6435/7/3
f 6442/7/3 6437/7/3 6436/7/3
f 6443/13/3 6438/13/3 6437/13/3
f 6443/7/3 6437/7/3 6442/7/3
f 6444/13/3 6438/13/3 6443/13/3
f 6445/13/3 6438/13/3 6444/13/3
f 6448/13/3 6445/13/3 6444/13/3
f 6449/13/3 6445/13/3 6448/13/3
f 6450/13/3 6447/13/3 6446/13/3
f 6451/13/3 6447/13/3 6450/13/3
f 6452/13/3 6447/13/3 6451/13/3
f 6453/13/3 6451/13/3 6450/13/3
f 6454/13/3 6451/13/3 6453/13/3
f 6457/6/3 6456/6/3 6455/6/3
f 6458/6/3 6456/6/3 6457/6/3
f 6460/6/3 6459/6/3 6458/6/3
f 6461/6/3 6459/6/3 6460/6/3
f 6467/11/3 6463/11/3 6462/11/3
f 6467/11/3 6464/11/3 6463/11/3
f 6468/11/3 6464/11/3 6467/11/3
f 6469/13/3 6466/13/3 6465/13/3
f 6470/13/3 6466/13/3 6469/13/3
f 6471/13/3 6466/13/3 6470/13/3
f 6473/13/3 6472/13/3 6471/13/3
f 6473/13/3 6471/13/3 6470/13/3
f 6474/13/3 6472/13/3 6473/13/3
f 6482/13/3 6472/13/3 6474/13/3
f 6483/13/3 6472/13/3 6482/13/3
f 6484/9/3 6476/9/3 6475/9/3
f 6485/13/3 6477/13/3 6476/13/3
f 6485/9/3 6476/9/3 6484/9/3
f 6486/7/3 6478/7/3 6477/7/3
f 6486/13/3 6477/13/3 6485/13/3
f 6487/1/3 6479/1/3 6478/1/3
f 6487/7/3 6478/7/3 6486/7/3
f 6488/1/3 6479/1/3 6487/1/3
f 6493/13/3 6481/13/3 6480/13/3
f 6494/13/3 6481/13/3 6493/13/3
f 6497/9/3 6483/9/3 6482/9/3
f 6498/9/3 6483/9/3 6497/9/3
f 6501/3/3 6490/3/3 6489/3/3
f 6502/13/3 6492/13/3 6491/13/3
f 6503/13/3 6492/13/3 6502/13/3
f 6504/13/3 6496/13/3 6495/13/3
f 6505/13/3 6496/13/3 6504/13/3
f 6506/3/3 6501/3/3 6500/3/3
f 6506/1/3 6500/1/3 6499/1/3
f 6507/3/3 6490/3/3 6501/3/3
f 6507/3/3 6501/3/3 6506/3/3
f 6508/3/3 6490/3/3 6507/3/3
f 6509/3/3 6490/3/3 6508/3/3
f 6511/13/3 6486/13/3 6485/13/3
f 6512/13/3 6486/13/3 6511/13/3
f 6514/1/3 6506/1/3 6499/1/3
f 6514/1/3 6507/1/3 6506/1/3
f 6515/1/3 6507/1/3 6514/1/3
f 6516/3/3 6508/3/3 6507/3/3
f 6516/1/3 6507/1/3 6515/1/3
f 6517/3/3 6508/3/3 6516/3/3
f 6518/7/3 6515/7/3 6514/7/3
f 6518/7/3 6514/7/3 6513/7/3
f 6519/7/3 6515/7/3 6518/7/3
f 6520/1/3 6516/1/3 6515/1/3
f 6520/7/3 6515/7/3 6519/7/3
f 6521/1/3 6516/1/3 6520/1/3
f 6523/7/3 6510/7/3 6509/7/3
f 6524/7/3 6510/7/3 6523/7/3
f 6525/7/3 6521/7/3 6520/7/3
f 6525/7/3 6520/7/3 6519/7/3
f 6526/3/3 6522/3/3 6521/3/3
f 6526/7/3 6521/7/3 6525/7/3
f 6527/3/3 6522/3/3 6526/3/3
f 6529/7/3 6528/7/3 6527/7/3
f 6529/7/3 6527/7/3 6526/7/3
f 6530/7/3 6528/7/3 6529/7/3
f 6531/7/3 6528/7/3 6530/7/3
f 6532/13/3 6531/13/3 6530/13/3
f 6533/13/3 6531/13/3 6532/13/3
f 6536/13/3 6535/13/3 6534/13/3
f 6537/13/3 6535/13/3 6536/13/3
f 6540/13/3 6539/13/3 6538/13/3
f 6541/13/3 6539/13/3 6540/13/3
f 6546/13/3 6543/13/3 6542/13/3
f 6547/13/3 6543/13/3 6546/13/3
f 6552/9/3 6548/9/3 6547/9/3
f 6553/13/3 6550/13/3 6549/13/3
f 6554/7/3 6551/7/3 6550/7/3
f 6554/13/3 6550/13/3 6553/13/3
f 6555/7/3 6551/7/3 6554/7/3
f 6558/11/3 6545/11/3 6544/11/3
f 6559/11/3 6545/11/3 6558/11/3
f 6562/9/3 6552/9/3 6547/9/3
f 6563/9/3 6552/9/3 6562/9/3
f 6564/3/3 6557/3/3 6556/3/3
f 6565/3/3 6557/3/3 6564/3/3
f 6567/13/3 6561/13/3 6560/13/3
f 6568/13/3 6561/13/3 6567/13/3
f 6570/9/3 6563/9/3 6562/9/3
f 6571/9/3 6563/9/3 6570/9/3
f 6572/3/3 6566/3/3 6565/3/3
f 6572/3/3 6565/3/3 6564/3/3
f 6573/3/3 6566/3/3 6572/3/3
f 6574/3/3 6566/3/3 6573/3/3
f 6578/13/3 6570/13/3 6569/13/3
f 6579/13/3 6570/13/3 6578/13/3
f 6580/13/3 6576/13/3 6575/13/3
f 6581/13/3 6576/13/3 6580/13/3
f 6582/13/3 6578/13/3 6577/13/3
f 6583/13/3 6578/13/3 6582/13/3
f 6590/13/3 6585/13/3 6584/13/3
f 6591/13/3 6585/13/3 6590/13/3
f 6592/13/3 6587/13/3 6586/13/3
f 6593/13/3 6587/13/3 6592/13/3
f 6594/13/3 6589/13/3 6588/13/3
f 6595/13/3 6589/13/3 6594/13/3
f 6598/13/3 6597/13/3 6596/13/3
f 6599/13/3 6597/13/3 6598/13/3
f 6602/13/3 6601/13/3 6600/13/3
f 6603/13/3 6601/13/3 6602/13/3
f 6606/13/3 6605/13/3 6604/13/3
f 6607/13/3 6605/13/3 6606/13/3
f 6614/13/3 6609/13/3 6608/13/3
f 6615/11/3 6611/11/3 6610/11/3
f 6616/11/3 6611/11/3 6615/11/3
f 6621/13/3 6613/13/3 6612/13/3
f 6622/13/3 6609/13/3 6614/13/3
f 6623/13/3 6609/13/3 6622/13/3
f 6624/11/3 6617/11/3 6616/11/3
f 6625/11/3 6617/11/3 6624/11/3
f 6627/13/3 6619/13/3 6618/13/3
f 6628/13/3 6619/13/3 6627/13/3
f 6630/13/3 6621/13/3 6620/13/3
f 6631/13/3 6613/13/3 6621/13/3
f 6631/13/3 6621/13/3 6630/13/3
f 6632/13/3 6613/13/3 6631/13/3
f 6633/11/3 6626/11/3 6625/11/3
f 6634/11/3 6626/11/3 6633/11/3
f 6637/13/3 6630/13/3 6629/13/3
f 6637/13/3 6631/13/3 6630/13/3
f 6638/13/3 6631/13/3 6637/13/3
f 6639/13/3 6631/13/3 6638/13/3
f 6642/13/3 6636/13/3 6635/13/3
f 6643/13/3 6636/13/3 6642/13/3
f 6644/13/3 6638/13/3 6637/13/3
f 6645/13/3 6638/13/3 6644/13/3
f 6646/13/3 6641/13/3 6640/13/3
f 6647/13/3 6641/13/3 6646/13/3
f 6650/13/3 6649/13/3 6648/13/3
f 6651/13/3 6649/13/3 6650/13/3
f 6654/13/3 6653/13/3 6652/13/3
f 6655/13/3 6653/13/3 6654/13/3
f 6663/13/3 6657/13/3 6656/13/3
f 6664/13/3 6657/13/3 6663/13/3
f 6665/9/3 6659/9/3 6658/9/3
f 6666/9/3 6659/9/3 6665/9/3
f 6667/9/3 6661/9/3 6660/9/3
f 6668/9/3 6661/9/3 6667/9/3
f 6669/13/3 6663/13/3 6662/13/3
f 6670/13/3 6663/13/3 6669/13/3
f 6676/13/3 6672/13/3 6671/13/3
f 6677/13/3 6672/13/3 6676/13/3
f 6679/9/3 6674/9/3 6673/9/3
f 6680/9/3 6674/9/3 6679/9/3
f 6681/13/3 6676/13/3 6675/13/3
f 6682/13/3 6676/13/3 6681/13/3
f 6683/13/3 6679/13/3 6678/13/3
f 6684/13/3 6679/13/3 6683/13/3
f 6687/13/3 6686/13/3 6685/13/3
f 6688/13/3 6686/13/3 6687/13/3
f 6689/13/3 6686/13/3 6688/13/3
f 6690/9/3 6689/9/3 6688/9/3
f 6691/9/3 6689/9/3 6690/9/3
f 6693/9/3 6692/9/3 6691/9/3
f 6694/9/3 6692/9/3 6693/9/3
f 6697/13/3 6696/13/3 6695/13/3
f 6698/13/3 6696/13/3 6697/13/3
f 6701/13/3 6700/13/3 6699/13/3
f 6702/13/3 6700/13/3 6701/13/3
f 6705/13/3 6704/13/3 6703/13/3
f 6706/13/3 6704/13/3 6705/13/3
f 6709/13/3 6708/13/3 6707/13/3
f 6710/13/3 6708/13/3 6709/13/3
f 6715/13/3 6712/13/3 6711/13/3
f 6716/13/3 6712/13/3 6715/13/3
f 6717/13/3 6714/13/3 6713/13/3
f 6718/13/3 6714/13/3 6717/13/3
f 6721/13/3 6720/13/3 6719/13/3
f 6722/13/3 6720/13/3 6721/13/3
f 6725/13/3 6724/13/3 6723/13/3
f 6726/13/3 6724/13/3 6725/13/3
f 6732/13/3 6728/13/3 6727/13/3
f 6732/13/3 6729/13/3 6728/13/3
f 6733/13/3 6729/13/3 6732/13/3
f 6734/13/3 6731/13/3 6730/13/3
f 6735/13/3 6731/13/3 6734/13/3
f 6739/13/3 6737/13/3 6736/13/3
f 6739/13/3 6738/13/3 6737/13/3
f 6740/13/3 6738/13/3 6739/13/3
f 6743/13/3 6742/13/3 6741/13/3
f 6744/13/3 6742/13/3 6743/13/3
f 6749/6/3 6746/6/3 6745/6/3
f 6751/13/3 6748/13/3 6747/13/3
f 6752/13/3 6748/13/3 6751/13/3
f 6753/6/3 6750/6/3 6749/6/3
f 6753/6/3 6749/6/3 6745/6/3
f 6754/6/3 6750/6/3 6753/6/3
f 6755/6/3 6750/6/3 6754/6/3
f 6756/6/3 6755/6/3 6754/6/3
f 6757/6/3 6755/6/3 6756/6/3
f 6760/6/3 6759/6/3 6758/6/3
f 6761/6/3 6759/6/3 6760/6/3
f 6762/11/4 6763/11/4 6765/11/4
f 6765/11/4 6763/11/4 6766/11/4
f 6764/11/4 6765/11/4 6769/11/4
f 6769/11/4 6765/11/4 6770/11/4
f 6766/11/4 6767/11/4 6771/11/4
f 6771/11/4 6767/11/4 6772/11/4
f 6768/11/4 6769/11/4 6775/11/4
f 6775/11/4 6769/11/4 6776/11/4
f 6773/11/4 6774/11/4 6779/11/4
f 6779/11/4 6774/11/4 6780/11/4
f 6776/11/4 6777/11/4 6781/11/4
f 6781/11/4 6777/11/4 6782/11/4
f 6778/11/4 6779/11/4 6785/11/4
f 6785/11/4 6779/11/4 6786/11/4
f 6782/11/4 6783/11/4 6787/11/4
f 6787/11/4 6783/11/4 6788/11/4
f 6784/11/4 6785/11/4 6789/11/4
f 6789/11/4 6785/11/4 6790/11/4
f 6788/11/4 6789/11/4 6791/11/4
f 6791/11/4 6789/11/4 6792/11/4
f 6793/3/4 6794/3/4 6795/3/4
f 6795/3/4 6794/3/4 6796/3/4
f 6797/3/4 6798/3/4 6799/3/4
f 6799/3/4 6798/3/4 6800/3/4
f 6801/11/4 6802/11/4 6805/11/4
f 6805/11/4 6802/11/4 6806/11/4
f 6803/11/4 6804/11/4 6807/11/4
f 6807/11/4 6804/11/4 6808/11/4
f 6808/11/4 6809/11/4 6810/11/4
f 6810/11/4 6809/11/4 6811/11/4
f 6811/11/4 6812/11/4 6813/11/4
f 6813/11/4 6812/11/4 6814/11/4
f 6815/11/4 6816/11/4 6817/11/4
f 6817/11/4 6816/11/4 6818/11/4
f 6819/11/4 6820/11/4 6821/11/4
f 6821/11/4 6820/11/4 6822/11/4
f 6822/11/4 6823/11/4 6826/11/4
f 6826/11/4 6823/11/4 6827/11/4
f 6824/11/4 6825/11/4 6829/11/4
f 6829/11/4 6825/11/4 6830/11/4
f 6827/11/4 6828/11/4 6831/11/4
f 6826/11/4 6827/11/4 6831/11/4
f 6831/11/4 6828/11/4 6832/11/4
f 6824/11/4 6829/11/4 6834/11/4
f 6834/11/4 6829/11/4 6835/11/4
f 6832/11/4 6833/11/4 6836/11/4
f 6836/11/4 6833/11/4 6837/11/4
f 6836/13/4 6837/13/4 6841/13/4
f 6837/11/4 6838/11/4 6842/11/4
f 6841/13/4 6837/13/4 6842/13/4
f 6842/11/4 6838/11/4 6843/11/4
f 6839/11/4 6840/11/4 6844/11/4
f 6844/11/4 6840/11/4 6845/11/4
f 6841/11/4 6842/11/4 6848/11/4
f 6848/11/4 6842/11/4 6849/11/4
f 6845/11/4 6846/11/4 6850/11/4
f 6850/11/4 6846/11/4 6851/11/4
f 6847/11/4 6848/11/4 6853/11/4
f 6853/11/4 6848/11/4 6854/11/4
f 6851/11/4 6852/11/4 6855/11/4
f 6855/11/4 6852/11/4 6856/11/4
f 6857/11/4 6858/11/4 6859/11/4
f 6859/11/4 6858/11/4 6860/11/4
f 6861/13/4 6862/13/4 6864/13/4
f 6863/11/4 6864/11/4 6865/11/4
f 6864/13/4 6862/13/4 6866/13/4
f 6865/11/4 6864/11/4 6866/11/4
f 6866/13/4 6862/13/4 6867/13/4
f 6867/13/4 6862/13/4 6868/13/4
f 6868/13/4 6869/13/4 6870/13/4
f 6870/13/4 6869/13/4 6871/13/4
f 6872/11/4 6873/11/4 6874/11/4
f 6874/11/4 6873/11/4 6875/11/4
f 6876/13/4 6877/13/4 6878/13/4
f 6878/13/4 6877/13/4 6879/13/4
f 6880/11/4 6881/11/4 6884/11/4
f 6884/11/4 6881/11/4 6885/11/4
f 6882/13/4 6883/13/4 6886/13/4
f 6886/13/4 6883/13/4 6887/13/4
f 6887/13/4 6883/13/4 6888/13/4
f 6889/2/4 6890/2/4 6892/2/4
f 6892/2/4 6890/2/4 6893/2/4
f 6891/2/4 6892/2/4 6896/2/4
f 6896/2/4 6892/2/4 6897/2/4
f 6893/2/4 6894/2/4 6898/2/4
f 6894/3/4 6895/3/4 6899/3/4
f 6898/2/4 6894/2/4 6899/2/4
f 6899/3/4 6895/3/4 6900/3/4
f 6897/2/4 6898/2/4 6901/2/4
f 6901/2/4 6898/2/4 6902/2/4
f 6903/2/4 6904/2/4 6906/2/4
f 6906/2/4 6904/2/4 6907/2/4
f 6905/2/4 6906/2/4 6908/2/4
f 6908/2/4 6906/2/4 6909/2/4
f 6909/2/4 6910/2/4 6911/2/4
f 6911/2/4 6910/2/4 6912/2/4
f 6913/6/4 6914/6/4 6915/6/4
f 6913/6/4 6915/6/4 6916/6/4
f 6916/6/4 6915/6/4 6917/6/4
f 6918/11/4 6919/11/4 6920/11/4
f 6920/11/4 6919/11/4 6921/11/4
f 6922/5/4 6923/5/4 6924/5/4
f 6922/5/4 6924/5/4 6925/5/4
f 6925/5/4 6924/5/4 6926/5/4
f 6927/2/4 6928/2/4 6929/2/4
f 6929/2/4 6928/2/4 6930/2/4
f 6931/2/4 6932/2/4 6934/2/4
f 6934/2/4 6932/2/4 6935/2/4
f 6933/2/4 6934/2/4 6936/2/4
f 6936/2/4 6934/2/4 6937/2/4
f 6937/2/4 6938/2/4 6939/2/4
f 6939/2/4 6938/2/4 6940/2/4
f 6941/9/4 6942/9/4 6945/9/4
f 6945/9/4 6942/9/4 6946/9/4
f 6943/11/4 6944/11/4 6949/11/4
f 6949/11/4 6944/11/4 6950/11/4
f 6947/5/4 6948/5/4 6951/5/4
f 6951/5/4 6948/5/4 6952/5/4
f 6953/3/4 6954/3/4 6955/3/4
f 6955/3/4 6954/3/4 6956/3/4
f 6957/2/4 6958/2/4 6959/2/4
f 6959/2/4 6958/2/4 6960/2/4
f 6961/13/4 6962/13/4 6963/13/4
f 6963/13/4 6962/13/4 6964/13/4
f 6965/11/4 6966/11/4 6967/11/4
f 6967/11/4 6966/11/4 6968/11/4
f 6969/11/4 6970/11/4 6971/11/4
f 6971/11/4 6970/11/4 6972/11/4
f 6973/3/4 6974/3/4 6977/3/4
f 6977/3/4 6974/3/4 6978/3/4
f 6975/13/4 6976/13/4 6979/13/4
f 6975/13/4 6979/13/4 6981/13/4
f 6979/13/4 6980/13/4 6981/13/4
f 6981/13/4 6980/13/4 6982/13/4
f 6975/13/4 6981/13/4 6983/13/4
f 6983/13/4 6981/13/4 6984/13/4
f 6985/11/4 6986/11/4 6987/11/4
f 6987/11/4 6986/11/4 6988/11/4
f 6989/9/4 6990/9/4 6993/9/4
f 6993/9/4 6990/9/4 6994/9/4
f 6991/5/4 6992/5/4 6997/5/4
f 6997/5/4 6992/5/4 6998/5/4
f 6995/13/4 6996/13/4 6999/13/4
f 6999/13/4 6996/13/4 7000/13/4
f 7001/5/4 7002/5/4 7005/5/4
f 7005/5/4 7002/5/4 7006/5/4
f 7006/5/4 7002/5/4 7007/5/4
f 7003/11/4 7004/11/4 7008/11/4
f 7008/11/4 7004/11/4 7009/11/4
f 7009/11/4 7004/11/4 7010/11/4
f 7011/11/4 7012/11/4 7013/11/4
f 7011/11/4 7013/11/4 7014/11/4
f 7014/11/4 7013/11/4 7015/11/4
f 7016/9/4 7017/9/4 7020/9/4
f 7020/9/4 7017/9/4 7021/9/4
f 7018/3/4 7019/3/4 7024/3/4
f 7024/3/4 7019/3/4 7025/3/4
f 7022/9/4 7023/9/4 7028/9/4
f 7028/9/4 7023/9/4 7029/9/4
f 7026/13/4 7027/13/4 7030/13/4
f 7030/13/4 7027/13/4 7031/13/4
f 7028/13/4 7029/13/4 7032/13/4
f 7032/13/4 7029/13/4 7033/13/4
f 7034/6/4 7035/6/4 7036/6/4
f 7036/6/4 7035/6/4 7037/6/4
f 7038/13/4 7039/13/4 7041/13/4
f 7041/13/4 7039/13/4 7042/13/4
f 7040/9/4 7041/9/4 7044/9/4
f 7044/9/4 7041/9/4 7045/9/4
f 7043/9/4 7044/9/4 7048/9/4
f 7048/9/4 7044/9/4 7049/9/4
f 7046/13/4 7047/13/4 7050/13/4
f 7050/13/4 7047/13/4 7051/13/4
f 7048/13/4 7049/13/4 7052/13/4
f 7052/13/4 7049/13/4 7053/13/4
f 7052/9/4 7053/9/4 7056/9/4
f 7056/9/4 7053/9/4 7057/9/4
f 7054/11/4 7055/11/4 7058/11/4
f 7058/11/4 7055/11/4 7059/11/4
f 7059/11/4 7055/11/4 7060/11/4
f 7061/11/4 7062/11/4 7063/11/4
f 7061/11/4 7063/11/4 7065/11/4
f 7063/11/4 7064/11/4 7065/11/4
f 7065/11/4 7064/11/4 7066/11/4
f 7067/3/4 7068/3/4 7069/3/4
f 7069/3/4 7068/3/4 7070/3/4
f 7071/3/4 7072/3/4 7074/3/4
f 7074/3/4 7072/3/4 7075/3/4
f 7073/3/4 7074/3/4 7076/3/4
f 7076/3/4 7074/3/4 7077/3/4
f 7079/9/4 7080/9/4 7083/9/4
f 7083/9/4 7080/9/4 7084/9/4
f 7081/6/4 7082/6/4 7086/6/4
f 7086/6/4 7082/6/4 7087/6/4
f 7078/13/4 7079/13/4 7088/13/4
f 7079/9/4 7083/9/4 7089/9/4
f 7088/13/4 7079/13/4 7089/13/4
f 7089/9/4 7083/9/4 7090/9/4
f 7085/6/4 7086/6/4 7091/6/4
f 7091/6/4 7086/6/4 7092/6/4
f 7078/13/4 7088/13/4 7093/13/4
f 7088/6/4 7089/6/4 7094/6/4
f 7093/13/4 7088/13/4 7094/13/4
f 7094/6/4 7089/6/4 7095/6/4
f 7089/13/4 7090/13/4 7096/13/4
f 7095/6/4 7089/6/4 7096/6/4
f 7096/13/4 7090/13/4 7097/13/4
f 7094/6/4 7095/6/4 7098/6/4
f 7093/6/4 7094/6/4 7098/6/4
f 7095/13/4 7096/13/4 7098/13/4
f 7098/13/4 7096/13/4 7099/13/4
f 7093/6/4 7098/6/4 7100/6/4
f 7100/6/4 7098/6/4 7101/6/4
f 7102/11/4 7103/11/4 7104/11/4
f 7104/11/4 7103/11/4 7105/11/4
f 7106/5/4 7107/5/4 7110/5/4
f 7110/5/4 7107/5/4 7111/5/4
f 7108/13/4 7109/13/4 7114/13/4
f 7114/13/4 7109/13/4 7115/13/4
f 7112/9/4 7113/9/4 7116/9/4
f 7116/9/4 7113/9/4 7117/9/4
f 7118/11/4 7119/11/4 7122/11/4
f 7122/11/4 7119/11/4 7123/11/4
f 7120/5/4 7121/5/4 7124/5/4
f 7124/5/4 7121/5/4 7125/5/4
f 7126/11/4 7127/11/4 7128/11/4
f 7128/11/4 7127/11/4 7129/11/4
f 7130/3/4 7131/3/4 7135/3/4
f 7132/3/4 7133/3/4 7136/3/4
f 7136/3/4 7133/3/4 7137/3/4
f 7137/3/4 7133/3/4 7138/3/4
f 7134/13/4 7135/13/4 7139/13/4
f 7135/3/4 7131/3/4 7140/3/4
f 7139/13/4 7135/13/4 7140/13/4
f 7139/3/4 7140/3/4 7141/3/4
f 7140/3/4 7131/3/4 7142/3/4
f 7141/3/4 7140/3/4 7142/3/4
f 7141/13/4 7142/13/4 7143/13/4
f 7142/3/4 7131/3/4 7144/3/4
f 7143/13/4 7142/13/4 7144/13/4
f 7144/3/4 7131/3/4 7147/3/4
f 7147/3/4 7131/3/4 7148/3/4
f 7145/3/4 7146/3/4 7149/3/4
f 7149/3/4 7146/3/4 7150/3/4
f 7147/10/4 7148/10/4 7151/10/4
f 7151/10/4 7148/10/4 7152/10/4
f 7153/13/4 7154/13/4 7157/13/4
f 7157/13/4 7154/13/4 7158/13/4
f 7155/13/4 7156/13/4 7159/13/4
f 7159/13/4 7156/13/4 7160/13/4
f 7161/6/4 7162/6/4 7165/6/4
f 7163/6/4 7164/6/4 7166/6/4
f 7166/6/4 7164/6/4 7167/6/4
f 7165/6/4 7162/6/4 7168/6/4
f 7168/6/4 7162/6/4 7169/6/4
f 7170/11/4 7171/11/4 7172/11/4
f 7172/11/4 7171/11/4 7173/11/4
f 7172/11/4 7173/11/4 7175/11/4
f 7173/11/4 7174/11/4 7175/11/4
f 7175/11/4 7174/11/4 7176/11/4
f 7176/11/4 7174/11/4 7177/11/4
f 7180/5/4 7181/5/4 7182/5/4
f 7178/11/4 7179/11/4 7184/11/4
f 7184/11/4 7179/11/4 7185/11/4
f 7182/5/4 7183/5/4 7186/5/4
f 7180/5/4 7182/5/4 7186/5/4
f 7186/5/4 7183/5/4 7187/5/4
f 7187/5/4 7183/5/4 7188/5/4
f 7187/5/4 7188/5/4 7190/5/4
f 7188/9/4 7189/9/4 7191/9/4
f 7190/5/4 7188/5/4 7191/5/4
f 7191/9/4 7189/9/4 7192/9/4
f 7193/9/4 7194/9/4 7197/9/4
f 7197/9/4 7194/9/4 7198/9/4
f 7195/5/4 7196/5/4 7199/5/4
f 7199/5/4 7196/5/4 7200/5/4
f 7201/11/4 7202/11/4 7203/11/4
f 7203/11/4 7202/11/4 7204/11/4
f 7205/5/4 7206/5/4 7207/5/4
f 7207/5/4 7206/5/4 7208/5/4
f 7209/8/4 7210/8/4 7212/8/4
f 7212/8/4 7210/8/4 7213/8/4
f 7211/8/4 7212/8/4 7216/8/4
f 7216/8/4 7212/8/4 7217/8/4
f 7214/3/4 7215/3/4 7219/3/4
f 7219/3/4 7215/3/4 7220/3/4
f 7217/8/4 7218/8/4 7221/8/4
f 7221/8/4 7218/8/4 7222/8/4
f 7224/3/4 7225/3/4 7226/3/4
f 7226/3/4 7225/3/4 7227/3/4
f 7222/3/4 7223/3/4 7234/3/4
f 7234/3/4 7223/3/4 7235/3/4
f 7228/3/4 7229/3/4 7236/3/4
f 7236/3/4 7229/3/4 7237/3/4
f 7230/13/4 7231/13/4 7238/13/4
f 7238/13/4 7231/13/4 7239/13/4
f 7232/8/4 7233/8/4 7240/8/4
f 7233/8/4 7234/8/4 7240/8/4
f 7240/8/4 7234/8/4 7241/8/4
f 7241/8/4 7234/8/4 7242/8/4
f 7243/9/4 7244/9/4 7245/9/4
f 7245/9/4 7244/9/4 7246/9/4
f 7240/8/4 7241/8/4 7247/8/4
f 7247/8/4 7241/8/4 7248/8/4
f 7249/8/4 7250/8/4 7251/8/4
f 7251/8/4 7250/8/4 7252/8/4
f 7253/13/4 7254/13/4 7258/13/4
f 7254/7/4 7255/7/4 7259/7/4
f 7258/13/4 7254/13/4 7259/13/4
f 7259/7/4 7255/7/4 7260/7/4
f 7256/6/4 7257/6/4 7262/6/4
f 7262/6/4 7257/6/4 7263/6/4
f 7261/6/4 7262/6/4 7264/6/4
f 7264/6/4 7262/6/4 7265/6/4
f 7266/13/4 7267/13/4 7268/13/4
f 7268/13/4 7267/13/4 7269/13/4
f 7270/11/4 7271/11/4 7274/11/4
f 7274/11/4 7271/11/4 7275/11/4
f 7272/11/4 7273/11/4 7276/11/4
f 7276/11/4 7273/11/4 7277/11/4
f 7278/13/4 7279/13/4 7280/13/4
f 7280/13/4 7279/13/4 7281/13/4
f 7281/13/4 7279/13/4 7282/13/4
f 7282/7/4 7283/7/4 7286/7/4
f 7284/13/4 7285/13/4 7287/13/4
f 7287/13/4 7285/13/4 7288/13/4
f 7286/7/4 7283/7/4 7289/7/4
f 7289/7/4 7283/7/4 7290/7/4
f 7287/9/4 7288/9/4 7294/9/4
f 7294/9/4 7288/9/4 7295/9/4
f 7291/11/4 7292/11/4 7296/11/4
f 7292/5/4 7293/5/4 7297/5/4
f 7296/11/4 7292/11/4 7297/11/4
f 7297/5/4 7293/5/4 7298/5/4
f 7299/7/4 7300/7/4 7301/7/4
f 7301/7/4 7300/7/4 7302/7/4
f 7303/8/4 7304/8/4 7305/8/4
f 7305/8/4 7304/8/4 7306/8/4
f 7303/8/4 7305/8/4 7307/8/4
f 7307/8/4 7305/8/4 7308/8/4
f 7308/8/4 7305/8/4 7309/8/4
f 7310/3/4 7311/3/4 7312/3/4
f 7312/3/4 7311/3/4 7313/3/4
f 7313/3/4 7311/3/4 7314/3/4
f 7312/3/4 7313/3/4 7315/3/4
f 7315/3/4 7313/3/4 7316/3/4
f 7317/3/4 7318/3/4 7321/3/4
f 7321/3/4 7318/3/4 7322/3/4
f 7319/7/4 7320/7/4 7323/7/4
f 7323/7/4 7320/7/4 7324/7/4
f 7325/9/4 7326/9/4 7329/9/4
f 7329/9/4 7326/9/4 7330/9/4
f 7327/8/4 7328/8/4 7331/8/4
f 7331/8/4 7328/8/4 7332/8/4
f 7332/8/4 7333/8/4 7336/8/4
f 7331/8/4 7332/8/4 7336/8/4
f 7334/9/4 7335/9/4 7337/9/4
f 7337/9/4 7335/9/4 7338/9/4
f 7331/8/4 7336/8/4 7341/8/4
f 7341/8/4 7336/8/4 7342/8/4
f 7339/7/4 7340/7/4 7345/7/4
f 7345/7/4 7340/7/4 7346/7/4
f 7343/13/4 7344/13/4 7350/13/4
f 7344/7/4 7345/7/4 7351/7/4
f 7350/13/4 7344/13/4 7351/13/4
f 7351/7/4 7345/7/4 7352/7/4
f 7347/7/4 7348/7/4 7353/7/4
f 7353/7/4 7348/7/4 7354/7/4
f 7349/13/4 7350/13/4 7355/13/4
f 7355/13/4 7350/13/4 7356/13/4
f 7357/6/4 7358/6/4 7359/6/4
f 7359/6/4 7358/6/4 7360/6/4
f 7360/13/4 7361/13/4 7363/13/4
f 7363/13/4 7361/13/4 7364/13/4
f 7362/13/4 7363/13/4 7365/13/4
f 7365/13/4 7363/13/4 7366/13/4
f 7367/11/4 7368/11/4 7371/11/4
f 7371/11/4 7368/11/4 7372/11/4
f 7369/5/4 7370/5/4 7373/5/4
f 7373/5/4 7370/5/4 7374/5/4
f 7375/11/4 7376/11/4 7377/11/4
f 7377/11/4 7376/11/4 7378/11/4
f 7379/13/4 7380/13/4 7381/13/4
f 7381/13/4 7380/13/4 7382/13/4
f 7383/11/4 7384/11/4 7385/11/4
f 7385/11/4 7384/11/4 7386/11/4
f 7387/3/4 7388/3/4 7390/3/4
f 7389/3/4 7390/3/4 7391/3/4
f 7390/3/4 7388/3/4 7392/3/4
f 7391/3/4 7390/3/4 7392/3/4
f 7393/3/4 7394/3/4 7395/3/4
f 7395/3/4 7394/3/4 7396/3/4
f 7397/13/4 7398/13/4 7403/13/4
f 7399/13/4 7400/13/4 7404/13/4
f 7404/13/4 7400/13/4 7405/13/4
f 7401/7/4 7402/7/4 7410/7/4
f 7402/13/4 7403/13/4 7411/13/4
f 7410/7/4 7402/7/4 7411/7/4
f 7403/13/4 7398/13/4 7412/13/4
f 7411/13/4 7403/13/4 7412/13/4
f 7406/3/4 7407/3/4 7413/3/4
f 7413/3/4 7407/3/4 7414/3/4
f 7408/13/4 7409/13/4 7415/13/4
f 7409/7/4 7410/7/4 7416/7/4
f 7415/13/4 7409/13/4 7416/13/4
f 7410/13/4 7411/13/4 7417/13/4
f 7416/7/4 7410/7/4 7417/7/4
f 7417/13/4 7411/13/4 7418/13/4
f 7414/3/4 7407/3/4 7419/3/4
f 7419/3/4 7407/3/4 7420/3/4
f 7416/7/4 7417/7/4 7421/7/4
f 7416/7/4 7421/7/4 7424/7/4
f 7421/13/4 7422/13/4 7425/13/4
f 7424/7/4 7421/7/4 7425/7/4
f 7423/13/4 7424/13/4 7430/13/4
f 7430/13/4 7424/13/4 7431/13/4
f 7425/13/4 7422/13/4 7432/13/4
f 7432/13/4 7422/13/4 7433/13/4
f 7426/12/4 7427/12/4 7436/12/4
f 7436/12/4 7427/12/4 7437/12/4
f 7428/13/4 7429/13/4 7438/13/4
f 7438/13/4 7429/13/4 7439/13/4
f 7434/13/4 7435/13/4 7440/13/4
f 7440/13/4 7435/13/4 7441/13/4
f 7442/6/4 7443/6/4 7444/6/4
f 7442/6/4 7444/6/4 7447/6/4
f 7445/6/4 7446/6/4 7448/6/4
f 7448/6/4 7446/6/4 7449/6/4
f 7442/6/4 7447/6/4 7452/6/4
f 7452/6/4 7447/6/4 7453/6/4
f 7450/13/4 7451/13/4 7454/13/4
f 7454/13/4 7451/13/4 7455/13/4
f 7456/11/4 7457/11/4 7460/11/4
f 7460/11/4 7457/11/4 7461/11/4
f 7458/5/4 7459/5/4 7462/5/4
f 7462/5/4 7459/5/4 7463/5/4
f 7464/11/4 7465/11/4 7466/11/4
f 7466/11/4 7465/11/4 7467/11/4
f 7468/7/4 7469/7/4 7472/7/4
f 7472/7/4 7469/7/4 7473/7/4
f 7473/7/4 7469/7/4 7474/7/4
f 7470/13/4 7471/13/4 7475/13/4
f 7475/13/4 7471/13/4 7476/13/4
f 7477/11/4 7478/11/4 7479/11/4
f 7479/11/4 7478/11/4 7480/11/4
f 7481/7/4 7482/7/4 7483/7/4
f 7483/7/4 7482/7/4 7484/7/4
f 7485/13/4 7486/13/4 7489/13/4
f 7489/13/4 7486/13/4 7490/13/4
f 7487/13/4 7488/13/4 7491/13/4
f 7491/13/4 7488/13/4 7492/13/4
f 7493/13/4 7494/13/4 7499/13/4
f 7495/9/4 7496/9/4 7501/9/4
f 7501/9/4 7496/9/4 7502/9/4
f 7497/13/4 7498/13/4 7503/13/4
f 7503/13/4 7498/13/4 7504/13/4
f 7499/13/4 7500/13/4 7510/13/4
f 7493/13/4 7499/13/4 7510/13/4
f 7510/13/4 7500/13/4 7511/13/4
f 7511/13/4 7500/13/4 7512/13/4
f 7504/13/4 7505/13/4 7513/13/4
f 7513/13/4 7505/13/4 7514/13/4
f 7506/13/4 7507/13/4 7516/13/4
f 7516/13/4 7507/13/4 7517/13/4
f 7508/13/4 7509/13/4 7520/13/4
f 7520/13/4 7509/13/4 7521/13/4
f 7521/13/4 7509/13/4 7522/13/4
f 7510/13/4 7511/13/4 7523/13/4
f 7523/13/4 7511/13/4 7524/13/4
f 7517/13/4 7518/13/4 7526/13/4
f 7515/13/4 7516/13/4 7526/13/4
f 7516/13/4 7517/13/4 7526/13/4
f 7526/13/4 7518/13/4 7527/13/4
f 7520/13/4 7521/13/4 7528/13/4
f 7519/13/4 7520/13/4 7528/13/4
f 7528/13/4 7521/13/4 7529/13/4
f 7526/9/4 7527/9/4 7538/9/4
f 7525/9/4 7526/9/4 7538/9/4
f 7527/13/4 7518/13/4 7539/13/4
f 7538/9/4 7527/9/4 7539/9/4
f 7539/13/4 7518/13/4 7540/13/4
f 7529/13/4 7521/13/4 7541/13/4
f 7530/13/4 7531/13/4 7544/13/4
f 7544/13/4 7531/13/4 7545/13/4
f 7532/13/4 7533/13/4 7547/13/4
f 7547/13/4 7533/13/4 7548/13/4
f 7535/13/4 7536/13/4 7549/13/4
f 7534/13/4 7535/13/4 7549/13/4
f 7549/13/4 7536/13/4 7550/13/4
f 7550/13/4 7536/13/4 7551/13/4
f 7537/9/4 7538/9/4 7554/9/4
f 7538/9/4 7539/9/4 7554/9/4
f 7554/9/4 7539/9/4 7555/9/4
f 7541/13/4 7542/13/4 7556/13/4
f 7529/13/4 7541/13/4 7556/13/4
f 7556/13/4 7542/13/4 7557/13/4
f 7545/13/4 7546/13/4 7558/13/4
f 7543/13/4 7544/13/4 7558/13/4
f 7544/13/4 7545/13/4 7558/13/4
f 7558/13/4 7546/13/4 7559/13/4
f 7547/13/4 7548/13/4 7560/13/4
f 7560/13/4 7548/13/4 7561/13/4
f 7552/13/4 7553/13/4 7562/13/4
f 7551/13/4 7552/13/4 7562/13/4
f 7550/13/4 7551/13/4 7562/13/4
f 7553/13/4 7554/13/4 7562/13/4
f 7562/13/4 7554/13/4 7563/13/4
f 7563/13/4 7554/13/4 7564/13/4
f 7559/13/4 7560/13/4 7565/13/4
f 7565/13/4 7560/13/4 7566/13/4
f 7564/13/4 7554/13/4 7567/13/4
f 7567/13/4 7554/13/4 7568/13/4
f 7569/6/4 7570/6/4 7571/6/4
f 7571/6/4 7570/6/4 7572/6/4
f 7573/5/4 7574/5/4 7576/5/4
f 7576/5/4 7574/5/4 7577/5/4
f 7575/11/4 7576/11/4 7578/11/4
f 7578/11/4 7576/11/4 7579/11/4
f 7580/11/4 7581/11/4 7582/11/4
f 7582/11/4 7581/11/4 7583/11/4
f 7584/7/4 7585/7/4 7588/7/4
f 7585/3/4 7586/3/4 7588/3/4
f 7586/1/4 7587/1/4 7589/1/4
f 7588/3/4 7586/3/4 7589/3/4
f 7589/1/4 7587/1/4 7590/1/4
f 7584/7/4 7588/7/4 7593/7/4
f 7588/1/4 7589/1/4 7594/1/4
f 7593/7/4 7588/7/4 7594/7/4
f 7590/3/4 7591/3/4 7595/3/4
f 7594/1/4 7589/1/4 7595/1/4
f 7589/3/4 7590/3/4 7595/3/4
f 7595/3/4 7591/3/4 7596/3/4
f 7596/3/4 7591/3/4 7597/3/4
f 7592/7/4 7593/7/4 7602/7/4
f 7593/1/4 7594/1/4 7603/1/4
f 7602/7/4 7593/7/4 7603/7/4
f 7594/1/4 7595/1/4 7603/1/4
f 7603/1/4 7595/1/4 7604/1/4
f 7604/1/4 7595/1/4 7605/1/4
f 7600/11/4 7601/11/4 7606/11/4
f 7606/11/4 7601/11/4 7607/11/4
f 7598/3/4 7599/3/4 7609/3/4
f 7609/3/4 7599/3/4 7610/3/4
f 7608/3/4 7609/3/4 7611/3/4
f 7611/3/4 7609/3/4 7612/3/4
f 7613/13/4 7614/13/4 7619/13/4
f 7619/13/4 7614/13/4 7620/13/4
f 7615/7/4 7616/7/4 7621/7/4
f 7621/7/4 7616/7/4 7622/7/4
f 7617/13/4 7618/13/4 7623/13/4
f 7623/13/4 7618/13/4 7624/13/4
f 7625/13/4 7626/13/4 7631/13/4
f 7631/13/4 7626/13/4 7632/13/4
f 7627/13/4 7628/13/4 7636/13/4
f 7636/13/4 7628/13/4 7637/13/4
f 7629/13/4 7630/13/4 7638/13/4
f 7638/13/4 7630/13/4 7639/13/4
f 7633/13/4 7634/13/4 7645/13/4
f 7645/13/4 7634/13/4 7646/13/4
f 7646/13/4 7634/13/4 7647/13/4
f 7639/13/4 7640/13/4 7648/13/4
f 7638/13/4 7639/13/4 7648/13/4
f 7636/13/4 7637/13/4 7648/13/4
f 7637/13/4 7638/13/4 7648/13/4
f 7635/13/4 7636/13/4 7648/13/4
f 7648/13/4 7640/13/4 7649/13/4
f 7649/13/4 7640/13/4 7650/13/4
f 7641/3/4 7642/3/4 7654/3/4
f 7654/3/4 7642/3/4 7655/3/4
f 7643/13/4 7644/13/4 7656/13/4
f 7656/13/4 7644/13/4 7657/13/4
f 7645/9/4 7646/9/4 7658/9/4
f 7658/9/4 7646/9/4 7659/9/4
f 7635/13/4 7648/13/4 7660/13/4
f 7660/13/4 7648/13/4 7661/13/4
f 7661/13/4 7648/13/4 7662/13/4
f 7662/13/4 7648/13/4 7663/13/4
f 7650/9/4 7651/9/4 7664/9/4
f 7649/9/4 7650/9/4 7664/9/4
f 7664/9/4 7651/9/4 7665/9/4
f 7665/9/4 7651/9/4 7666/9/4
f 7652/3/4 7653/3/4 7671/3/4
f 7671/3/4 7653/3/4 7672/3/4
f 7661/13/4 7662/13/4 7673/13/4
f 7673/13/4 7662/13/4 7674/13/4
f 7665/13/4 7666/13/4 7675/13/4
f 7675/13/4 7666/13/4 7676/13/4
f 7667/13/4 7668/13/4 7677/13/4
f 7677/13/4 7668/13/4 7678/13/4
f 7669/13/4 7670/13/4 7679/13/4
f 7679/13/4 7670/13/4 7680/13/4
f 7676/13/4 7677/13/4 7684/13/4
f 7684/13/4 7677/13/4 7685/13/4
f 7681/9/4 7682/9/4 7686/9/4
f 7682/13/4 7683/13/4 7687/13/4
f 7686/9/4 7682/9/4 7687/9/4
f 7687/13/4 7683/13/4 7688/13/4
f 7689/13/4 7690/13/4 7691/13/4
f 7691/13/4 7690/13/4 7692/13/4
f 7693/11/4 7694/11/4 7695/11/4
f 7695/11/4 7694/11/4 7696/11/4
f 7697/1/4 7698/1/4 7701/1/4
f 7699/3/4 7700/3/4 7702/3/4
f 7701/1/4 7698/1/4 7702/1/4
f 7698/3/4 7699/3/4 7702/3/4
f 7702/3/4 7700/3/4 7705/3/4
f 7705/3/4 7700/3/4 7706/3/4
f 7706/3/4 7700/3/4 7707/3/4
f 7707/3/4 7700/3/4 7708/3/4
f 7703/11/4 7704/11/4 7709/11/4
f 7709/11/4 7704/11/4 7710/11/4
f 7706/3/4 7707/3/4 7711/3/4
f 7711/3/4 7707/3/4 7712/3/4
f 7713/7/4 7714/7/4 7716/7/4
f 7714/9/4 7715/9/4 7717/9/4
f 7716/7/4 7714/7/4 7717/7/4
f 7717/9/4 7715/9/4 7718/9/4
f 7719/3/4 7720/3/4 7721/3/4
f 7721/3/4 7720/3/4 7722/3/4
f 7725/13/4 7726/13/4 7727/13/4
f 7727/13/4 7726/13/4 7728/13/4
f 7723/3/4 7724/3/4 7729/3/4
f 7729/3/4 7724/3/4 7730/3/4
f 7731/13/4 7732/13/4 7736/13/4
f 7736/13/4 7732/13/4 7737/13/4
f 7733/13/4 7734/13/4 7738/13/4
f 7734/9/4 7735/9/4 7739/9/4
f 7738/13/4 7734/13/4 7739/13/4
f 7739/9/4 7735/9/4 7740/9/4
f 7740/9/4 7741/9/4 7746/9/4
f 7739/9/4 7740/9/4 7746/9/4
f 7746/9/4 7741/9/4 7747/9/4
f 7742/3/4 7743/3/4 7749/3/4
f 7749/3/4 7743/3/4 7750/3/4
f 7744/13/4 7745/13/4 7753/13/4
f 7747/9/4 7748/9/4 7754/9/4
f 7754/9/4 7748/9/4 7755/9/4
f 7751/9/4 7752/9/4 7756/9/4
f 7752/13/4 7753/13/4 7757/13/4
f 7756/9/4 7752/9/4 7757/9/4
f 7753/13/4 7745/13/4 7758/13/4
f 7757/13/4 7753/13/4 7758/13/4
f 7759/13/4 7760/13/4 7762/13/4
f 7762/13/4 7760/13/4 7763/13/4
f 7761/13/4 7762/13/4 7765/13/4
f 7765/13/4 7762/13/4 7766/13/4
f 7764/13/4 7765/13/4 7769/13/4
f 7769/13/4 7765/13/4 7770/13/4
f 7767/13/4 7768/13/4 7771/13/4
f 7771/13/4 7768/13/4 7772/13/4
f 7773/11/4 7774/11/4 7775/11/4
f 7775/11/4 7774/11/4 7776/11/4
f 7777/11/4 7778/11/4 7780/11/4
f 7780/11/4 7778/11/4 7781/11/4
f 7779/11/4 7780/11/4 7782/11/4
f 7782/11/4 7780/11/4 7783/11/4
f 7784/7/4 7785/7/4 7788/7/4
f 7785/1/4 7786/1/4 7788/1/4
f 7786/3/4 7787/3/4 7789/3/4
f 7788/1/4 7786/1/4 7789/1/4
f 7789/3/4 7787/3/4 7790/3/4
f 7784/7/4 7788/7/4 7792/7/4
f 7790/7/4 7791/7/4 7792/7/4
f 7789/7/4 7790/7/4 7792/7/4
f 7788/7/4 7789/7/4 7792/7/4
f 7792/7/4 7791/7/4 7793/7/4
f 7793/7/4 7791/7/4 7794/7/4
f 7793/12/4 7794/12/4 7795/12/4
f 7795/12/4 7794/12/4 7796/12/4
f 7797/3/4 7798/3/4 7799/3/4
f 7799/3/4 7798/3/4 7800/3/4
f 7800/3/4 7801/3/4 7802/3/4
f 7802/3/4 7801/3/4 7803/3/4
f 7805/7/4 7806/7/4 7810/7/4
f 7810/7/4 7806/7/4 7811/7/4
f 7807/13/4 7808/13/4 7818/13/4
f 7818/13/4 7808/13/4 7819/13/4
f 7809/13/4 7810/13/4 7820/13/4
f 7820/13/4 7810/13/4 7821/13/4
f 7813/13/4 7814/13/4 7822/13/4
f 7822/13/4 7814/13/4 7823/13/4
f 7815/13/4 7816/13/4 7824/13/4
f 7824/13/4 7816/13/4 7825/13/4
f 7817/9/4 7818/9/4 7828/9/4
f 7828/9/4 7818/9/4 7829/9/4
f 7825/13/4 7826/13/4 7830/13/4
f 7830/13/4 7826/13/4 7831/13/4
f 7827/13/4 7828/13/4 7833/13/4
f 7833/13/4 7828/13/4 7834/13/4
f 7811/7/4 7812/7/4 7835/7/4
f 7835/7/4 7812/7/4 7836/7/4
f 7803/3/4 7804/3/4 7839/3/4
f 7839/3/4 7804/3/4 7840/3/4
f 7832/9/4 7833/9/4 7845/9/4
f 7845/9/4 7833/9/4 7846/9/4
f 7837/7/4 7838/7/4 7849/7/4
f 7849/7/4 7838/7/4 7850/7/4
f 7841/13/4 7842/13/4 7853/13/4
f 7853/13/4 7842/13/4 7854/13/4
f 7843/13/4 7844/13/4 7855/13/4
f 7855/13/4 7844/13/4 7856/13/4
f 7847/7/4 7848/7/4 7861/7/4
f 7861/7/4 7848/7/4 7862/7/4
f 7851/3/4 7852/3/4 7863/3/4
f 7863/3/4 7852/3/4 7864/3/4
f 7858/13/4 7859/13/4 7865/13/4
f 7857/13/4 7858/13/4 7865/13/4
f 7865/13/4 7859/13/4 7866/13/4
f 7860/7/4 7861/7/4 7867/7/4
f 7867/7/4 7861/7/4 7868/7/4
f 7866/7/4 7867/7/4 7871/7/4
f 7871/7/4 7867/7/4 7872/7/4
f 7869/7/4 7870/7/4 7875/7/4
f 7875/7/4 7870/7/4 7876/7/4
f 7873/13/4 7874/13/4 7877/13/4
f 7877/13/4 7874/13/4 7878/13/4
f 7879/13/4 7880/13/4 7885/13/4
f 7885/13/4 7880/13/4 7886/13/4
f 7881/13/4 7882/13/4 7887/13/4
f 7887/13/4 7882/13/4 7888/13/4
f 7883/3/4 7884/3/4 7889/3/4
f 7889/3/4 7884/3/4 7890/3/4
f 7891/13/4 7892/13/4 7895/13/4
f 7893/13/4 7894/13/4 7895/13/4
f 7892/13/4 7893/13/4 7895/13/4
f 7895/13/4 7894/13/4 7896/13/4
f 7897/11/4 7898/11/4 7899/11/4
f 7899/11/4 7898/11/4 7900/11/4
f 7901/12/4 7902/12/4 7905/12/4
f 7902/4/4 7903/4/4 7906/4/4
f 7905/12/4 7902/12/4 7906/12/4
f 7903/3/4 7904/3/4 7907/3/4
f 7906/4/4 7903/4/4 7907/4/4
f 7907/3/4 7904/3/4 7908/3/4
f 7909/13/4 7910/13/4 7918/13/4
f 7918/13/4 7910/13/4 7919/13/4
f 7911/7/4 7912/7/4 7920/7/4
f 7915/13/4 7916/13/4 7921/13/4
f 7921/13/4 7916/13/4 7922/13/4
f 7917/9/4 7918/9/4 7924/9/4
f 7924/9/4 7918/9/4 7925/9/4
f 7923/13/4 7924/13/4 7929/13/4
f 7924/13/4 7925/13/4 7929/13/4
f 7929/13/4 7925/13/4 7930/13/4
f 7930/13/4 7925/13/4 7931/13/4
f 7919/13/4 7920/13/4 7932/13/4
f 7920/7/4 7912/7/4 7933/7/4
f 7932/13/4 7920/13/4 7933/13/4
f 7933/7/4 7912/7/4 7934/7/4
f 7913/1/4 7914/1/4 7935/1/4
f 7935/1/4 7914/1/4 7936/1/4
f 7926/7/4 7927/7/4 7937/7/4
f 7937/7/4 7927/7/4 7938/7/4
f 7928/9/4 7929/9/4 7944/9/4
f 7929/9/4 7930/9/4 7944/9/4
f 7932/13/4 7933/13/4 7945/13/4
f 7935/7/4 7936/7/4 7946/7/4
f 7934/7/4 7935/7/4 7946/7/4
f 7946/7/4 7936/7/4 7947/7/4
f 7939/12/4 7940/12/4 7950/12/4
f 7940/4/4 7941/4/4 7951/4/4
f 7950/12/4 7940/12/4 7951/12/4
f 7951/4/4 7941/4/4 7952/4/4
f 7942/13/4 7943/13/4 7953/13/4
f 7944/9/4 7945/9/4 7954/9/4
f 7928/9/4 7944/9/4 7954/9/4
f 7954/9/4 7945/9/4 7955/9/4
f 7955/9/4 7945/9/4 7956/9/4
f 7945/13/4 7933/13/4 7957/13/4
f 7956/9/4 7945/9/4 7957/9/4
f 7957/13/4 7933/13/4 7958/13/4
f 7934/7/4 7946/7/4 7959/7/4
f 7959/7/4 7946/7/4 7960/7/4
f 7948/7/4 7949/7/4 7961/7/4
f 7947/7/4 7948/7/4 7961/7/4
f 7961/7/4 7949/7/4 7962/7/4
f 7953/13/4 7943/13/4 7963/13/4
f 7963/13/4 7943/13/4 7964/13/4
f 7955/13/4 7956/13/4 7965/13/4
f 7965/13/4 7956/13/4 7966/13/4
f 7958/7/4 7959/7/4 7967/7/4
f 7967/7/4 7959/7/4 7968/7/4
f 7969/12/4 7970/12/4 7971/12/4
f 7971/12/4 7970/12/4 7972/12/4
f 7973/7/4 7974/7/4 7975/7/4
f 7975/7/4 7974/7/4 7976/7/4
f 7975/3/4 7976/3/4 7980/3/4
f 7976/3/4 7977/3/4 7980/3/4
f 7980/3/4 7977/3/4 7981/3/4
f 7981/3/4 7977/3/4 7982/3/4
f 7982/3/4 7977/3/4 7983/3/4
f 7978/13/4 7979/13/4 7984/13/4
f 7984/13/4 7979/13/4 7985/13/4
f 7985/13/4 7979/13/4 7986/13/4
f 7981/3/4 7982/3/4 7987/3/4
f 7987/3/4 7982/3/4 7988/3/4
f 7989/13/4 7990/13/4 7993/13/4
f 7993/13/4 7990/13/4 7994/13/4
f 7991/3/4 7992/3/4 7995/3/4
f 7995/3/4 7992/3/4 7996/3/4
f 7989/13/4 7993/13/4 7997/13/4
f 7993/9/4 7994/9/4 7998/9/4
f 7997/13/4 7993/13/4 7998/13/4
f 7998/9/4 7994/9/4 7999/9/4
f 8000/13/4 8001/13/4 8002/13/4
f 8002/13/4 8001/13/4 8003/13/4
f 8004/13/4 8005/13/4 8013/13/4
f 8005/7/4 8006/7/4 8014/7/4
f 8013/13/4 8005/13/4 8014/13/4
f 8006/12/4 8007/12/4 8015/12/4
f 8014/7/4 8006/7/4 8015/7/4
f 8015/12/4 8007/12/4 8016/12/4
f 8008/7/4 8009/7/4 8017/7/4
f 8017/7/4 8009/7/4 8018/7/4
f 8010/3/4 8011/3/4 8022/3/4
f 8011/7/4 8012/7/4 8023/7/4
f 8022/3/4 8011/3/4 8023/3/4
f 8023/7/4 8012/7/4 8024/7/4
f 8018/12/4 8019/12/4 8028/12/4
f 8017/12/4 8018/12/4 8028/12/4
f 8028/12/4 8019/12/4 8029/12/4
f 8020/3/4 8021/3/4 8031/3/4
f 8031/3/4 8021/3/4 8032/3/4
f 8024/7/4 8025/7/4 8034/7/4
f 8025/13/4 8026/13/4 8035/13/4
f 8034/7/4 8025/7/4 8035/7/4
f 8035/13/4 8026/13/4 8036/13/4
f 8026/7/4 8027/7/4 8037/7/4
f 8036/13/4 8026/13/4 8037/13/4
f 8037/7/4 8027/7/4 8038/7/4
f 8030/3/4 8031/3/4 8039/3/4
f 8039/3/4 8031/3/4 8040/3/4
f 8041/3/4 8042/3/4 8044/3/4
f 8043/1/4 8044/1/4 8045/1/4
f 8044/3/4 8042/3/4 8046/3/4
f 8045/1/4 8044/1/4 8046/1/4
f 8046/3/4 8042/3/4 8047/3/4
f 8048/6/4 8049/6/4 8052/6/4
f 8052/6/4 8049/6/4 8053/6/4
f 8039/4/4 8040/4/4 8056/4/4
f 8056/4/4 8040/4/4 8057/4/4
f 8050/13/4 8051/13/4 8059/13/4
f 8059/13/4 8051/13/4 8060/13/4
f 8056/3/4 8057/3/4 8069/3/4
f 8069/3/4 8057/3/4 8070/3/4
f 8032/3/4 8033/3/4 8071/3/4
f 8054/13/4 8055/13/4 8073/13/4
f 8073/13/4 8055/13/4 8074/13/4
f 8058/9/4 8059/9/4 8075/9/4
f 8059/9/4 8060/9/4 8075/9/4
f 8075/9/4 8060/9/4 8076/9/4
f 8063/1/4 8064/1/4 8077/1/4
f 8064/3/4 8065/3/4 8078/3/4
f 8077/1/4 8064/1/4 8078/1/4
f 8078/3/4 8065/3/4 8079/3/4
f 8066/12/4 8067/12/4 8080/12/4
f 8067/12/4 8068/12/4 8080/12/4
f 8080/12/4 8068/12/4 8081/12/4
f 8081/12/4 8068/12/4 8082/12/4
f 8069/3/4 8070/3/4 8083/3/4
f 8070/3/4 8071/3/4 8083/3/4
f 8071/3/4 8033/3/4 8084/3/4
f 8083/3/4 8071/3/4 8084/3/4
f 8072/6/4 8073/6/4 8086/6/4
f 8086/6/4 8073/6/4 8087/6/4
f 8061/7/4 8062/7/4 8088/7/4
f 8088/7/4 8062/7/4 8089/7/4
f 8080/7/4 8081/7/4 8093/7/4
f 8093/7/4 8081/7/4 8094/7/4
f 8086/13/4 8087/13/4 8095/13/4
f 8085/13/4 8086/13/4 8095/13/4
f 8095/13/4 8087/13/4 8096/13/4
f 8090/12/4 8091/12/4 8098/12/4
f 8091/13/4 8092/13/4 8099/13/4
f 8098/12/4 8091/12/4 8099/12/4
f 8099/13/4 8092/13/4 8100/13/4
f 8100/13/4 8092/13/4 8101/13/4
f 8097/7/4 8098/7/4 8104/7/4
f 8104/7/4 8098/7/4 8105/7/4
f 8099/13/4 8100/13/4 8106/13/4
f 8106/13/4 8100/13/4 8107/13/4
f 8102/13/4 8103/13/4 8108/13/4
f 8108/13/4 8103/13/4 8109/13/4
f 8109/13/4 8103/13/4 8110/13/4
f 8108/13/4 8109/13/4 8113/13/4
f 8109/7/4 8110/7/4 8114/7/4
f 8113/13/4 8109/13/4 8114/13/4
f 8114/7/4 8110/7/4 8115/7/4
f 8111/13/4 8112/13/4 8117/13/4
f 8117/13/4 8112/13/4 8118/13/4
f 8117/13/4 8118/13/4 8126/13/4
f 8116/13/4 8117/13/4 8126/13/4
f 8126/13/4 8118/13/4 8127/13/4
f 8127/13/4 8118/13/4 8128/13/4
f 8119/3/4 8120/3/4 8131/3/4
f 8131/3/4 8120/3/4 8132/3/4
f 8121/13/4 8122/13/4 8133/13/4
f 8122/9/4 8123/9/4 8134/9/4
f 8133/13/4 8122/13/4 8134/13/4
f 8134/9/4 8123/9/4 8135/9/4
f 8124/13/4 8125/13/4 8136/13/4
f 8136/13/4 8125/13/4 8137/13/4
f 8129/3/4 8130/3/4 8138/3/4
f 8130/3/4 8131/3/4 8138/3/4
f 8128/7/4 8129/7/4 8138/7/4
f 8138/3/4 8131/3/4 8139/3/4
f 8128/7/4 8138/7/4 8140/7/4
f 8127/13/4 8128/13/4 8140/13/4
f 8140/7/4 8138/7/4 8141/7/4
f 8133/9/4 8134/9/4 8142/9/4
f 8142/9/4 8134/9/4 8143/9/4
f 8127/13/4 8140/13/4 8146/13/4
f 8146/13/4 8140/13/4 8147/13/4
f 8143/13/4 8144/13/4 8148/13/4
f 8145/13/4 8146/13/4 8151/13/4
f 8151/13/4 8146/13/4 8152/13/4
f 8152/13/4 8146/13/4 8153/13/4
f 8148/13/4 8149/13/4 8154/13/4
f 8143/13/4 8148/13/4 8154/13/4
f 8154/13/4 8149/13/4 8155/13/4
f 8151/13/4 8152/13/4 8156/13/4
f 8150/13/4 8151/13/4 8156/13/4
f 8156/13/4 8152/13/4 8157/13/4
f 8158/11/4 8159/11/4 8160/11/4
f 8160/11/4 8159/11/4 8161/11/4
f 8161/11/4 8159/11/4 8162/11/4
f 8163/6/4 8164/6/4 8165/6/4
f 8165/6/4 8164/6/4 8166/6/4
f 8167/13/4 8168/13/4 8173/13/4
f 8168/9/4 8169/9/4 8174/9/4
f 8173/13/4 8168/13/4 8174/13/4
f 8169/13/4 8170/13/4 8175/13/4
f 8174/9/4 8169/9/4 8175/9/4
f 8175/13/4 8170/13/4 8176/13/4
f 8171/13/4 8172/13/4 8178/13/4
f 8178/13/4 8172/13/4 8179/13/4
f 8179/13/4 8172/13/4 8180/13/4
f 8175/13/4 8176/13/4 8181/13/4
f 8176/13/4 8177/13/4 8181/13/4
f 8181/13/4 8177/13/4 8182/13/4
f 8182/13/4 8177/13/4 8183/13/4
f 8182/12/4 8183/12/4 8186/12/4
f 8186/12/4 8183/12/4 8187/12/4
f 8184/6/4 8185/6/4 8188/6/4
f 8188/6/4 8185/6/4 8189/6/4
f 8192/4/4 8193/4/4 8200/4/4
f 8194/3/4 8195/3/4 8201/3/4
f 8196/7/4 8197/7/4 8202/7/4
f 8202/7/4 8197/7/4 8203/7/4
f 8198/1/4 8199/1/4 8204/1/4
f 8204/1/4 8199/1/4 8205/1/4
f 8190/4/4 8191/4/4 8206/4/4
f 8207/1/4 8208/1/4 8209/1/4
f 8209/1/4 8208/1/4 8210/1/4
f 8206/4/4 8191/4/4 8211/4/4
f 8192/4/4 8200/4/4 8214/4/4
f 8201/3/4 8195/3/4 8215/3/4
f 8212/1/4 8213/1/4 8220/1/4
f 8220/1/4 8213/1/4 8221/1/4
f 8211/4/4 8191/4/4 8222/4/4
f 8222/4/4 8191/4/4 8223/4/4
f 8192/4/4 8214/4/4 8224/4/4
f 8224/4/4 8214/4/4 8225/4/4
f 8215/3/4 8195/3/4 8226/3/4
f 8226/3/4 8195/3/4 8227/3/4
f 8216/6/4 8217/6/4 8228/6/4
f 8228/6/4 8217/6/4 8229/6/4
f 8218/6/4 8219/6/4 8230/6/4
f 8230/6/4 8219/6/4 8231/6/4
f 8232/7/4 8233/7/4 8236/7/4
f 8236/7/4 8233/7/4 8237/7/4
f 8234/12/4 8235/12/4 8238/12/4
f 8238/12/4 8235/12/4 8239/12/4
f 8237/7/4 8238/7/4 8243/7/4
f 8243/7/4 8238/7/4 8244/7/4
f 8240/13/4 8241/13/4 8245/13/4
f 8241/12/4 8242/12/4 8246/12/4
f 8245/13/4 8241/13/4 8246/13/4
f 8246/12/4 8242/12/4 8247/12/4
f 8240/13/4 8245/13/4 8248/13/4
f 8248/13/4 8245/13/4 8249/13/4
f 8250/13/4 8251/13/4 8253/13/4
f 8251/7/4 8252/7/4 8254/7/4
f 8253/13/4 8251/13/4 8254/13/4
f 8254/7/4 8252/7/4 8255/7/4
f 8253/7/4 8254/7/4 8260/7/4
f 8254/3/4 8255/3/4 8261/3/4
f 8260/7/4 8254/7/4 8261/7/4
f 8261/3/4 8255/3/4 8262/3/4
f 8256/13/4 8257/13/4 8263/13/4
f 8263/13/4 8257/13/4 8264/13/4
f 8258/13/4 8259/13/4 8267/13/4
f 8267/13/4 8259/13/4 8268/13/4
f 8265/9/4 8266/9/4 8269/9/4
f 8269/9/4 8266/9/4 8270/9/4
f 8268/13/4 8259/13/4 8273/13/4
f 8271/9/4 8272/9/4 8276/9/4
f 8272/13/4 8273/13/4 8277/13/4
f 8276/9/4 8272/9/4 8277/9/4
f 8273/13/4 8259/13/4 8278/13/4
f 8277/13/4 8273/13/4 8278/13/4
f 8274/13/4 8275/13/4 8279/13/4
f 8275/13/4 8276/13/4 8279/13/4
f 8276/13/4 8277/13/4 8279/13/4
f 8279/13/4 8277/13/4 8280/13/4
f 8281/11/4 8282/11/4 8283/11/4
f 8283/11/4 8282/11/4 8284/11/4
f 8284/11/4 8282/11/4 8285/11/4
f 8286/6/4 8287/6/4 8290/6/4
f 8290/6/4 8287/6/4 8291/6/4
f 8288/12/4 8289/12/4 8292/12/4
f 8292/12/4 8289/12/4 8293/12/4
f 8294/7/4 8295/7/4 8299/7/4
f 8299/7/4 8295/7/4 8300/7/4
f 8296/3/4 8297/3/4 8301/3/4
f 8301/3/4 8297/3/4 8302/3/4
f 8299/7/4 8300/7/4 8307/7/4
f 8298/7/4 8299/7/4 8307/7/4
f 8307/7/4 8300/7/4 8308/7/4
f 8308/7/4 8300/7/4 8309/7/4
f 8309/7/4 8300/7/4 8310/7/4
f 8310/7/4 8300/7/4 8311/7/4
f 8305/7/4 8306/7/4 8314/7/4
f 8314/7/4 8306/7/4 8315/7/4
f 8308/1/4 8309/1/4 8317/1/4
f 8309/7/4 8310/7/4 8318/7/4
f 8317/1/4 8309/1/4 8318/1/4
f 8301/6/4 8302/6/4 8319/6/4
f 8319/6/4 8302/6/4 8320/6/4
f 8315/7/4 8316/7/4 8326/7/4
f 8314/7/4 8315/7/4 8326/7/4
f 8326/7/4 8316/7/4 8327/7/4
f 8317/3/4 8318/3/4 8328/3/4
f 8318/7/4 8310/7/4 8329/7/4
f 8328/3/4 8318/3/4 8329/3/4
f 8310/1/4 8311/1/4 8330/1/4
f 8321/7/4 8322/7/4 8331/7/4
f 8331/7/4 8322/7/4 8332/7/4
f 8323/1/4 8324/1/4 8333/1/4
f 8324/3/4 8325/3/4 8334/3/4
f 8333/1/4 8324/1/4 8334/1/4
f 8334/3/4 8325/3/4 8335/3/4
f 8326/1/4 8327/1/4 8338/1/4
f 8338/1/4 8327/1/4 8339/1/4
f 8328/7/4 8329/7/4 8340/7/4
f 8329/7/4 8310/7/4 8341/7/4
f 8340/7/4 8329/7/4 8341/7/4
f 8336/7/4 8337/7/4 8342/7/4
f 8338/7/4 8339/7/4 8345/7/4
f 8345/7/4 8339/7/4 8346/7/4
f 8346/7/4 8339/7/4 8347/7/4
f 8336/7/4 8342/7/4 8349/7/4
f 8342/9/4 8343/9/4 8350/9/4
f 8349/7/4 8342/7/4 8350/7/4
f 8343/13/4 8344/13/4 8351/13/4
f 8350/9/4 8343/9/4 8351/9/4
f 8345/1/4 8346/1/4 8352/1/4
f 8347/3/4 8348/3/4 8353/3/4
f 8353/3/4 8348/3/4 8354/3/4
f 8340/3/4 8341/3/4 8355/3/4
f 8341/7/4 8310/7/4 8356/7/4
f 8355/3/4 8341/3/4 8356/3/4
f 8310/1/4 8330/1/4 8357/1/4
f 8319/3/4 8320/3/4 8358/3/4
f 8358/3/4 8320/3/4 8359/3/4
f 8345/1/4 8352/1/4 8362/1/4
f 8344/7/4 8345/7/4 8362/7/4
f 8352/1/4 8353/1/4 8362/1/4
f 8362/1/4 8353/1/4 8363/1/4
f 8355/7/4 8356/7/4 8365/7/4
f 8356/7/4 8310/7/4 8366/7/4
f 8365/7/4 8356/7/4 8366/7/4
f 8360/6/4 8361/6/4 8367/6/4
f 8351/13/4 8344/13/4 8372/13/4
f 8363/7/4 8364/7/4 8373/7/4
f 8344/7/4 8362/7/4 8373/7/4
f 8372/13/4 8344/13/4 8373/13/4
f 8362/7/4 8363/7/4 8373/7/4
f 8373/7/4 8364/7/4 8374/7/4
f 8374/7/4 8364/7/4 8375/7/4
f 8365/3/4 8366/3/4 8377/3/4
f 8310/1/4 8357/1/4 8378/1/4
f 8358/6/4 8359/6/4 8381/6/4
f 8312/4/4 8313/4/4 8382/4/4
f 8382/4/4 8313/4/4 8383/4/4
f 8367/6/4 8368/6/4 8384/6/4
f 8360/6/4 8367/6/4 8384/6/4
f 8384/6/4 8368/6/4 8385/6/4
f 8385/6/4 8368/6/4 8386/6/4
f 8369/3/4 8370/3/4 8387/3/4
f 8387/3/4 8370/3/4 8388/3/4
f 8371/9/4 8372/9/4 8389/9/4
f 8389/9/4 8372/9/4 8390/9/4
f 8375/7/4 8376/7/4 8391/7/4
f 8374/7/4 8375/7/4 8391/7/4
f 8391/7/4 8376/7/4 8392/7/4
f 8377/3/4 8366/3/4 8393/3/4
f 8366/7/4 8310/7/4 8394/7/4
f 8393/3/4 8366/3/4 8394/3/4
f 8378/1/4 8379/1/4 8395/1/4
f 8310/1/4 8378/1/4 8395/1/4
f 8395/1/4 8379/1/4 8396/1/4
f 8380/6/4 8381/6/4 8397/6/4
f 8381/6/4 8359/6/4 8398/6/4
f 8397/6/4 8381/6/4 8398/6/4
f 8398/6/4 8359/6/4 8399/6/4
f 8303/4/4 8304/4/4 8400/4/4
f 8400/4/4 8304/4/4 8401/4/4
f 8392/7/4 8393/7/4 8402/7/4
f 8393/7/4 8394/7/4 8402/7/4
f 8310/1/4 8395/1/4 8403/1/4
f 8402/7/4 8394/7/4 8403/7/4
f 8394/7/4 8310/7/4 8403/7/4
f 8403/1/4 8395/1/4 8404/1/4
f 8398/3/4 8399/3/4 8407/3/4
f 8407/3/4 8399/3/4 8408/3/4
f 8384/6/4 8385/6/4 8409/6/4
f 8409/6/4 8385/6/4 8410/6/4
f 8403/7/4 8404/7/4 8411/7/4
f 8411/7/4 8404/7/4 8412/7/4
f 8405/12/4 8406/12/4 8413/12/4
f 8407/12/4 8408/12/4 8413/12/4
f 8406/12/4 8407/12/4 8413/12/4
f 8413/12/4 8408/12/4 8414/12/4
f 8415/9/4 8416/9/4 8420/9/4
f 8420/9/4 8416/9/4 8421/9/4
f 8419/9/4 8420/9/4 8424/9/4
f 8421/9/4 8422/9/4 8424/9/4
f 8420/9/4 8421/9/4 8424/9/4
f 8424/9/4 8422/9/4 8425/9/4
f 8425/9/4 8422/9/4 8426/9/4
f 8417/9/4 8418/9/4 8427/9/4
f 8427/9/4 8418/9/4 8428/9/4
f 8423/13/4 8424/13/4 8429/13/4
f 8424/9/4 8425/9/4 8430/9/4
f 8429/13/4 8424/13/4 8430/13/4
f 8430/9/4 8425/9/4 8431/9/4
f 8432/11/4 8433/11/4 8434/11/4
f 8434/11/4 8433/11/4 8435/11/4
f 8436/13/4 8437/13/4 8438/13/4
f 8438/13/4 8437/13/4 8439/13/4
f 8439/13/4 8437/13/4 8440/13/4
f 8441/13/4 8442/13/4 8443/13/4
f 8443/13/4 8442/13/4 8444/13/4
f 8445/3/4 8446/3/4 8452/3/4
f 8452/3/4 8446/3/4 8453/3/4
f 8447/13/4 8448/13/4 8455/13/4
f 8448/9/4 8449/9/4 8456/9/4
f 8455/13/4 8448/13/4 8456/13/4
f 8456/9/4 8449/9/4 8457/9/4
f 8450/13/4 8451/13/4 8460/13/4
f 8460/13/4 8451/13/4 8461/13/4
f 8454/12/4 8455/12/4 8463/12/4
f 8455/12/4 8456/12/4 8463/12/4
f 8456/9/4 8457/9/4 8464/9/4
f 8463/12/4 8456/12/4 8464/12/4
f 8464/9/4 8457/9/4 8465/9/4
f 8458/12/4 8459/12/4 8466/12/4
f 8466/12/4 8459/12/4 8467/12/4
f 8462/12/4 8463/12/4 8471/12/4
f 8463/1/4 8464/1/4 8472/1/4
f 8471/12/4 8463/12/4 8472/12/4
f 8472/1/4 8464/1/4 8473/1/4
f 8464/3/4 8465/3/4 8474/3/4
f 8473/1/4 8464/1/4 8474/1/4
f 8474/3/4 8465/3/4 8475/3/4
f 8466/3/4 8467/3/4 8476/3/4
f 8476/3/4 8467/3/4 8477/3/4
f 8468/7/4 8469/7/4 8478/7/4
f 8469/9/4 8470/9/4 8479/9/4
f 8478/7/4 8469/7/4 8479/7/4
f 8479/9/4 8470/9/4 8480/9/4
f 8472/1/4 8473/1/4 8484/1/4
f 8471/1/4 8472/1/4 8484/1/4
f 8484/1/4 8473/1/4 8485/1/4
f 8473/3/4 8474/3/4 8486/3/4
f 8485/1/4 8473/1/4 8486/1/4
f 8486/3/4 8474/3/4 8487/3/4
f 8476/6/4 8477/6/4 8488/6/4
f 8488/6/4 8477/6/4 8489/6/4
f 8480/13/4 8481/13/4 8495/13/4
f 8495/13/4 8481/13/4 8496/13/4
f 8482/7/4 8483/7/4 8498/7/4
f 8498/7/4 8483/7/4 8499/7/4
f 8499/7/4 8483/7/4 8500/7/4
f 8500/7/4 8483/7/4 8501/7/4
f 8490/7/4 8491/7/4 8502/7/4
f 8502/7/4 8491/7/4 8503/7/4
f 8492/3/4 8493/3/4 8504/3/4
f 8499/7/4 8500/7/4 8505/7/4
f 8500/1/4 8501/1/4 8505/1/4
f 8505/1/4 8501/1/4 8506/1/4
f 8484/6/4 8485/6/4 8507/6/4
f 8507/6/4 8485/6/4 8508/6/4
f 8493/7/4 8494/7/4 8509/7/4
f 8504/3/4 8493/3/4 8509/3/4
f 8494/9/4 8495/9/4 8510/9/4
f 8509/7/4 8494/7/4 8510/7/4
f 8498/1/4 8499/1/4 8511/1/4
f 8505/7/4 8506/7/4 8512/7/4
f 8511/1/4 8499/1/4 8512/1/4
f 8499/7/4 8505/7/4 8512/7/4
f 8512/7/4 8506/7/4 8513/7/4
f 8513/7/4 8506/7/4 8514/7/4
f 8507/1/4 8508/1/4 8515/1/4
f 8510/9/4 8495/9/4 8517/9/4
f 8495/13/4 8496/13/4 8518/13/4
f 8517/9/4 8495/9/4 8518/9/4
f 8496/7/4 8497/7/4 8519/7/4
f 8518/13/4 8496/13/4 8519/13/4
f 8519/7/4 8497/7/4 8520/7/4
f 8512/7/4 8513/7/4 8522/7/4
f 8511/7/4 8512/7/4 8522/7/4
f 8522/7/4 8513/7/4 8523/7/4
f 8507/1/4 8515/1/4 8524/1/4
f 8515/3/4 8516/3/4 8524/3/4
f 8524/3/4 8516/3/4 8525/3/4
f 8504/3/4 8509/3/4 8527/3/4
f 8527/3/4 8509/3/4 8528/3/4
f 8521/3/4 8522/3/4 8531/3/4
f 8531/3/4 8522/3/4 8532/3/4
f 8523/7/4 8513/7/4 8533/7/4
f 8513/1/4 8514/1/4 8534/1/4
f 8533/7/4 8513/7/4 8534/7/4
f 8534/1/4 8514/1/4 8535/1/4
f 8507/1/4 8524/1/4 8536/1/4
f 8524/6/4 8525/6/4 8537/6/4
f 8536/1/4 8524/1/4 8537/1/4
f 8526/3/4 8527/3/4 8542/3/4
f 8527/3/4 8528/3/4 8542/3/4
f 8542/3/4 8528/3/4 8543/3/4
f 8532/3/4 8533/3/4 8544/3/4
f 8534/7/4 8535/7/4 8545/7/4
f 8544/3/4 8533/3/4 8545/3/4
f 8533/7/4 8534/7/4 8545/7/4
f 8545/7/4 8535/7/4 8546/7/4
f 8546/7/4 8535/7/4 8547/7/4
f 8537/6/4 8525/6/4 8548/6/4
f 8536/6/4 8537/6/4 8548/6/4
f 8543/3/4 8528/3/4 8550/3/4
f 8550/3/4 8528/3/4 8551/3/4
f 8529/9/4 8530/9/4 8552/9/4
f 8528/7/4 8529/7/4 8552/7/4
f 8552/9/4 8530/9/4 8553/9/4
f 8545/7/4 8546/7/4 8554/7/4
f 8546/1/4 8547/1/4 8555/1/4
f 8554/7/4 8546/7/4 8555/7/4
f 8555/1/4 8547/1/4 8556/1/4
f 8536/6/4 8548/6/4 8557/6/4
f 8557/6/4 8548/6/4 8558/6/4
f 8548/3/4 8549/3/4 8559/3/4
f 8558/6/4 8548/6/4 8559/6/4
f 8559/3/4 8549/3/4 8560/3/4
f 8538/6/4 8539/6/4 8562/6/4
f 8562/6/4 8539/6/4 8563/6/4
f 8540/6/4 8541/6/4 8564/6/4
f 8564/6/4 8541/6/4 8565/6/4
f 8551/3/4 8528/3/4 8566/3/4
f 8528/7/4 8552/7/4 8567/7/4
f 8566/3/4 8528/3/4 8567/3/4
f 8567/7/4 8552/7/4 8568/7/4
f 8555/7/4 8556/7/4 8569/7/4
f 8569/7/4 8556/7/4 8570/7/4
f 8558/3/4 8559/3/4 8572/3/4
f 8572/3/4 8559/3/4 8573/3/4
f 8561/3/4 8562/3/4 8575/3/4
f 8575/3/4 8562/3/4 8576/3/4
f 8573/1/4 8574/1/4 8578/1/4
f 8572/1/4 8573/1/4 8578/1/4
f 8571/1/4 8572/1/4 8578/1/4
f 8576/3/4 8577/3/4 8579/3/4
f 8578/1/4 8574/1/4 8579/1/4
f 8575/3/4 8576/3/4 8579/3/4
f 8574/3/4 8575/3/4 8579/3/4
f 8579/3/4 8577/3/4 8580/3/4
f 8581/13/4 8582/13/4 8583/13/4
f 8583/13/4 8582/13/4 8584/13/4
f 8585/6/4 8586/6/4 8587/6/4
f 8585/6/4 8587/6/4 8589/6/4
f 8587/6/4 8588/6/4 8589/6/4
f 8589/6/4 8588/6/4 8590/6/4
f 8591/11/4 8592/11/4 8595/11/4
f 8595/11/4 8592/11/4 8596/11/4
f 8596/11/4 8592/11/4 8597/11/4
f 8593/13/4 8594/13/4 8598/13/4
f 8598/13/4 8594/13/4 8599/13/4
f 8600/13/4 8601/13/4 8602/13/4
f 8602/13/4 8601/13/4 8603/13/4
f 8604/3/4 8605/3/4 8608/3/4
f 8606/3/4 8607/3/4 8611/3/4
f 8604/3/4 8608/3/4 8612/3/4
f 8608/7/4 8609/7/4 8613/7/4
f 8612/3/4 8608/3/4 8613/3/4
f 8613/7/4 8609/7/4 8614/7/4
f 8610/3/4 8611/3/4 8619/3/4
f 8611/3/4 8607/3/4 8620/3/4
f 8619/3/4 8611/3/4 8620/3/4
f 8620/3/4 8607/3/4 8621/3/4
f 8612/7/4 8613/7/4 8623/7/4
f 8613/7/4 8614/7/4 8623/7/4
f 8614/7/4 8615/7/4 8623/7/4
f 8623/7/4 8615/7/4 8624/7/4
f 8615/13/4 8616/13/4 8625/13/4
f 8624/7/4 8615/7/4 8625/7/4
f 8625/13/4 8616/13/4 8626/13/4
f 8617/6/4 8618/6/4 8627/6/4
f 8618/3/4 8619/3/4 8627/3/4
f 8619/3/4 8620/3/4 8627/3/4
f 8627/3/4 8620/3/4 8628/3/4
f 8623/7/4 8624/7/4 8631/7/4
f 8631/7/4 8624/7/4 8632/7/4
f 8628/3/4 8620/3/4 8633/3/4
f 8627/6/4 8628/6/4 8633/6/4
f 8621/6/4 8622/6/4 8634/6/4
f 8633/3/4 8620/3/4 8634/3/4
f 8620/6/4 8621/6/4 8634/6/4
f 8634/6/4 8622/6/4 8635/6/4
f 8635/6/4 8622/6/4 8636/6/4
f 8629/13/4 8630/13/4 8637/13/4
f 8637/13/4 8630/13/4 8638/13/4
f 8627/6/4 8633/6/4 8639/6/4
f 8617/6/4 8627/6/4 8639/6/4
f 8633/6/4 8634/6/4 8639/6/4
f 8634/6/4 8635/6/4 8639/6/4
f 8639/6/4 8635/6/4 8640/6/4
f 8640/6/4 8635/6/4 8641/6/4
f 8635/3/4 8636/3/4 8642/3/4
f 8641/6/4 8635/6/4 8642/6/4
f 8640/6/4 8641/6/4 8643/6/4
f 8641/3/4 8642/3/4 8643/3/4
f 8642/3/4 8636/3/4 8644/3/4
f 8643/3/4 8642/3/4 8644/3/4
f 8640/6/4 8643/6/4 8645/6/4
f 8643/6/4 8644/6/4 8645/6/4
f 8645/6/4 8644/6/4 8646/6/4
f 8644/3/4 8636/3/4 8647/3/4
f 8646/6/4 8644/6/4 8647/6/4
f 8647/3/4 8636/3/4 8648/3/4
f 8640/6/4 8645/6/4 8649/6/4
f 8645/3/4 8646/3/4 8650/3/4
f 8649/6/4 8645/6/4 8650/6/4
f 8650/3/4 8646/3/4 8652/3/4
f 8646/6/4 8647/6/4 8653/6/4
f 8652/3/4 8646/3/4 8653/3/4
f 8653/6/4 8647/6/4 8654/6/4
f 8651/3/4 8652/3/4 8655/3/4
f 8652/3/4 8653/3/4 8655/3/4
f 8655/3/4 8653/3/4 8656/3/4
f 8657/6/4 8658/6/4 8659/6/4
f 8659/6/4 8658/6/4 8660/6/4
f 8660/13/4 8661/13/4 8662/13/4
f 8662/13/4 8661/13/4 8663/13/4
f 8664/11/4 8665/11/4 8671/11/4
f 8671/11/4 8665/11/4 8672/11/4
f 8666/13/4 8667/13/4 8673/13/4
f 8673/13/4 8667/13/4 8674/13/4
f 8668/13/4 8669/13/4 8675/13/4
f 8669/7/4 8670/7/4 8676/7/4
f 8675/13/4 8669/13/4 8676/13/4
f 8676/7/4 8670/7/4 8677/7/4
f 8678/7/4 8679/7/4 8680/7/4
f 8680/7/4 8679/7/4 8681/7/4
f 8682/3/4 8683/3/4 8686/3/4
f 8686/3/4 8683/3/4 8687/3/4
f 8684/11/4 8685/11/4 8688/11/4
f 8688/11/4 8685/11/4 8689/11/4
f 8690/13/4 8691/13/4 8692/13/4
f 8692/13/4 8691/13/4 8693/13/4
f 8687/3/4 8683/3/4 8694/3/4
f 8694/3/4 8683/3/4 8697/3/4
f 8697/3/4 8683/3/4 8698/3/4
f 8695/13/4 8696/13/4 8699/13/4
f 8699/13/4 8696/13/4 8700/13/4
f 8701/13/4 8702/13/4 8703/13/4
f 8703/13/4 8702/13/4 8704/13/4
f 8704/13/4 8702/13/4 8705/13/4
f 8705/13/4 8706/13/4 8707/13/4
f 8704/13/4 8705/13/4 8707/13/4
f 8707/13/4 8706/13/4 8708/13/4
f 8709/13/4 8710/13/4 8713/13/4
f 8713/13/4 8710/13/4 8714/13/4
f 8711/11/4 8712/11/4 8716/11/4
f 8716/11/4 8712/11/4 8717/11/4
f 8715/11/4 8716/11/4 8721/11/4
f 8721/11/4 8716/11/4 8722/11/4
f 8718/1/4 8719/1/4 8724/1/4
f 8724/1/4 8719/1/4 8725/1/4
f 8719/3/4 8720/3/4 8726/3/4
f 8725/1/4 8719/1/4 8726/1/4
f 8726/3/4 8720/3/4 8727/3/4
f 8722/11/4 8723/11/4 8730/11/4
f 8730/11/4 8723/11/4 8731/11/4
f 8725/13/4 8726/13/4 8733/13/4
f 8726/13/4 8727/13/4 8733/13/4
f 8733/13/4 8727/13/4 8734/13/4
f 8728/1/4 8729/1/4 8735/1/4
f 8735/1/4 8729/1/4 8736/1/4
f 8731/11/4 8732/11/4 8738/11/4
f 8738/11/4 8732/11/4 8739/11/4
f 8736/1/4 8737/1/4 8744/1/4
f 8740/13/4 8741/13/4 8746/13/4
f 8746/13/4 8741/13/4 8747/13/4
f 8742/13/4 8743/13/4 8748/13/4
f 8748/13/4 8743/13/4 8749/13/4
f 8744/3/4 8745/3/4 8750/3/4
f 8736/1/4 8744/1/4 8750/1/4
f 8750/3/4 8745/3/4 8751/3/4
f 8736/1/4 8750/1/4 8754/1/4
f 8750/1/4 8751/1/4 8754/1/4
f 8754/1/4 8751/1/4 8755/1/4
f 8752/13/4 8753/13/4 8757/13/4
f 8757/13/4 8753/13/4 8758/13/4
f 8756/13/4 8757/13/4 8759/13/4
f 8759/13/4 8757/13/4 8760/13/4
f 8761/13/4 8762/13/4 8763/13/4
f 8763/13/4 8762/13/4 8764/13/4
f 8764/13/4 8765/13/4 8768/13/4
f 8768/13/4 8765/13/4 8769/13/4
f 8766/13/4 8767/13/4 8770/13/4
f 8770/13/4 8767/13/4 8771/13/4
f 8772/9/4 8773/9/4 8776/9/4
f 8776/9/4 8773/9/4 8777/9/4
f 8774/13/4 8775/13/4 8782/13/4
f 8782/13/4 8775/13/4 8783/13/4
f 8776/13/4 8777/13/4 8784/13/4
f 8777/13/4 8778/13/4 8784/13/4
f 8778/7/4 8779/7/4 8785/7/4
f 8784/13/4 8778/13/4 8785/13/4
f 8785/7/4 8779/7/4 8786/7/4
f 8780/13/4 8781/13/4 8789/13/4
f 8789/13/4 8781/13/4 8790/13/4
f 8786/7/4 8787/7/4 8792/7/4
f 8785/7/4 8786/7/4 8792/7/4
f 8792/7/4 8787/7/4 8793/7/4
f 8793/7/4 8787/7/4 8794/7/4
f 8788/13/4 8789/13/4 8796/13/4
f 8790/13/4 8791/13/4 8797/13/4
f 8797/13/4 8791/13/4 8798/13/4
f 8795/7/4 8796/7/4 8802/7/4
f 8796/13/4 8789/13/4 8803/13/4
f 8802/7/4 8796/7/4 8803/7/4
f 8790/13/4 8797/13/4 8804/13/4
f 8804/13/4 8797/13/4 8805/13/4
f 8799/7/4 8800/7/4 8806/7/4
f 8801/7/4 8802/7/4 8814/7/4
f 8814/7/4 8802/7/4 8815/7/4
f 8803/13/4 8789/13/4 8816/13/4
f 8816/13/4 8789/13/4 8817/13/4
f 8808/13/4 8809/13/4 8819/13/4
f 8810/13/4 8811/13/4 8821/13/4
f 8821/13/4 8811/13/4 8822/13/4
f 8812/13/4 8813/13/4 8823/13/4
f 8823/13/4 8813/13/4 8824/13/4
f 8824/13/4 8813/13/4 8825/13/4
f 8814/9/4 8815/9/4 8827/9/4
f 8817/13/4 8818/13/4 8828/13/4
f 8816/13/4 8817/13/4 8828/13/4
f 8828/13/4 8818/13/4 8829/13/4
f 8819/13/4 8820/13/4 8830/13/4
f 8808/13/4 8819/13/4 8830/13/4
f 8830/13/4 8820/13/4 8831/13/4
f 8824/13/4 8825/13/4 8832/13/4
f 8825/7/4 8826/7/4 8833/7/4
f 8832/13/4 8825/13/4 8833/13/4
f 8833/7/4 8826/7/4 8834/7/4
f 8814/9/4 8827/9/4 8836/9/4
f 8836/9/4 8827/9/4 8837/9/4
f 8837/9/4 8827/9/4 8838/9/4
f 8799/7/4 8806/7/4 8839/7/4
f 8836/13/4 8837/13/4 8840/13/4
f 8835/13/4 8836/13/4 8840/13/4
f 8840/13/4 8837/13/4 8841/13/4
f 8828/9/4 8829/9/4 8843/9/4
f 8843/9/4 8829/9/4 8844/9/4
f 8844/9/4 8829/9/4 8845/9/4
f 8839/7/4 8806/7/4 8846/7/4
f 8806/1/4 8807/1/4 8847/1/4
f 8846/7/4 8806/7/4 8847/7/4
f 8847/1/4 8807/1/4 8848/1/4
f 8841/13/4 8842/13/4 8849/13/4
f 8849/13/4 8842/13/4 8850/13/4
f 8844/13/4 8845/13/4 8851/13/4
f 8851/13/4 8845/13/4 8852/13/4
f 8847/7/4 8848/7/4 8853/7/4
f 8853/7/4 8848/7/4 8854/7/4
f 8855/13/4 8856/13/4 8859/13/4
f 8859/13/4 8856/13/4 8860/13/4
f 8860/13/4 8856/13/4 8861/13/4
f 8857/13/4 8858/13/4 8863/13/4
f 8863/13/4 8858/13/4 8864/13/4
f 8860/9/4 8861/9/4 8865/9/4
f 8865/9/4 8861/9/4 8866/9/4
f 8862/13/4 8863/13/4 8868/13/4
f 8868/13/4 8863/13/4 8869/13/4
f 8866/9/4 8867/9/4 8872/9/4
f 8872/9/4 8867/9/4 8873/9/4
f 8870/13/4 8871/13/4 8876/13/4
f 8876/13/4 8871/13/4 8877/13/4
f 8872/13/4 8873/13/4 8878/13/4
f 8878/13/4 8873/13/4 8879/13/4
f 8880/13/4 8881/13/4 8884/13/4
f 8884/13/4 8881/13/4 8885/13/4
f 8885/13/4 8881/13/4 8886/13/4
f 8885/13/4 8886/13/4 8892/13/4
f 8882/13/4 8883/13/4 8895/13/4
f 8889/13/4 8890/13/4 8896/13/4
f 8874/13/4 8875/13/4 8897/13/4
f 8897/13/4 8875/13/4 8898/13/4
f 8891/13/4 8892/13/4 8900/13/4
f 8886/7/4 8887/7/4 8901/7/4
f 8900/13/4 8892/13/4 8901/13/4
f 8892/13/4 8886/13/4 8901/13/4
f 8887/13/4 8888/13/4 8902/13/4
f 8901/7/4 8887/7/4 8902/7/4
f 8902/13/4 8888/13/4 8903/13/4
f 8893/9/4 8894/9/4 8904/9/4
f 8904/9/4 8894/9/4 8905/9/4
f 8882/13/4 8895/13/4 8906/13/4
f 8906/13/4 8895/13/4 8907/13/4
f 8907/13/4 8895/13/4 8908/13/4
f 8896/13/4 8890/13/4 8909/13/4
f 8898/13/4 8899/13/4 8910/13/4
f 8910/13/4 8899/13/4 8911/13/4
f 8901/7/4 8902/7/4 8912/7/4
f 8902/9/4 8903/9/4 8913/9/4
f 8912/7/4 8902/7/4 8913/7/4
f 8904/13/4 8905/13/4 8914/13/4
f 8914/13/4 8905/13/4 8915/13/4
f 8913/9/4 8903/9/4 8916/9/4
f 8916/9/4 8903/9/4 8917/9/4
f 8914/9/4 8915/9/4 8919/9/4
f 8909/13/4 8890/13/4 8920/13/4
f 8920/13/4 8890/13/4 8921/13/4
f 8918/13/4 8919/13/4 8922/13/4
f 8919/9/4 8915/9/4 8923/9/4
f 8922/13/4 8919/13/4 8923/13/4
f 8923/9/4 8915/9/4 8924/9/4
f 8920/9/4 8921/9/4 8925/9/4
f 8925/9/4 8921/9/4 8926/9/4
f 8923/13/4 8924/13/4 8927/13/4
f 8927/13/4 8924/13/4 8928/13/4
f 8925/13/4 8926/13/4 8931/13/4
f 8931/13/4 8926/13/4 8932/13/4
f 8929/13/4 8930/13/4 8933/13/4
f 8930/13/4 8931/13/4 8933/13/4
f 8933/13/4 8931/13/4 8934/13/4
f 8935/9/4 8936/9/4 8937/9/4
f 8935/9/4 8937/9/4 8941/9/4
f 8937/9/4 8938/9/4 8941/9/4
f 8941/9/4 8938/9/4 8942/9/4
f 8942/9/4 8938/9/4 8943/9/4
f 8939/13/4 8940/13/4 8944/13/4
f 8944/13/4 8940/13/4 8945/13/4
f 8942/13/4 8943/13/4 8946/13/4
f 8946/13/4 8943/13/4 8947/13/4
f 8947/9/4 8948/9/4 8949/9/4
f 8949/9/4 8948/9/4 8950/9/4
f 8950/9/4 8948/9/4 8951/9/4
f 8951/13/4 8952/13/4 8955/13/4
f 8950/13/4 8951/13/4 8955/13/4
f 8955/13/4 8952/13/4 8956/13/4
f 8956/13/4 8952/13/4 8957/13/4
f 8953/13/4 8954/13/4 8960/13/4
f 8960/13/4 8954/13/4 8961/13/4
f 8958/13/4 8959/13/4 8963/13/4
f 8963/13/4 8959/13/4 8964/13/4
f 8965/13/4 8966/13/4 8967/13/4
f 8967/13/4 8966/13/4 8968/13/4
f 8962/9/4 8963/9/4 8969/9/4
f 8963/9/4 8964/9/4 8969/9/4
f 8969/9/4 8964/9/4 8970/9/4
f 8969/13/4 8970/13/4 8971/13/4
f 8970/9/4 8964/9/4 8972/9/4
f 8971/13/4 8970/13/4 8972/13/4
f 8972/9/4 8964/9/4 8973/9/4
f 8971/9/4 8972/9/4 8974/9/4
f 8972/13/4 8973/13/4 8975/13/4
f 8974/9/4 8972/9/4 8975/9/4
f 8975/13/4 8973/13/4 8976/13/4
f 8977/9/4 8978/9/4 8981/9/4
f 8981/9/4 8978/9/4 8982/9/4
f 8979/13/4 8980/13/4 8984/13/4
f 8980/9/4 8981/9/4 8985/9/4
f 8984/13/4 8980/13/4 8985/13/4
f 8985/9/4 8981/9/4 8986/9/4
f 8983/13/4 8984/13/4 8988/13/4
f 8986/9/4 8987/9/4 8989/9/4
f 8985/9/4 8986/9/4 8989/9/4
f 8989/9/4 8987/9/4 8990/9/4
f 8983/13/4 8988/13/4 8992/13/4
f 8992/13/4 8988/13/4 8993/13/4
f 8990/13/4 8991/13/4 8994/13/4
f 8994/13/4 8991/13/4 8995/13/4
f 8995/9/4 8996/9/4 8997/9/4
f 8995/9/4 8997/9/4 9000/9/4
f 8997/13/4 8998/13/4 9001/13/4
f 9000/9/4 8997/9/4 9001/9/4
f 9001/13/4 8998/13/4 9002/13/4
f 8999/13/4 9000/13/4 9004/13/4
f 9004/13/4 9000/13/4 9005/13/4
f 9003/13/4 9004/13/4 9006/13/4
f 9006/13/4 9004/13/4 9007/13/4
f 9008/9/4 9009/9/4 9012/9/4
f 9012/9/4 9009/9/4 9013/9/4
f 9010/13/4 9011/13/4 9014/13/4
f 9014/13/4 9011/13/4 9015/13/4
f 9016/13/4 9017/13/4 9021/13/4
f 9021/13/4 9017/13/4 9022/13/4
f 9018/9/4 9019/9/4 9023/9/4
f 9019/9/4 9020/9/4 9023/9/4
f 9023/9/4 9020/9/4 9024/9/4
f 9024/9/4 9020/9/4 9025/9/4
f 9025/9/4 9020/9/4 9026/9/4
f 9027/13/4 9028/13/4 9029/13/4
f 9029/13/4 9028/13/4 9030/13/4
f 9030/13/4 9028/13/4 9031/13/4
f 9031/13/4 9028/13/4 9032/13/4
f 9030/13/4 9031/13/4 9033/13/4
f 9033/13/4 9031/13/4 9034/13/4
f 9035/13/4 9036/13/4 9038/13/4
f 9038/13/4 9036/13/4 9039/13/4
f 9037/13/4 9038/13/4 9042/13/4
f 9042/13/4 9038/13/4 9043/13/4
f 9040/13/4 9041/13/4 9044/13/4
f 9044/13/4 9041/13/4 9045/13/4
f 9046/13/4 9047/13/4 9050/13/4
f 9050/13/4 9047/13/4 9051/13/4
f 9048/13/4 9049/13/4 9052/13/4
f 9052/13/4 9049/13/4 9053/13/4
f 9053/13/4 9049/13/4 9054/13/4
f 9054/13/4 9049/13/4 9055/13/4
f 9056/13/4 9057/13/4 9059/13/4
f 9059/13/4 9057/13/4 9060/13/4
f 9058/13/4 9059/13/4 9062/13/4
f 9062/13/4 9059/13/4 9063/13/4
f 9060/13/4 9061/13/4 9064/13/4
f 9064/13/4 9061/13/4 9065/13/4
f 9063/6/4 9064/6/4 9066/6/4
f 9064/6/4 9065/6/4 9066/6/4
f 9066/6/4 9065/6/4 9067/6/4
f 9067/6/4 9065/6/4 9068/6/4
f 9067/13/4 9068/13/4 9069/13/4
f 9069/13/4 9068/13/4 9070/13/4
f 9071/13/4 9072/13/4 9074/13/4
f 9074/13/4 9072/13/4 9075/13/4
f 9073/6/4 9074/6/4 9076/6/4
f 9076/6/4 9074/6/4 9077/6/4
f 9077/6/4 9074/6/4 9078/6/4
f 9078/6/4 9079/6/4 9080/6/4
f 9077/6/4 9078/6/4 9080/6/4
f 9080/6/4 9079/6/4 9081/6/4
f 9081/6/4 9079/6/4 9083/6/4
f 9083/6/4 9079/6/4 9084/6/4
f 9082/6/4 9083/6/4 9085/6/4
f 9085/6/4 9083/6/4 9086/6/4
f 9087/6/4 9088/6/4 9089/6/4
f 9089/6/4 9088/6/4 9090/6/4
f 9090/6/4 9091/6/4 9092/6/4
f 9092/6/4 9091/6/4 9093/6/4
f 9094/6/4 9095/6/4 9096/6/4
f 9096/6/4 9095/6/4 9097/6/4
f 9102/6/5 9099/6/5 9098/6/5
f 9105/6/5 9101/6/5 9100/6/5
f 9106/6/5 9103/6/5 9102/6/5
f 9106/6/5 9102/6/5 9098/6/5
f 9107/6/5 9103/6/5 9106/6/5
f 9108/6/5 9105/6/5 9104/6/5
f 9109/6/5 9101/6/5 9105/6/5
f 9109/6/5 9105/6/5 9108/6/5
f 9110/6/5 9101/6/5 9109/6/5
f 9111/13/5 9107/13/5 9106/13/5
f 9111/13/5 9108/13/5 9107/13/5
f 9111/6/5 9109/6/5 9108/6/5
f 9112/6/5 9109/6/5 9111/6/5
f 9114/6/5 9106/6/5 9098/6/5
f 9115/13/5 9113/13/5 9112/13/5
f 9115/6/5 9106/6/5 9114/6/5
f 9115/13/5 9111/13/5 9106/13/5
f 9115/13/5 9112/13/5 9111/13/5
f 9116/13/5 9113/13/5 9115/13/5
f 9117/13/5 9113/13/5 9116/13/5
f 9119/13/5 9115/13/5 9114/13/5
f 9119/13/5 9116/13/5 9115/13/5
f 9120/13/5 9116/13/5 9119/13/5
f 9121/9/5 9119/9/5 9118/9/5
f 9122/9/5 9119/9/5 9121/9/5
f 9127/13/5 9124/13/5 9123/13/5
f 9128/6/5 9125/6/5 9124/6/5
f 9128/13/5 9124/13/5 9127/13/5
f 9129/6/5 9125/6/5 9128/6/5
f 9133/13/5 9127/13/5 9126/13/5
f 9134/13/5 9127/13/5 9133/13/5
f 9135/9/5 9131/9/5 9130/9/5
f 9136/9/5 9131/9/5 9135/9/5
f 9137/13/5 9133/13/5 9132/13/5
f 9138/13/5 9133/13/5 9137/13/5
f 9139/13/5 9133/13/5 9138/13/5
f 9141/9/5 9137/9/5 9136/9/5
f 9141/9/5 9138/9/5 9137/9/5
f 9142/9/5 9138/9/5 9141/9/5
f 9143/13/5 9140/13/5 9139/13/5
f 9143/9/5 9138/9/5 9142/9/5
f 9143/13/5 9139/13/5 9138/13/5
f 9144/13/5 9140/13/5 9143/13/5
f 9144/13/5 9143/13/5 9142/13/5
f 9145/13/5 9140/13/5 9144/13/5
f 9146/13/5 9140/13/5 9145/13/5
f 9147/13/5 9144/13/5 9142/13/5
f 9148/13/5 9144/13/5 9147/13/5
f 9149/9/5 9146/9/5 9145/9/5
f 9150/9/5 9146/9/5 9149/9/5
f 9154/13/5 9152/13/5 9151/13/5
f 9155/13/5 9152/13/5 9154/13/5
f 9156/13/5 9152/13/5 9155/13/5
f 9162/6/5 9154/6/5 9153/6/5
f 9163/13/5 9155/13/5 9154/13/5
f 9163/6/5 9154/6/5 9162/6/5
f 9164/13/5 9155/13/5 9163/13/5
f 9165/6/5 9158/6/5 9157/6/5
f 9168/6/5 9160/6/5 9159/6/5
f 9169/6/5 9165/6/5 9157/6/5
f 9170/6/5 9165/6/5 9169/6/5
f 9171/13/5 9166/13/5 9165/13/5
f 9174/6/5 9168/6/5 9167/6/5
f 9175/6/5 9160/6/5 9168/6/5
f 9175/6/5 9168/6/5 9174/6/5
f 9176/6/5 9160/6/5 9175/6/5
f 9177/6/5 9162/6/5 9161/6/5
f 9177/6/5 9163/6/5 9162/6/5
f 9177/6/5 9164/6/5 9163/6/5
f 9178/6/5 9164/6/5 9177/6/5
f 9180/13/5 9170/13/5 9169/13/5
f 9181/6/5 9165/6/5 9170/6/5
f 9181/13/5 9170/13/5 9180/13/5
f 9182/13/5 9172/13/5 9171/13/5
f 9182/6/5 9165/6/5 9181/6/5
f 9182/13/5 9171/13/5 9165/13/5
f 9183/6/5 9175/6/5 9174/6/5
f 9183/13/5 9174/13/5 9173/13/5
f 9184/6/5 9175/6/5 9183/6/5
f 9185/6/5 9175/6/5 9184/6/5
f 9187/6/5 9180/6/5 9179/6/5
f 9188/13/5 9181/13/5 9180/13/5
f 9188/13/5 9182/13/5 9181/13/5
f 9188/6/5 9180/6/5 9187/6/5
f 9189/13/5 9172/13/5 9182/13/5
f 9189/13/5 9182/13/5 9188/13/5
f 9190/13/5 9172/13/5 9189/13/5
f 9191/13/5 9172/13/5 9190/13/5
f 9192/13/5 9183/13/5 9173/13/5
f 9193/13/5 9183/13/5 9192/13/5
f 9194/13/5 9185/13/5 9184/13/5
f 9195/13/5 9185/13/5 9194/13/5
f 9196/6/5 9177/6/5 9161/6/5
f 9197/6/5 9177/6/5 9196/6/5
f 9198/6/5 9188/6/5 9187/6/5
f 9198/6/5 9187/6/5 9186/6/5
f 9198/6/5 9189/6/5 9188/6/5
f 9199/6/5 9189/6/5 9198/6/5
f 9200/13/5 9190/13/5 9189/13/5
f 9200/6/5 9189/6/5 9199/6/5
f 9201/13/5 9190/13/5 9200/13/5
f 9206/6/5 9200/6/5 9199/6/5
f 9207/6/5 9200/6/5 9206/6/5
f 9208/6/5 9200/6/5 9207/6/5
f 9209/13/5 9203/13/5 9202/13/5
f 9210/13/5 9205/13/5 9204/13/5
f 9211/13/5 9205/13/5 9210/13/5
f 9213/13/5 9208/13/5 9207/13/5
f 9214/6/5 9200/6/5 9208/6/5
f 9214/13/5 9208/13/5 9213/13/5
f 9215/6/5 9200/6/5 9214/6/5
f 9217/13/5 9209/13/5 9202/13/5
f 9217/13/5 9212/13/5 9211/13/5
f 9217/13/5 9211/13/5 9210/13/5
f 9217/13/5 9210/13/5 9209/13/5
f 9218/13/5 9212/13/5 9217/13/5
f 9220/13/5 9215/13/5 9214/13/5
f 9221/13/5 9215/13/5 9220/13/5
f 9222/13/5 9219/13/5 9218/13/5
f 9222/13/5 9218/13/5 9217/13/5
f 9222/13/5 9217/13/5 9216/13/5
f 9223/13/5 9219/13/5 9222/13/5
f 9224/13/5 9219/13/5 9223/13/5
f 9225/13/5 9219/13/5 9224/13/5
f 9227/13/5 9224/13/5 9223/13/5
f 9228/13/5 9224/13/5 9227/13/5
f 9229/13/5 9227/13/5 9226/13/5
f 9230/13/5 9227/13/5 9229/13/5
f 9233/13/5 9232/13/5 9231/13/5
f 9234/13/5 9232/13/5 9233/13/5
f 9236/6/5 9234/6/5 9233/6/5
f 9236/6/5 9235/6/5 9234/6/5
f 9237/6/5 9235/6/5 9236/6/5
f 9238/6/5 9235/6/5 9237/6/5
f 9240/6/5 9239/6/5 9238/6/5
f 9240/6/5 9238/6/5 9237/6/5
f 9241/6/5 9239/6/5 9240/6/5
f 9242/6/5 9239/6/5 9241/6/5
f 9243/6/5 9239/6/5 9242/6/5
f 9246/6/5 9245/6/5 9244/6/5
f 9247/6/5 9245/6/5 9246/6/5
f 9254/13/5 9249/13/5 9248/13/5
f 9254/13/5 9250/13/5 9249/13/5
f 9255/13/5 9252/13/5 9251/13/5
f 9256/13/5 9252/13/5 9255/13/5
f 9257/13/5 9252/13/5 9256/13/5
f 9258/13/5 9254/13/5 9253/13/5
f 9259/13/5 9250/13/5 9254/13/5
f 9259/13/5 9254/13/5 9258/13/5
f 9261/13/5 9256/13/5 9255/13/5
f 9262/13/5 9256/13/5 9261/13/5
f 9263/13/5 9258/13/5 9257/13/5
f 9264/13/5 9258/13/5 9263/13/5
f 9265/13/5 9258/13/5 9264/13/5
f 9266/13/5 9262/13/5 9261/13/5
f 9266/13/5 9261/13/5 9260/13/5
f 9266/13/5 9264/13/5 9263/13/5
f 9266/13/5 9263/13/5 9262/13/5
f 9267/13/5 9264/13/5 9266/13/5
f 9268/13/5 9264/13/5 9267/13/5
f 9269/13/5 9264/13/5 9268/13/5
f 9273/13/5 9268/13/5 9267/13/5
f 9274/13/5 9268/13/5 9273/13/5
f 9275/13/5 9270/13/5 9269/13/5
f 9276/13/5 9270/13/5 9275/13/5
f 9277/9/5 9272/9/5 9271/9/5
f 9277/9/5 9273/9/5 9272/9/5
f 9278/9/5 9273/9/5 9277/9/5
f 9279/9/5 9273/9/5 9278/9/5
f 9282/13/5 9280/13/5 9279/13/5
f 9282/13/5 9279/13/5 9278/13/5
f 9285/13/5 9280/13/5 9282/13/5
f 9285/13/5 9282/13/5 9281/13/5
f 9286/13/5 9284/13/5 9283/13/5
f 9287/13/5 9284/13/5 9286/13/5
f 9289/13/5 9285/13/5 9281/13/5
f 9290/13/5 9285/13/5 9289/13/5
f 9291/13/5 9285/13/5 9290/13/5
f 9293/13/5 9289/13/5 9288/13/5
f 9293/13/5 9290/13/5 9289/13/5
f 9294/13/5 9290/13/5 9293/13/5
f 9295/13/5 9290/13/5 9294/13/5
f 9296/13/5 9293/13/5 9292/13/5
f 9296/13/5 9294/13/5 9293/13/5
f 9297/13/5 9294/13/5 9296/13/5
f 9298/13/5 9294/13/5 9297/13/5
f 9304/6/5 9300/6/5 9299/6/5
f 9305/6/5 9300/6/5 9304/6/5
f 9306/13/5 9302/13/5 9301/13/5
f 9307/13/5 9302/13/5 9306/13/5
f 9308/13/5 9304/13/5 9303/13/5
f 9309/13/5 9304/13/5 9308/13/5
f 9310/13/5 9304/13/5 9309/13/5
f 9311/13/5 9304/13/5 9310/13/5
f 9319/6/5 9314/6/5 9313/6/5
f 9319/6/5 9313/6/5 9312/6/5
f 9320/6/5 9314/6/5 9319/6/5
f 9321/13/5 9310/13/5 9309/13/5
f 9322/13/5 9310/13/5 9321/13/5
f 9323/13/5 9316/13/5 9315/13/5
f 9324/13/5 9316/13/5 9323/13/5
f 9325/13/5 9318/13/5 9317/13/5
f 9328/13/5 9324/13/5 9323/13/5
f 9328/13/5 9322/13/5 9321/13/5
f 9328/13/5 9325/13/5 9324/13/5
f 9328/13/5 9323/13/5 9322/13/5
f 9329/13/5 9325/13/5 9328/13/5
f 9330/13/5 9325/13/5 9329/13/5
f 9331/13/5 9318/13/5 9325/13/5
f 9331/13/5 9325/13/5 9330/13/5
f 9332/13/5 9318/13/5 9331/13/5
f 9334/13/5 9330/13/5 9329/13/5
f 9335/13/5 9330/13/5 9334/13/5
f 9336/13/5 9333/13/5 9332/13/5
f 9336/13/5 9332/13/5 9331/13/5
f 9337/13/5 9333/13/5 9336/13/5
f 9338/13/5 9333/13/5 9337/13/5
f 9339/13/5 9327/13/5 9326/13/5
f 9340/13/5 9327/13/5 9339/13/5
f 9341/13/5 9328/13/5 9321/13/5
f 9342/13/5 9328/13/5 9341/13/5
f 9343/13/5 9340/13/5 9339/13/5
f 9343/13/5 9341/13/5 9340/13/5
f 9344/13/5 9341/13/5 9343/13/5
f 9345/13/5 9341/13/5 9344/13/5
f 9349/13/5 9346/13/5 9345/13/5
f 9349/13/5 9345/13/5 9344/13/5
f 9350/13/5 9346/13/5 9349/13/5
f 9351/13/5 9346/13/5 9350/13/5
f 9352/13/5 9348/13/5 9347/13/5
f 9353/13/5 9348/13/5 9352/13/5
f 9355/13/5 9352/13/5 9351/13/5
f 9356/13/5 9352/13/5 9355/13/5
f 9357/13/5 9352/13/5 9356/13/5
f 9359/13/5 9355/13/5 9354/13/5
f 9359/13/5 9356/13/5 9355/13/5
f 9360/13/5 9356/13/5 9359/13/5
f 9361/13/5 9356/13/5 9360/13/5
f 9362/13/5 9358/13/5 9357/13/5
f 9363/13/5 9361/13/5 9360/13/5
f 9363/13/5 9362/13/5 9361/13/5
f 9364/13/5 9362/13/5 9363/13/5
f 9365/13/5 9358/13/5 9362/13/5
f 9365/13/5 9362/13/5 9364/13/5
f 9369/13/5 9367/13/5 9366/13/5
f 9370/13/5 9367/13/5 9369/13/5
f 9371/13/5 9365/13/5 9364/13/5
f 9372/13/5 9365/13/5 9371/13/5
f 9373/13/5 9365/13/5 9372/13/5
f 9374/13/5 9369/13/5 9368/13/5
f 9375/13/5 9369/13/5 9374/13/5
f 9378/13/5 9373/13/5 9372/13/5
f 9379/13/5 9373/13/5 9378/13/5
f 9380/6/5 9377/6/5 9376/6/5
f 9381/6/5 9377/6/5 9380/6/5
f 9387/13/5 9383/13/5 9382/13/5
f 9388/13/5 9383/13/5 9387/13/5
f 9389/13/5 9385/13/5 9384/13/5
f 9390/13/5 9385/13/5 9389/13/5
f 9391/13/5 9387/13/5 9386/13/5
f 9392/13/5 9387/13/5 9391/13/5
f 9396/13/5 9394/13/5 9393/13/5
f 9396/9/5 9395/9/5 9394/9/5
f 9397/9/5 9395/9/5 9396/9/5
f 9398/13/5 9396/13/5 9393/13/5
f 9400/13/5 9398/13/5 9393/13/5
f 9400/13/5 9399/13/5 9398/13/5
f 9401/13/5 9399/13/5 9400/13/5
f 9403/13/5 9400/13/5 9393/13/5
f 9406/13/5 9403/13/5 9402/13/5
f 9406/13/5 9400/13/5 9403/13/5
f 9407/13/5 9400/13/5 9406/13/5
f 9409/9/5 9405/9/5 9404/9/5
f 9410/13/5 9406/13/5 9402/13/5
f 9411/13/5 9406/13/5 9410/13/5
f 9412/13/5 9409/13/5 9408/13/5
f 9412/9/5 9405/9/5 9409/9/5
f 9413/9/5 9405/9/5 9412/9/5
f 9417/13/5 9412/13/5 9408/13/5
f 9418/13/5 9415/13/5 9414/13/5
f 9419/13/5 9415/13/5 9418/13/5
f 9420/13/5 9417/13/5 9416/13/5
f 9421/13/5 9412/13/5 9417/13/5
f 9421/13/5 9417/13/5 9420/13/5
f 9422/13/5 9412/13/5 9421/13/5
f 9423/6/5 9421/6/5 9420/6/5
f 9424/6/5 9421/6/5 9423/6/5
f 9429/13/5 9426/13/5 9425/13/5
f 9430/13/5 9426/13/5 9429/13/5
f 9431/13/5 9428/13/5 9427/13/5
f 9432/13/5 9428/13/5 9431/13/5
f 9435/13/5 9434/13/5 9433/13/5
f 9436/13/5 9434/13/5 9435/13/5
f 9442/13/5 9440/13/5 9439/13/5
f 9442/13/5 9439/13/5 9438/13/5
f 9443/13/5 9440/13/5 9442/13/5
f 9444/13/5 9437/13/5 9436/13/5
f 9445/13/5 9437/13/5 9444/13/5
f 9448/13/5 9442/13/5 9441/13/5
f 9449/13/5 9442/13/5 9448/13/5
f 9450/13/5 9440/13/5 9443/13/5
f 9452/13/5 9446/13/5 9445/13/5
f 9453/9/5 9447/9/5 9446/9/5
f 9453/13/5 9446/13/5 9452/13/5
f 9454/9/5 9447/9/5 9453/9/5
f 9456/13/5 9450/13/5 9443/13/5
f 9456/13/5 9451/13/5 9450/13/5
f 9457/13/5 9451/13/5 9456/13/5
f 9458/13/5 9451/13/5 9457/13/5
f 9459/13/5 9455/13/5 9454/13/5
f 9459/13/5 9454/13/5 9453/13/5
f 9460/13/5 9455/13/5 9459/13/5
f 9461/13/5 9458/13/5 9457/13/5
f 9462/13/5 9458/13/5 9461/13/5
f 9464/13/5 9455/13/5 9460/13/5
f 9466/6/5 9463/6/5 9462/6/5
f 9467/6/5 9463/6/5 9466/6/5
f 9468/13/5 9465/13/5 9464/13/5
f 9468/13/5 9464/13/5 9460/13/5
f 9469/13/5 9465/13/5 9468/13/5
f 9471/13/5 9470/13/5 9469/13/5
f 9472/13/5 9470/13/5 9471/13/5
f 9475/13/5 9474/13/5 9473/13/5
f 9476/13/5 9474/13/5 9475/13/5
f 9477/9/5 9476/9/5 9475/9/5
f 9478/9/5 9476/9/5 9477/9/5
f 9480/9/5 9479/9/5 9478/9/5
f 9481/9/5 9479/9/5 9480/9/5
f 9484/13/5 9483/13/5 9482/13/5
f 9485/13/5 9483/13/5 9484/13/5
f 9489/13/5 9487/13/5 9486/13/5
f 9490/9/5 9488/9/5 9487/9/5
f 9490/13/5 9487/13/5 9489/13/5
f 9491/9/5 9488/9/5 9490/9/5
f 9495/13/5 9493/13/5 9492/13/5
f 9496/13/5 9493/13/5 9495/13/5
f 9497/13/5 9495/13/5 9494/13/5
f 9498/13/5 9495/13/5 9497/13/5
f 9501/13/5 9500/13/5 9499/13/5
f 9502/13/5 9500/13/5 9501/13/5
f 9505/13/5 9504/13/5 9503/13/5
f 9506/13/5 9504/13/5 9505/13/5
f 9509/13/5 9508/13/5 9507/13/5
f 9510/13/5 9508/13/5 9509/13/5
f 9515/13/5 9512/13/5 9511/13/5
f 9516/13/5 9512/13/5 9515/13/5
f 9519/13/5 9518/13/5 9517/13/5
f 9520/13/5 9518/13/5 9519/13/5
f 9521/13/5 9514/13/5 9513/13/5
f 9522/13/5 9521/13/5 9513/13/5
f 9523/13/5 9521/13/5 9522/13/5
f 9526/9/5 9525/9/5 9524/9/5
f 9527/9/5 9525/9/5 9526/9/5
f 9530/13/5 9529/13/5 9528/13/5
f 9531/13/5 9529/13/5 9530/13/5
f 9536/13/5 9535/13/5 9534/13/5
f 9537/13/5 9535/13/5 9536/13/5
f 9538/13/5 9533/13/5 9532/13/5
f 9539/13/5 9533/13/5 9538/13/5
f 9540/13/5 9533/13/5 9539/13/5
f 9544/13/5 9541/13/5 9540/13/5
f 9544/13/5 9540/13/5 9539/13/5
f 9545/13/5 9541/13/5 9544/13/5
f 9546/13/5 9541/13/5 9545/13/5
f 9547/9/5 9543/9/5 9542/9/5
f 9548/9/5 9543/9/5 9547/9/5
f 9551/1/5 9550/1/5 9549/1/5
f 9553/1/5 9551/1/5 9549/1/5
f 9554/1/5 9551/1/5 9553/1/5
f 9555/7/5 9553/7/5 9552/7/5
f 9556/7/5 9553/7/5 9555/7/5
f 9557/13/5 9556/13/5 9555/13/5
f 9558/13/5 9556/13/5 9557/13/5
f 9561/7/5 9560/7/5 9559/7/5
f 9562/7/5 9560/7/5 9561/7/5
f 9565/13/5 9564/13/5 9563/13/5
f 9566/13/5 9564/13/5 9565/13/5
f 9569/13/5 9568/13/5 9567/13/5
f 9570/13/5 9568/13/5 9569/13/5
f 9573/7/5 9572/7/5 9571/7/5
f 9574/7/5 9572/7/5 9573/7/5
f 9577/13/5 9576/13/5 9575/13/5
f 9578/13/5 9576/13/5 9577/13/5
f 9581/7/5 9580/7/5 9579/7/5
f 9582/7/5 9580/7/5 9581/7/5
f 9583/13/5 9582/13/5 9581/13/5
f 9584/13/5 9582/13/5 9583/13/5
f 9587/7/5 9584/7/5 9583/7/5
f 9588/7/5 9584/7/5 9587/7/5
f 9591/13/5 9586/13/5 9585/13/5
f 9592/13/5 9586/13/5 9591/13/5
f 9593/13/5 9590/13/5 9589/13/5
f 9594/13/5 9590/13/5 9593/13/5
f 9597/7/5 9596/7/5 9595/7/5
f 9598/7/5 9596/7/5 9597/7/5
f 9599/7/5 9596/7/5 9598/7/5
f 9602/7/5 9601/7/5 9600/7/5
f 9603/7/5 9601/7/5 9602/7/5
f 9607/3/5 9605/3/5 9604/3/5
f 9608/3/5 9605/3/5 9607/3/5
f 9609/3/5 9605/3/5 9608/3/5
f 9610/7/5 9607/7/5 9606/7/5
f 9611/7/5 9610/7/5 9606/7/5
f 9612/7/5 9610/7/5 9611/7/5
f 9617/13/5 9614/13/5 9613/13/5
f 9618/13/5 9614/13/5 9617/13/5
f 9619/13/5 9616/13/5 9615/13/5
f 9620/13/5 9616/13/5 9619/13/5
f 9623/9/5 9622/9/5 9621/9/5
f 9624/9/5 9622/9/5 9623/9/5
f 9627/3/5 9626/3/5 9625/3/5
f 9628/3/5 9626/3/5 9627/3/5
f 9629/7/5 9628/7/5 9627/7/5
f 9630/7/5 9628/7/5 9629/7/5
f 9633/13/5 9632/13/5 9631/13/5
f 9634/13/5 9632/13/5 9633/13/5
f 9639/3/5 9636/3/5 9635/3/5
f 9640/3/5 9636/3/5 9639/3/5
f 9643/3/5 9638/3/5 9637/3/5
f 9644/3/5 9638/3/5 9643/3/5
f 9645/7/5 9642/7/5 9641/7/5
f 9646/7/5 9642/7/5 9645/7/5
f 9647/13/5 9646/13/5 9645/13/5
f 9648/13/5 9646/13/5 9647/13/5
f 9649/13/5 9646/13/5 9648/13/5
f 9652/3/5 9651/3/5 9650/3/5
f 9653/3/5 9651/3/5 9652/3/5
f 9656/13/5 9655/13/5 9654/13/5
f 9657/13/5 9655/13/5 9656/13/5
f 9662/13/5 9659/13/5 9658/13/5
f 9663/13/5 9659/13/5 9662/13/5
f 9664/13/5 9661/13/5 9660/13/5
f 9665/13/5 9661/13/5 9664/13/5
f 9670/3/5 9667/3/5 9666/3/5
f 9671/3/5 9667/3/5 9670/3/5
f 9672/3/5 9669/3/5 9668/3/5
f 9673/3/5 9669/3/5 9672/3/5
f 9676/13/5 9675/13/5 9674/13/5
f 9677/13/5 9675/13/5 9676/13/5
f 9678/13/5 9675/13/5 9677/13/5
f 9681/13/5 9680/13/5 9679/13/5
f 9682/13/5 9680/13/5 9681/13/5
f 9685/7/5 9684/7/5 9683/7/5
f 9686/7/5 9684/7/5 9685/7/5
f 9690/13/5 9688/13/5 9687/13/5
f 9691/13/5 9688/13/5 9690/13/5
f 9692/13/5 9690/13/5 9689/13/5
f 9693/13/5 9690/13/5 9692/13/5
f 9696/13/5 9695/13/5 9694/13/5
f 9697/13/5 9695/13/5 9696/13/5
f 9700/7/5 9699/7/5 9698/7/5
f 9701/7/5 9699/7/5 9700/7/5
f 9704/7/5 9703/7/5 9702/7/5
f 9705/7/5 9703/7/5 9704/7/5
f 9711/9/5 9706/9/5 9705/9/5
f 9712/13/5 9707/13/5 9706/13/5
f 9712/9/5 9706/9/5 9711/9/5
f 9713/9/5 9708/9/5 9707/9/5
f 9713/13/5 9707/13/5 9712/13/5
f 9714/9/5 9708/9/5 9713/9/5
f 9715/13/5 9710/13/5 9709/13/5
f 9716/13/5 9710/13/5 9715/13/5
f 9719/13/5 9718/13/5 9717/13/5
f 9720/13/5 9718/13/5 9719/13/5
f 9722/13/5 9721/13/5 9720/13/5
f 9723/13/5 9721/13/5 9722/13/5
f 9724/13/5 9721/13/5 9723/13/5
f 9729/9/5 9726/9/5 9725/9/5
f 9730/9/5 9726/9/5 9729/9/5
f 9731/13/5 9728/13/5 9727/13/5
f 9732/13/5 9728/13/5 9731/13/5
f 9735/9/5 9734/9/5 9733/9/5
f 9736/9/5 9734/9/5 9735/9/5
f 9739/13/5 9738/13/5 9737/13/5
f 9740/13/5 9738/13/5 9739/13/5
f 9743/9/5 9742/9/5 9741/9/5
f 9747/9/5 9743/9/5 9741/9/5
f 9747/9/5 9744/9/5 9743/9/5
f 9748/9/5 9744/9/5 9747/9/5
f 9750/9/5 9746/9/5 9745/9/5
f 9751/9/5 9746/9/5 9750/9/5
f 9752/9/5 9749/9/5 9748/9/5
f 9753/9/5 9749/9/5 9752/9/5
f 9759/13/5 9755/13/5 9754/13/5
f 9760/13/5 9755/13/5 9759/13/5
f 9761/13/5 9757/13/5 9756/13/5
f 9762/13/5 9757/13/5 9761/13/5
f 9765/13/5 9759/13/5 9758/13/5
f 9766/13/5 9759/13/5 9765/13/5
f 9767/9/5 9764/9/5 9763/9/5
f 9768/9/5 9764/9/5 9767/9/5
f 9773/13/5 9770/13/5 9769/13/5
f 9774/13/5 9770/13/5 9773/13/5
f 9777/13/5 9772/13/5 9771/13/5
f 9778/13/5 9776/13/5 9775/13/5
f 9779/13/5 9776/13/5 9778/13/5
f 9781/13/5 9772/13/5 9777/13/5
f 9782/13/5 9772/13/5 9781/13/5
f 9783/13/5 9780/13/5 9779/13/5
f 9784/13/5 9780/13/5 9783/13/5
f 9788/9/5 9786/9/5 9785/9/5
f 9789/13/5 9787/13/5 9786/13/5
f 9789/9/5 9786/9/5 9788/9/5
f 9790/13/5 9787/13/5 9789/13/5
f 9791/9/5 9788/9/5 9785/9/5
f 9792/9/5 9788/9/5 9791/9/5
f 9793/13/5 9792/13/5 9791/13/5
f 9794/13/5 9792/13/5 9793/13/5
f 9797/13/5 9796/13/5 9795/13/5
f 9798/13/5 9796/13/5 9797/13/5
f 9801/9/5 9800/9/5 9799/9/5
f 9802/9/5 9800/9/5 9801/9/5
f 9807/9/5 9804/9/5 9803/9/5
f 9808/13/5 9805/13/5 9804/13/5
f 9808/9/5 9804/9/5 9807/9/5
f 9809/13/5 9805/13/5 9808/13/5
f 9810/9/5 9806/9/5 9805/9/5
f 9810/13/5 9805/13/5 9809/13/5
f 9811/9/5 9806/9/5 9810/9/5
f 9814/13/5 9813/13/5 9812/13/5
f 9818/13/5 9815/13/5 9814/13/5
f 9818/13/5 9814/13/5 9812/13/5
f 9819/13/5 9815/13/5 9818/13/5
f 9823/13/5 9817/13/5 9816/13/5
f 9824/13/5 9822/13/5 9821/13/5
f 9824/13/5 9823/13/5 9822/13/5
f 9824/13/5 9821/13/5 9820/13/5
f 9825/13/5 9823/13/5 9824/13/5
f 9826/13/5 9823/13/5 9825/13/5
f 9827/13/5 9817/13/5 9823/13/5
f 9827/13/5 9823/13/5 9826/13/5
f 9828/13/5 9817/13/5 9827/13/5
f 9829/9/5 9825/9/5 9824/9/5
f 9830/13/5 9826/13/5 9825/13/5
f 9830/9/5 9825/9/5 9829/9/5
f 9831/9/5 9827/9/5 9826/9/5
f 9831/13/5 9826/13/5 9830/13/5
f 9832/9/5 9827/9/5 9831/9/5
f 9835/13/5 9834/13/5 9833/13/5
f 9837/13/5 9835/13/5 9833/13/5
f 9837/9/5 9836/9/5 9835/9/5
f 9838/9/5 9836/9/5 9837/9/5
f 9842/13/5 9837/13/5 9833/13/5
f 9843/13/5 9837/13/5 9842/13/5
f 9846/9/5 9840/9/5 9839/9/5
f 9847/13/5 9841/13/5 9840/13/5
f 9847/9/5 9840/9/5 9846/9/5
f 9848/13/5 9841/13/5 9847/13/5
f 9850/9/5 9847/9/5 9846/9/5
f 9851/9/5 9847/9/5 9850/9/5
f 9852/13/5 9845/13/5 9844/13/5
f 9853/13/5 9845/13/5 9852/13/5
f 9854/9/5 9850/9/5 9849/9/5
f 9855/9/5 9854/9/5 9853/9/5
f 9856/9/5 9850/9/5 9854/9/5
f 9856/9/5 9854/9/5 9855/9/5
f 9860/13/5 9858/13/5 9857/13/5
f 9861/9/5 9859/9/5 9858/9/5
f 9861/13/5 9858/13/5 9860/13/5
f 9862/9/5 9859/9/5 9861/9/5
f 9865/13/5 9864/13/5 9863/13/5
f 9866/13/5 9864/13/5 9865/13/5
f 9869/13/5 9868/13/5 9867/13/5
f 9870/13/5 9868/13/5 9869/13/5
f 9871/13/5 9869/13/5 9867/13/5
f 9872/13/5 9869/13/5 9871/13/5
f 9876/9/5 9874/9/5 9873/9/5
f 9877/13/5 9876/13/5 9875/13/5
f 9878/9/5 9874/9/5 9876/9/5
f 9878/13/5 9876/13/5 9877/13/5
f 9881/9/5 9874/9/5 9878/9/5
f 9882/9/5 9874/9/5 9881/9/5
f 9884/13/5 9883/13/5 9882/13/5
f 9885/13/5 9883/13/5 9884/13/5
f 9886/13/5 9880/13/5 9879/13/5
f 9887/13/5 9880/13/5 9886/13/5
f 9890/13/5 9889/13/5 9888/13/5
f 9891/13/5 9889/13/5 9890/13/5
f 9894/13/5 9893/13/5 9892/13/5
f 9895/13/5 9893/13/5 9894/13/5
f 9898/13/5 9897/13/5 9896/13/5
f 9899/13/5 9897/13/5 9898/13/5
f 9902/13/5 9901/13/5 9900/13/5
f 9903/13/5 9901/13/5 9902/13/5
f 9908/9/5 9904/9/5 9903/9/5
f 9909/9/5 9904/9/5 9908/9/5
f 9913/13/5 9906/13/5 9905/13/5
f 9914/13/5 9906/13/5 9913/13/5
f 9915/9/5 9907/9/5 9906/9/5
f 9915/13/5 9906/13/5 9914/13/5
f 9916/9/5 9907/9/5 9915/9/5
f 9917/9/5 9911/9/5 9910/9/5
f 9918/9/5 9911/9/5 9917/9/5
f 9920/13/5 9914/13/5 9913/13/5
f 9920/13/5 9913/13/5 9912/13/5
f 9921/13/5 9914/13/5 9920/13/5
f 9922/13/5 9920/13/5 9919/13/5
f 9923/13/5 9920/13/5 9922/13/5
f 9926/13/5 9925/13/5 9924/13/5
f 9927/13/5 9925/13/5 9926/13/5
f 9932/13/5 9931/13/5 9930/13/5
f 9933/13/5 9931/13/5 9932/13/5
f 9934/13/5 9929/13/5 9928/13/5
f 9935/13/5 9929/13/5 9934/13/5
f 9942/13/5 9937/13/5 9936/13/5
f 9943/9/5 9938/9/5 9937/9/5
f 9943/13/5 9937/13/5 9942/13/5
f 9944/9/5 9938/9/5 9943/9/5
f 9945/13/5 9940/13/5 9939/13/5
f 9946/13/5 9940/13/5 9945/13/5
f 9949/9/5 9942/9/5 9941/9/5
f 9950/9/5 9942/9/5 9949/9/5
f 9951/9/5 9942/9/5 9950/9/5
f 9952/13/5 9948/13/5 9947/13/5
f 9952/13/5 9947/13/5 9946/13/5
f 9953/13/5 9948/13/5 9952/13/5
f 9954/13/5 9950/13/5 9949/13/5
f 9955/13/5 9950/13/5 9954/13/5
f 9958/13/5 9957/13/5 9956/13/5
f 9959/13/5 9957/13/5 9958/13/5
f 9964/13/5 9961/13/5 9960/13/5
f 9965/13/5 9961/13/5 9964/13/5
f 9966/13/5 9963/13/5 9962/13/5
f 9967/13/5 9963/13/5 9966/13/5
f 9970/7/5 9969/7/5 9968/7/5
f 9971/7/5 9969/7/5 9970/7/5
f 9974/7/5 9973/7/5 9972/7/5
f 9975/7/5 9973/7/5 9974/7/5
f 9980/7/5 9977/7/5 9976/7/5
f 9981/7/5 9977/7/5 9980/7/5
f 9984/7/5 9979/7/5 9978/7/5
f 9985/7/5 9979/7/5 9984/7/5
f 9988/7/5 9983/7/5 9982/7/5
f 9989/7/5 9983/7/5 9988/7/5
f 9992/7/5 9986/7/5 9985/7/5
f 9993/7/5 9986/7/5 9992/7/5
f 9995/7/5 9988/7/5 9987/7/5
f 9996/7/5 9988/7/5 9995/7/5
f 9997/7/5 9991/7/5 9990/7/5
f 9998/7/5 9991/7/5 9997/7/5
f 10000/7/5 9995/7/5 9994/7/5
f 10001/7/5 9995/7/5 10000/7/5
f 10002/13/5 9998/13/5 9997/13/5
f 10003/7/5 9999/7/5 9998/7/5
f 10003/13/5 9998/13/5 10002/13/5
f 10004/7/5 9999/7/5 10003/7/5
f 10007/7/5 10006/7/5 10005/7/5
f 10008/7/5 10006/7/5 10007/7/5
f 10013/3/5 10010/3/5 10009/3/5
f 10013/3/5 10011/3/5 10010/3/5
f 10014/3/5 10011/3/5 10013/3/5
f 10015/3/5 10011/3/5 10014/3/5
f 10017/1/5 10013/1/5 10012/1/5
f 10018/3/5 10014/3/5 10013/3/5
f 10018/1/5 10013/1/5 10017/1/5
f 10019/1/5 10015/1/5 10014/1/5
f 10019/1/5 10016/1/5 10015/1/5
f 10020/1/5 10016/1/5 10019/1/5
f 10021/3/5 10014/3/5 10018/3/5
f 10022/1/5 10019/1/5 10014/1/5
f 10022/3/5 10014/3/5 10021/3/5
f 10023/1/5 10019/1/5 10022/1/5
f 10024/1/5 10022/1/5 10021/1/5
f 10025/1/5 10022/1/5 10024/1/5
f 10026/1/5 10024/1/5 10021/1/5
f 10027/1/5 10024/1/5 10026/1/5
f 10033/3/5 10029/3/5 10028/3/5
f 10034/3/5 10031/3/5 10030/3/5
f 10035/3/5 10031/3/5 10034/3/5
f 10036/3/5 10033/3/5 10032/3/5
f 10036/3/5 10029/3/5 10033/3/5
f 10037/3/5 10029/3/5 10036/3/5
f 10039/3/5 10036/3/5 10032/3/5
f 10040/3/5 10036/3/5 10039/3/5
f 10042/3/5 10039/3/5 10038/3/5
f 10043/1/5 10042/1/5 10041/1/5
f 10044/1/5 10042/1/5 10043/1/5
f 10045/3/5 10039/3/5 10042/3/5
f 10045/1/5 10042/1/5 10044/1/5
f 10046/3/5 10039/3/5 10045/3/5
f 10049/3/5 10044/3/5 10043/3/5
f 10050/13/5 10045/13/5 10044/13/5
f 10050/3/5 10044/3/5 10049/3/5
f 10051/13/5 10045/13/5 10050/13/5
f 10054/7/5 10048/7/5 10047/7/5
f 10055/7/5 10048/7/5 10054/7/5
f 10056/3/5 10053/3/5 10052/3/5
f 10057/1/5 10054/1/5 10053/1/5
f 10057/3/5 10053/3/5 10056/3/5
f 10058/1/5 10054/1/5 10057/1/5
f 10059/1/5 10057/1/5 10056/1/5
f 10060/1/5 10057/1/5 10059/1/5
f 10061/1/5 10057/1/5 10060/1/5
f 10064/3/5 10060/3/5 10059/3/5
f 10065/3/5 10060/3/5 10064/3/5
f 10066/7/5 10063/7/5 10062/7/5
f 10067/7/5 10063/7/5 10066/7/5
f 10070/1/5 10069/1/5 10068/1/5
f 10071/1/5 10069/1/5 10070/1/5
f 10072/7/5 10071/7/5 10070/7/5
f 10073/7/5 10071/7/5 10072/7/5
f 10076/1/5 10075/1/5 10074/1/5
f 10077/1/5 10075/1/5 10076/1/5
f 10081/3/5 10077/3/5 10076/3/5
f 10082/3/5 10079/3/5 10078/3/5
f 10083/3/5 10079/3/5 10082/3/5
f 10084/3/5 10081/3/5 10080/3/5
f 10085/3/5 10077/3/5 10081/3/5
f 10085/3/5 10081/3/5 10084/3/5
f 10086/3/5 10082/3/5 10078/3/5
f 10087/3/5 10082/3/5 10086/3/5
f 10090/6/5 10089/6/5 10088/6/5
f 10091/6/5 10089/6/5 10090/6/5
f 10095/3/5 10093/3/5 10092/3/5
f 10096/3/5 10093/3/5 10095/3/5
f 10097/3/5 10095/3/5 10094/3/5
f 10098/3/5 10095/3/5 10097/3/5
f 10101/3/5 10100/3/5 10099/3/5
f 10102/3/5 10100/3/5 10101/3/5
f 10107/6/5 10104/6/5 10103/6/5
f 10108/6/5 10104/6/5 10107/6/5
f 10109/6/5 10106/6/5 10105/6/5
f 10110/6/5 10109/6/5 10108/6/5
f 10110/6/5 10106/6/5 10109/6/5
f 10112/6/5 10110/6/5 10108/6/5
f 10112/6/5 10111/6/5 10110/6/5
f 10113/6/5 10111/6/5 10112/6/5
f 10116/6/5 10115/6/5 10114/6/5
f 10117/6/5 10115/6/5 10116/6/5
f 10121/13/5 10118/13/5 10117/13/5
f 10122/6/5 10120/6/5 10119/6/5
f 10123/13/5 10121/13/5 10120/13/5
f 10123/6/5 10120/6/5 10122/6/5
f 10124/13/5 10121/13/5 10123/13/5
f 10125/13/5 10118/13/5 10121/13/5
f 10125/13/5 10121/13/5 10124/13/5
f 10128/9/5 10127/9/5 10126/9/5
f 10129/9/5 10127/9/5 10128/9/5
f 10132/13/5 10131/13/5 10130/13/5
f 10133/13/5 10131/13/5 10132/13/5
f 10136/6/5 10135/6/5 10134/6/5
f 10137/6/5 10135/6/5 10136/6/5
f 10138/6/5 10135/6/5 10137/6/5
f 10139/6/5 10135/6/5 10138/6/5
f 10144/13/5 10141/13/5 10140/13/5
f 10145/13/5 10141/13/5 10144/13/5
f 10146/13/5 10143/13/5 10142/13/5
f 10147/13/5 10146/13/5 10145/13/5
f 10147/13/5 10143/13/5 10146/13/5
f 10148/13/5 10143/13/5 10147/13/5
f 10149/13/5 10147/13/5 10145/13/5
f 10150/13/5 10147/13/5 10149/13/5
f 10155/6/5 10152/6/5 10151/6/5
f 10156/6/5 10152/6/5 10155/6/5
f 10157/6/5 10154/6/5 10153/6/5
f 10158/6/5 10157/6/5 10156/6/5
f 10159/6/5 10154/6/5 10157/6/5
f 10159/6/5 10157/6/5 10158/6/5
f 10160/6/5 10154/6/5 10159/6/5
f 10162/13/5 10161/13/5 10160/13/5
f 10162/13/5 10160/13/5 10159/13/5
f 10163/13/5 10161/13/5 10162/13/5
f 10166/13/5 10165/13/5 10164/13/5
f 10167/13/5 10165/13/5 10166/13/5
f 10169/13/5 10168/13/5 10167/13/5
f 10170/13/5 10168/13/5 10169/13/5
f 10173/7/5 10172/7/5 10171/7/5
f 10174/7/5 10172/7/5 10173/7/5
f 10177/13/5 10176/13/5 10175/13/5
f 10178/13/5 10176/13/5 10177/13/5
f 10181/13/5 10180/13/5 10179/13/5
f 10182/13/5 10180/13/5 10181/13/5
f 10185/13/5 10184/13/5 10183/13/5
f 10187/13/5 10185/13/5 10183/13/5
f 10187/13/5 10186/13/5 10185/13/5
f 10188/13/5 10186/13/5 10187/13/5
f 10189/13/5 10186/13/5 10188/13/5
f 10192/13/5 10189/13/5 10188/13/5
f 10193/9/5 10191/9/5 10190/9/5
f 10193/13/5 10189/13/5 10192/13/5
f 10193/9/5 10190/9/5 10189/9/5
f 10194/9/5 10191/9/5 10193/9/5
f 10197/3/5 10196/3/5 10195/3/5
f 10198/3/5 10196/3/5 10197/3/5
f 10206/7/5 10200/7/5 10199/7/5
f 10207/3/5 10201/3/5 10200/3/5
f 10207/7/5 10200/7/5 10206/7/5
f 10208/7/5 10202/7/5 10201/7/5
f 10208/3/5 10201/3/5 10207/3/5
f 10209/3/5 10203/3/5 10202/3/5
f 10209/7/5 10202/7/5 10208/7/5
f 10210/7/5 10204/7/5 10203/7/5
f 10210/3/5 10203/3/5 10209/3/5
f 10211/7/5 10204/7/5 10210/7/5
f 10212/7/5 10204/7/5 10211/7/5
f 10214/7/5 10206/7/5 10205/7/5
f 10215/7/5 10213/7/5 10212/7/5
f 10218/7/5 10214/7/5 10205/7/5
f 10220/13/5 10217/13/5 10216/13/5
f 10221/7/5 10218/7/5 10205/7/5
f 10222/7/5 10213/7/5 10215/7/5
f 10223/13/5 10220/13/5 10219/13/5
f 10224/7/5 10221/7/5 10205/7/5
f 10225/7/5 10213/7/5 10222/7/5
f 10227/13/5 10220/13/5 10223/13/5
f 10228/13/5 10217/13/5 10220/13/5
f 10228/13/5 10220/13/5 10227/13/5
f 10229/7/5 10224/7/5 10205/7/5
f 10231/7/5 10213/7/5 10225/7/5
f 10232/7/5 10229/7/5 10205/7/5
f 10233/13/5 10230/13/5 10229/13/5
f 10233/7/5 10229/7/5 10232/7/5
f 10234/13/5 10230/13/5 10233/13/5
f 10240/7/5 10213/7/5 10231/7/5
f 10241/7/5 10213/7/5 10240/7/5
f 10242/9/5 10227/9/5 10226/9/5
f 10243/9/5 10227/9/5 10242/9/5
f 10244/7/5 10234/7/5 10233/7/5
f 10245/1/5 10235/1/5 10234/1/5
f 10245/7/5 10234/7/5 10244/7/5
f 10245/1/5 10236/1/5 10235/1/5
f 10246/7/5 10237/7/5 10236/7/5
f 10246/1/5 10236/1/5 10245/1/5
f 10247/7/5 10237/7/5 10246/7/5
f 10248/3/5 10239/3/5 10238/3/5
f 10249/3/5 10239/3/5 10248/3/5
f 10253/6/5 10251/6/5 10250/6/5
f 10254/6/5 10251/6/5 10253/6/5
f 10254/6/5 10253/6/5 10252/6/5
f 10255/6/5 10251/6/5 10254/6/5
f 10256/6/5 10254/6/5 10252/6/5
f 10257/6/5 10254/6/5 10256/6/5
f 10260/13/5 10259/13/5 10258/13/5
f 10261/13/5 10259/13/5 10260/13/5
f 10266/13/5 10263/13/5 10262/13/5
f 10267/13/5 10263/13/5 10266/13/5
f 10268/13/5 10265/13/5 10264/13/5
f 10269/13/5 10265/13/5 10268/13/5
f 10276/7/5 10271/7/5 10270/7/5
f 10277/7/5 10271/7/5 10276/7/5
f 10278/7/5 10273/7/5 10272/7/5
f 10279/7/5 10273/7/5 10278/7/5
f 10280/13/5 10275/13/5 10274/13/5
f 10281/13/5 10275/13/5 10280/13/5
f 10286/11/5 10283/11/5 10282/11/5
f 10287/11/5 10283/11/5 10286/11/5
f 10288/6/5 10285/6/5 10284/6/5
f 10289/6/5 10285/6/5 10288/6/5
f 10290/6/5 10285/6/5 10289/6/5
f 10298/7/5 10292/7/5 10291/7/5
f 10298/1/5 10293/1/5 10292/1/5
f 10299/1/5 10293/1/5 10298/1/5
f 10300/3/5 10294/3/5 10293/3/5
f 10300/1/5 10293/1/5 10299/1/5
f 10301/3/5 10294/3/5 10300/3/5
f 10302/7/5 10295/7/5 10294/7/5
f 10302/3/5 10294/3/5 10301/3/5
f 10303/3/5 10296/3/5 10295/3/5
f 10303/7/5 10295/7/5 10302/7/5
f 10304/1/5 10297/1/5 10296/1/5
f 10304/3/5 10296/3/5 10303/3/5
f 10305/1/5 10297/1/5 10304/1/5
f 10306/1/5 10297/1/5 10305/1/5
f 10308/13/5 10299/13/5 10298/13/5
f 10308/7/5 10298/7/5 10291/7/5
f 10309/13/5 10299/13/5 10308/13/5
f 10310/13/5 10306/13/5 10305/13/5
f 10311/7/5 10307/7/5 10306/7/5
f 10311/13/5 10306/13/5 10310/13/5
f 10312/7/5 10307/7/5 10311/7/5
f 10313/7/5 10308/7/5 10291/7/5
f 10314/13/5 10312/13/5 10311/13/5
f 10315/13/5 10312/13/5 10314/13/5
f 10319/7/5 10313/7/5 10291/7/5
f 10320/7/5 10313/7/5 10319/7/5
f 10321/7/5 10316/7/5 10315/7/5
f 10321/7/5 10315/7/5 10314/7/5
f 10322/7/5 10316/7/5 10321/7/5
f 10325/13/5 10318/13/5 10317/13/5
f 10326/13/5 10318/13/5 10325/13/5
f 10327/13/5 10324/13/5 10323/13/5
f 10328/13/5 10324/13/5 10327/13/5
f 10329/13/5 10322/13/5 10321/13/5
f 10330/13/5 10322/13/5 10329/13/5
f 10331/13/5 10320/13/5 10319/13/5
f 10332/13/5 10320/13/5 10331/13/5
f 10333/7/5 10330/7/5 10329/7/5
f 10334/7/5 10330/7/5 10333/7/5
f 10335/7/5 10332/7/5 10331/7/5
f 10336/7/5 10332/7/5 10335/7/5
f 10338/7/5 10333/7/5 10329/7/5
f 10339/7/5 10333/7/5 10338/7/5
f 10340/7/5 10338/7/5 10337/7/5
f 10341/7/5 10338/7/5 10340/7/5
f 10344/11/5 10343/11/5 10342/11/5
f 10345/11/5 10344/11/5 10342/11/5
f 10346/11/5 10344/11/5 10345/11/5
f 10350/11/5 10348/11/5 10347/11/5
f 10350/11/5 10349/11/5 10348/11/5
f 10351/11/5 10349/11/5 10350/11/5
f 10358/11/5 10349/11/5 10351/11/5
f 10359/11/5 10349/11/5 10358/11/5
f 10360/12/5 10353/12/5 10352/12/5
f 10361/12/5 10353/12/5 10360/12/5
f 10362/12/5 10353/12/5 10361/12/5
f 10363/3/5 10354/3/5 10353/3/5
f 10363/12/5 10353/12/5 10362/12/5
f 10364/7/5 10355/7/5 10354/7/5
f 10364/3/5 10354/3/5 10363/3/5
f 10365/3/5 10356/3/5 10355/3/5
f 10365/7/5 10355/7/5 10364/7/5
f 10366/12/5 10357/12/5 10356/12/5
f 10366/3/5 10356/3/5 10365/3/5
f 10367/12/5 10357/12/5 10366/12/5
f 10368/12/5 10357/12/5 10367/12/5
f 10369/12/5 10357/12/5 10368/12/5
f 10370/7/5 10368/7/5 10367/7/5
f 10371/13/5 10369/13/5 10368/13/5
f 10371/7/5 10368/7/5 10370/7/5
f 10372/13/5 10369/13/5 10371/13/5
f 10373/13/5 10369/13/5 10372/13/5
f 10374/13/5 10369/13/5 10373/13/5
f 10377/13/5 10376/13/5 10375/13/5
f 10378/13/5 10376/13/5 10377/13/5
f 10381/11/5 10380/11/5 10379/11/5
f 10383/11/5 10381/11/5 10379/11/5
f 10383/11/5 10382/11/5 10381/11/5
f 10384/11/5 10382/11/5 10383/11/5
f 10385/11/5 10382/11/5 10384/11/5
f 10386/11/5 10385/11/5 10384/11/5
f 10387/11/5 10385/11/5 10386/11/5
f 10392/3/5 10389/3/5 10388/3/5
f 10393/3/5 10389/3/5 10392/3/5
f 10394/12/5 10390/12/5 10389/12/5
f 10394/3/5 10389/3/5 10393/3/5
f 10395/12/5 10390/12/5 10394/12/5
f 10396/12/5 10390/12/5 10395/12/5
f 10397/3/5 10391/3/5 10390/3/5
f 10397/12/5 10390/12/5 10396/12/5
f 10398/3/5 10391/3/5 10397/3/5
f 10399/13/5 10393/13/5 10392/13/5
f 10400/13/5 10393/13/5 10399/13/5
f 10401/12/5 10400/12/5 10399/12/5
f 10402/12/5 10400/12/5 10401/12/5
f 10403/13/5 10402/13/5 10401/13/5
f 10404/13/5 10402/13/5 10403/13/5
f 10405/7/5 10404/7/5 10403/7/5
f 10406/7/5 10404/7/5 10405/7/5
f 10407/13/5 10406/13/5 10405/13/5
f 10408/13/5 10406/13/5 10407/13/5
f 10411/9/5 10410/9/5 10409/9/5
f 10412/9/5 10410/9/5 10411/9/5
f 10415/11/5 10414/11/5 10413/11/5
f 10416/11/5 10414/11/5 10415/11/5
f 10419/11/5 10418/11/5 10417/11/5
f 10420/11/5 10418/11/5 10419/11/5
f 10423/5/5 10422/5/5 10421/5/5
f 10424/5/5 10422/5/5 10423/5/5
f 10429/3/5 10426/3/5 10425/3/5
f 10430/3/5 10426/3/5 10429/3/5
f 10431/12/5 10427/12/5 10426/12/5
f 10431/3/5 10426/3/5 10430/3/5
f 10432/3/5 10428/3/5 10427/3/5
f 10432/12/5 10427/12/5 10431/12/5
f 10433/3/5 10428/3/5 10432/3/5
f 10434/3/5 10428/3/5 10433/3/5
f 10435/3/5 10428/3/5 10434/3/5
f 10436/13/5 10435/13/5 10434/13/5
f 10437/13/5 10435/13/5 10436/13/5
f 10443/12/5 10437/12/5 10436/12/5
f 10443/12/5 10438/12/5 10437/12/5
f 10444/12/5 10438/12/5 10443/12/5
f 10445/12/5 10438/12/5 10444/12/5
f 10446/11/5 10440/11/5 10439/11/5
f 10447/11/5 10440/11/5 10446/11/5
f 10448/12/5 10442/12/5 10441/12/5
f 10449/12/5 10442/12/5 10448/12/5
f 10450/12/5 10444/12/5 10443/12/5
f 10451/7/5 10445/7/5 10444/7/5
f 10451/12/5 10444/12/5 10450/12/5
f 10452/7/5 10449/7/5 10448/7/5
f 10453/7/5 10449/7/5 10452/7/5
f 10454/13/5 10451/13/5 10450/13/5
f 10455/7/5 10445/7/5 10451/7/5
f 10455/13/5 10451/13/5 10454/13/5
f 10458/7/5 10455/7/5 10454/7/5
f 10459/7/5 10445/7/5 10455/7/5
f 10459/7/5 10455/7/5 10458/7/5
f 10460/13/5 10457/13/5 10456/13/5
f 10461/13/5 10457/13/5 10460/13/5
f 10466/13/5 10463/13/5 10462/13/5
f 10467/13/5 10463/13/5 10466/13/5
f 10468/13/5 10459/13/5 10458/13/5
f 10469/7/5 10445/7/5 10459/7/5
f 10469/13/5 10459/13/5 10468/13/5
f 10470/7/5 10445/7/5 10469/7/5
f 10471/13/5 10465/13/5 10464/13/5
f 10473/7/5 10469/7/5 10468/7/5
f 10474/7/5 10469/7/5 10473/7/5
f 10475/13/5 10471/13/5 10464/13/5
f 10476/13/5 10471/13/5 10475/13/5
f 10477/7/5 10473/7/5 10472/7/5
f 10478/7/5 10473/7/5 10477/7/5
f 10479/9/5 10476/9/5 10475/9/5
f 10480/9/5 10476/9/5 10479/9/5
f 10485/11/5 10482/11/5 10481/11/5
f 10486/11/5 10482/11/5 10485/11/5
f 10487/11/5 10484/11/5 10483/11/5
f 10488/11/5 10484/11/5 10487/11/5
f 10489/10/5 10487/10/5 10486/10/5
f 10490/10/5 10487/10/5 10489/10/5
f 10491/3/5 10490/3/5 10489/3/5
f 10492/3/5 10490/3/5 10491/3/5
f 10493/1/5 10492/1/5 10491/1/5
f 10494/3/5 10490/3/5 10492/3/5
f 10494/1/5 10492/1/5 10493/1/5
f 10495/3/5 10490/3/5 10494/3/5
f 10496/11/5 10494/11/5 10493/11/5
f 10496/11/5 10495/11/5 10494/11/5
f 10497/11/5 10495/11/5 10496/11/5
f 10498/11/5 10495/11/5 10497/11/5
f 10499/11/5 10495/11/5 10498/11/5
f 10500/11/5 10498/11/5 10497/11/5
f 10501/11/5 10498/11/5 10500/11/5
f 10504/5/5 10503/5/5 10502/5/5
f 10505/5/5 10503/5/5 10504/5/5
f 10509/5/5 10507/5/5 10506/5/5
f 10509/5/5 10508/5/5 10507/5/5
f 10510/5/5 10508/5/5 10509/5/5
f 10513/11/5 10512/11/5 10511/11/5
f 10514/11/5 10512/11/5 10513/11/5
f 10518/11/5 10515/11/5 10514/11/5
f 10519/11/5 10515/11/5 10518/11/5
f 10520/13/5 10517/13/5 10516/13/5
f 10521/13/5 10517/13/5 10520/13/5
f 10522/13/5 10520/13/5 10516/13/5
f 10523/13/5 10520/13/5 10522/13/5
f 10532/12/5 10525/12/5 10524/12/5
f 10533/1/5 10526/1/5 10525/1/5
f 10533/12/5 10525/12/5 10532/12/5
f 10534/6/5 10527/6/5 10526/6/5
f 10534/1/5 10526/1/5 10533/1/5
f 10535/1/5 10528/1/5 10527/1/5
f 10535/6/5 10527/6/5 10534/6/5
f 10536/6/5 10529/6/5 10528/6/5
f 10536/1/5 10528/1/5 10535/1/5
f 10537/6/5 10529/6/5 10536/6/5
f 10538/1/5 10531/1/5 10530/1/5
f 10539/1/5 10531/1/5 10538/1/5
f 10544/11/5 10541/11/5 10540/11/5
f 10545/11/5 10541/11/5 10544/11/5
f 10548/11/5 10543/11/5 10542/11/5
f 10549/11/5 10543/11/5 10548/11/5
f 10550/10/5 10546/10/5 10545/10/5
f 10551/10/5 10546/10/5 10550/10/5
f 10552/10/5 10548/10/5 10547/10/5
f 10553/10/5 10548/10/5 10552/10/5
f 10554/3/5 10551/3/5 10550/3/5
f 10555/3/5 10551/3/5 10554/3/5
f 10556/1/5 10555/1/5 10554/1/5
f 10557/1/5 10556/1/5 10554/1/5
f 10558/1/5 10556/1/5 10557/1/5
f 10559/3/5 10553/3/5 10552/3/5
f 10560/3/5 10553/3/5 10559/3/5
f 10561/11/5 10558/11/5 10557/11/5
f 10562/11/5 10558/11/5 10561/11/5
f 10566/11/5 10560/11/5 10559/11/5
f 10567/11/5 10560/11/5 10566/11/5
f 10568/13/5 10564/13/5 10563/13/5
f 10569/13/5 10564/13/5 10568/13/5
f 10570/13/5 10566/13/5 10565/13/5
f 10571/13/5 10566/13/5 10570/13/5
f 10574/5/5 10573/5/5 10572/5/5
f 10575/5/5 10573/5/5 10574/5/5
f 10577/9/5 10576/9/5 10575/9/5
f 10579/9/5 10577/9/5 10575/9/5
f 10579/9/5 10578/9/5 10577/9/5
f 10580/9/5 10578/9/5 10579/9/5
f 10581/9/5 10579/9/5 10575/9/5
f 10582/9/5 10579/9/5 10581/9/5
f 10583/13/5 10580/13/5 10579/13/5
f 10583/9/5 10579/9/5 10582/9/5
f 10584/9/5 10578/9/5 10580/9/5
f 10584/13/5 10580/13/5 10583/13/5
f 10585/9/5 10578/9/5 10584/9/5
f 10589/9/5 10586/9/5 10585/9/5
f 10590/5/5 10588/5/5 10587/5/5
f 10591/13/5 10589/13/5 10588/13/5
f 10591/5/5 10588/5/5 10590/5/5
f 10596/13/5 10589/13/5 10591/13/5
f 10597/9/5 10586/9/5 10589/9/5
f 10597/13/5 10589/13/5 10596/13/5
f 10598/9/5 10586/9/5 10597/9/5
f 10599/3/5 10595/3/5 10594/3/5
f 10600/3/5 10595/3/5 10599/3/5
f 10601/12/5 10593/12/5 10592/12/5
f 10602/12/5 10593/12/5 10601/12/5
f 10608/13/5 10606/13/5 10605/13/5
f 10609/13/5 10606/13/5 10608/13/5
f 10614/13/5 10613/13/5 10612/13/5
f 10615/13/5 10613/13/5 10614/13/5
f 10616/12/5 10604/12/5 10603/12/5
f 10617/12/5 10604/12/5 10616/12/5
f 10618/12/5 10611/12/5 10610/12/5
f 10620/13/5 10617/13/5 10616/13/5
f 10621/13/5 10617/13/5 10620/13/5
f 10622/13/5 10608/13/5 10607/13/5
f 10623/13/5 10608/13/5 10622/13/5
f 10626/12/5 10618/12/5 10610/12/5
f 10627/13/5 10619/13/5 10618/13/5
f 10627/12/5 10618/12/5 10626/12/5
f 10628/13/5 10619/13/5 10627/13/5
f 10631/12/5 10625/12/5 10624/12/5
f 10632/12/5 10625/12/5 10631/12/5
f 10633/12/5 10628/12/5 10627/12/5
f 10634/12/5 10628/12/5 10633/12/5
f 10638/3/5 10630/3/5 10629/3/5
f 10639/3/5 10630/3/5 10638/3/5
f 10640/6/5 10637/6/5 10636/6/5
f 10640/6/5 10636/6/5 10635/6/5
f 10641/6/5 10637/6/5 10640/6/5
f 10644/11/5 10643/11/5 10642/11/5
f 10645/11/5 10643/11/5 10644/11/5
f 10649/11/5 10647/11/5 10646/11/5
f 10650/11/5 10647/11/5 10649/11/5
f 10651/10/5 10649/10/5 10648/10/5
f 10652/10/5 10649/10/5 10651/10/5
f 10653/3/5 10652/3/5 10651/3/5
f 10654/3/5 10652/3/5 10653/3/5
f 10657/11/5 10656/11/5 10655/11/5
f 10660/11/5 10654/11/5 10653/11/5
f 10661/11/5 10654/11/5 10660/11/5
f 10662/11/5 10657/11/5 10655/11/5
f 10663/13/5 10658/13/5 10657/13/5
f 10663/11/5 10657/11/5 10662/11/5
f 10664/13/5 10658/13/5 10663/13/5
f 10665/13/5 10660/13/5 10659/13/5
f 10666/13/5 10660/13/5 10665/13/5
f 10667/13/5 10664/13/5 10663/13/5
f 10667/13/5 10665/13/5 10664/13/5
f 10668/13/5 10665/13/5 10667/13/5
f 10669/13/5 10665/13/5 10668/13/5
f 10670/13/5 10665/13/5 10669/13/5
f 10671/13/5 10665/13/5 10670/13/5
f 10674/13/5 10665/13/5 10671/13/5
f 10675/13/5 10665/13/5 10674/13/5
f 10678/13/5 10673/13/5 10672/13/5
f 10679/13/5 10673/13/5 10678/13/5
f 10680/9/5 10678/9/5 10677/9/5
f 10680/9/5 10679/9/5 10678/9/5
f 10681/9/5 10679/9/5 10680/9/5
f 10682/9/5 10679/9/5 10681/9/5
f 10683/9/5 10679/9/5 10682/9/5
f 10686/13/5 10676/13/5 10675/13/5
f 10687/13/5 10676/13/5 10686/13/5
f 10689/9/5 10685/9/5 10684/9/5
f 10689/9/5 10686/9/5 10685/9/5
f 10689/9/5 10684/9/5 10683/9/5
f 10690/9/5 10686/9/5 10689/9/5
f 10691/9/5 10686/9/5 10690/9/5
f 10692/5/5 10688/5/5 10687/5/5
f 10693/5/5 10688/5/5 10692/5/5
f 10695/5/5 10694/5/5 10693/5/5
f 10696/5/5 10694/5/5 10695/5/5
f 10702/13/5 10698/13/5 10697/13/5
f 10703/13/5 10698/13/5 10702/13/5
f 10704/9/5 10700/9/5 10699/9/5
f 10705/13/5 10701/13/5 10700/13/5
f 10705/9/5 10700/9/5 10704/9/5
f 10707/12/5 10703/12/5 10702/12/5
f 10708/12/5 10703/12/5 10707/12/5
f 10709/13/5 10705/13/5 10704/13/5
f 10710/13/5 10701/13/5 10705/13/5
f 10710/13/5 10705/13/5 10709/13/5
f 10711/13/5 10707/13/5 10706/13/5
f 10711/13/5 10708/13/5 10707/13/5
f 10712/13/5 10708/13/5 10711/13/5
f 10717/7/5 10712/7/5 10711/7/5
f 10717/7/5 10711/7/5 10710/7/5
f 10718/7/5 10712/7/5 10717/7/5
f 10719/13/5 10708/13/5 10712/13/5
f 10719/7/5 10712/7/5 10718/7/5
f 10720/13/5 10708/13/5 10719/13/5
f 10721/13/5 10714/13/5 10713/13/5
f 10722/13/5 10714/13/5 10721/13/5
f 10723/13/5 10716/13/5 10715/13/5
f 10724/13/5 10716/13/5 10723/13/5
f 10725/7/5 10719/7/5 10718/7/5
f 10726/13/5 10708/13/5 10720/13/5
f 10727/7/5 10725/7/5 10718/7/5
f 10727/7/5 10726/7/5 10725/7/5
f 10728/13/5 10708/13/5 10726/13/5
f 10728/7/5 10726/7/5 10727/7/5
f 10729/13/5 10708/13/5 10728/13/5
f 10732/12/5 10729/12/5 10728/12/5
f 10733/12/5 10729/12/5 10732/12/5
f 10734/13/5 10731/13/5 10730/13/5
f 10735/13/5 10731/13/5 10734/13/5
f 10736/13/5 10733/13/5 10732/13/5
f 10737/13/5 10733/13/5 10736/13/5
f 10742/13/5 10739/13/5 10738/13/5
f 10743/13/5 10739/13/5 10742/13/5
f 10749/11/5 10741/11/5 10740/11/5
f 10750/11/5 10741/11/5 10749/11/5
f 10752/6/5 10746/6/5 10745/6/5
f 10752/6/5 10745/6/5 10744/6/5
f 10753/6/5 10746/6/5 10752/6/5
f 10754/3/5 10748/3/5 10747/3/5
f 10755/3/5 10748/3/5 10754/3/5
f 10756/11/5 10751/11/5 10750/11/5
f 10757/11/5 10751/11/5 10756/11/5
f 10758/11/5 10751/11/5 10757/11/5
f 10761/11/5 10758/11/5 10757/11/5
f 10762/11/5 10758/11/5 10761/11/5
f 10763/11/5 10760/11/5 10759/11/5
f 10764/11/5 10760/11/5 10763/11/5
f 10767/11/5 10766/11/5 10765/11/5
f 10768/11/5 10766/11/5 10767/11/5
f 10771/13/5 10770/13/5 10769/13/5
f 10772/13/5 10770/13/5 10771/13/5
f 10775/13/5 10774/13/5 10773/13/5
f 10776/13/5 10774/13/5 10775/13/5
f 10779/13/5 10777/13/5 10776/13/5
f 10780/13/5 10777/13/5 10779/13/5
f 10783/11/5 10779/11/5 10778/11/5
f 10783/11/5 10780/11/5 10779/11/5
f 10784/13/5 10781/13/5 10780/13/5
f 10784/11/5 10780/11/5 10783/11/5
f 10785/13/5 10781/13/5 10784/13/5
f 10790/11/5 10783/11/5 10782/11/5
f 10791/11/5 10783/11/5 10790/11/5
f 10792/13/5 10785/13/5 10784/13/5
f 10792/13/5 10786/13/5 10785/13/5
f 10793/13/5 10786/13/5 10792/13/5
f 10794/5/5 10789/5/5 10788/5/5
f 10794/13/5 10788/13/5 10787/13/5
f 10795/5/5 10789/5/5 10794/5/5
f 10796/13/5 10786/13/5 10793/13/5
f 10797/13/5 10786/13/5 10796/13/5
f 10798/13/5 10795/13/5 10794/13/5
f 10798/13/5 10794/13/5 10787/13/5
f 10799/13/5 10795/13/5 10798/13/5
f 10800/13/5 10795/13/5 10799/13/5
f 10806/9/5 10799/9/5 10798/9/5
f 10807/9/5 10799/9/5 10806/9/5
f 10808/13/5 10802/13/5 10801/13/5
f 10809/13/5 10804/13/5 10803/13/5
f 10810/13/5 10804/13/5 10809/13/5
f 10811/7/5 10806/7/5 10805/7/5
f 10812/7/5 10806/7/5 10811/7/5
f 10813/13/5 10808/13/5 10801/13/5
f 10813/13/5 10809/13/5 10808/13/5
f 10814/13/5 10809/13/5 10813/13/5
f 10815/13/5 10809/13/5 10814/13/5
f 10819/13/5 10817/13/5 10816/13/5
f 10825/13/5 10819/13/5 10818/13/5
f 10826/13/5 10817/13/5 10819/13/5
f 10826/13/5 10819/13/5 10825/13/5
f 10827/13/5 10821/13/5 10820/13/5
f 10828/7/5 10822/7/5 10821/7/5
f 10828/13/5 10821/13/5 10827/13/5
f 10829/7/5 10822/7/5 10828/7/5
f 10830/11/5 10824/11/5 10823/11/5
f 10831/11/5 10824/11/5 10830/11/5
f 10833/11/5 10832/11/5 10831/11/5
f 10834/11/5 10832/11/5 10833/11/5
f 10839/3/5 10836/3/5 10835/3/5
f 10840/3/5 10836/3/5 10839/3/5
f 10841/3/5 10838/3/5 10837/3/5
f 10842/3/5 10838/3/5 10841/3/5
f 10845/11/5 10844/11/5 10843/11/5
f 10846/11/5 10845/11/5 10843/11/5
f 10847/11/5 10845/11/5 10846/11/5
f 10850/11/5 10849/11/5 10848/11/5
f 10851/11/5 10849/11/5 10850/11/5
f 10852/11/5 10849/11/5 10851/11/5
f 10854/11/5 10853/11/5 10852/11/5
f 10854/11/5 10852/11/5 10851/11/5
f 10855/11/5 10853/11/5 10854/11/5
f 10861/13/5 10857/13/5 10856/13/5
f 10862/13/5 10857/13/5 10861/13/5
f 10863/12/5 10859/12/5 10858/12/5
f 10864/1/5 10860/1/5 10859/1/5
f 10864/12/5 10859/12/5 10863/12/5
f 10865/1/5 10860/1/5 10864/1/5
f 10868/11/5 10867/11/5 10866/11/5
f 10869/11/5 10867/11/5 10868/11/5
f 10876/7/5 10871/7/5 10870/7/5
f 10877/7/5 10871/7/5 10876/7/5
f 10878/13/5 10873/13/5 10872/13/5
f 10879/13/5 10873/13/5 10878/13/5
f 10880/13/5 10875/13/5 10874/13/5
f 10881/13/5 10875/13/5 10880/13/5
f 10884/13/5 10883/13/5 10882/13/5
f 10887/13/5 10883/13/5 10884/13/5
f 10888/13/5 10883/13/5 10887/13/5
f 10889/11/5 10886/11/5 10885/11/5
f 10890/11/5 10886/11/5 10889/11/5
f 10894/12/5 10892/12/5 10891/12/5
f 10895/3/5 10893/3/5 10892/3/5
f 10895/12/5 10892/12/5 10894/12/5
f 10896/3/5 10893/3/5 10895/3/5
f 10898/11/5 10895/11/5 10894/11/5
f 10899/11/5 10895/11/5 10898/11/5
f 10900/11/5 10898/11/5 10897/11/5
f 10901/11/5 10898/11/5 10900/11/5
f 10905/11/5 10903/11/5 10902/11/5
f 10906/11/5 10903/11/5 10905/11/5
f 10907/10/5 10905/10/5 10904/10/5
f 10908/10/5 10905/10/5 10907/10/5
f 10911/11/5 10910/11/5 10909/11/5
f 10912/11/5 10911/11/5 10909/11/5
f 10913/11/5 10911/11/5 10912/11/5
f 10917/11/5 10915/11/5 10914/11/5
f 10917/11/5 10916/11/5 10915/11/5
f 10918/11/5 10916/11/5 10917/11/5
f 10923/13/5 10920/13/5 10919/13/5
f 10924/13/5 10920/13/5 10923/13/5
f 10925/11/5 10922/11/5 10921/11/5
f 10926/11/5 10922/11/5 10925/11/5
f 10928/11/5 10927/11/5 10926/11/5
f 10929/11/5 10927/11/5 10928/11/5
f 10932/11/5 10927/11/5 10929/11/5
f 10934/1/5 10931/1/5 10930/1/5
f 10935/1/5 10931/1/5 10934/1/5
f 10936/11/5 10933/11/5 10932/11/5
f 10936/11/5 10932/11/5 10929/11/5
f 10937/11/5 10933/11/5 10936/11/5
f 10938/11/5 10933/11/5 10937/11/5
f 10940/11/5 10939/11/5 10938/11/5
f 10940/11/5 10938/11/5 10937/11/5
f 10941/11/5 10939/11/5 10940/11/5
f 10942/11/5 10939/11/5 10941/11/5
f 10943/11/5 10939/11/5 10942/11/5
f 10948/11/5 10945/11/5 10944/11/5
f 10949/11/5 10945/11/5 10948/11/5
f 10951/11/5 10947/11/5 10946/11/5
f 10952/11/5 10947/11/5 10951/11/5
f 10953/11/5 10945/11/5 10949/11/5
f 10954/11/5 10945/11/5 10953/11/5
f 10955/10/5 10951/10/5 10950/10/5
f 10956/10/5 10951/10/5 10955/10/5
f 10959/11/5 10958/11/5 10957/11/5
f 10960/11/5 10958/11/5 10959/11/5
f 10963/5/5 10962/5/5 10961/5/5
f 10964/5/5 10962/5/5 10963/5/5
f 10967/11/5 10966/11/5 10965/11/5
f 10968/11/5 10966/11/5 10967/11/5
f 10969/11/5 10967/11/5 10965/11/5
f 10970/11/5 10967/11/5 10969/11/5
f 10973/5/5 10972/5/5 10971/5/5
f 10974/5/5 10972/5/5 10973/5/5
f 10978/11/5 10976/11/5 10975/11/5
f 10978/11/5 10977/11/5 10976/11/5
f 10979/11/5 10977/11/5 10978/11/5
f 10982/7/5 10981/7/5 10980/7/5
f 10983/7/5 10981/7/5 10982/7/5
f 10986/5/5 10985/5/5 10984/5/5
f 10987/5/5 10985/5/5 10986/5/5
f 10990/11/5 10989/11/5 10988/11/5
f 10991/11/5 10989/11/5 10990/11/5
f 10996/4/5 10993/4/5 10992/4/5
f 10997/4/5 10993/4/5 10996/4/5
f 10998/4/5 10995/4/5 10994/4/5
f 10999/4/5 10995/4/5 10998/4/5
f 11004/5/5 11001/5/5 11000/5/5
f 11005/5/5 11001/5/5 11004/5/5
f 11006/3/5 11003/3/5 11002/3/5
f 11007/3/5 11003/3/5 11006/3/5
f 11010/11/5 11009/11/5 11008/11/5
f 11011/11/5 11010/11/5 11008/11/5
f 11012/11/5 11010/11/5 11011/11/5
f 11015/4/5 11014/4/5 11013/4/5
f 11016/4/5 11014/4/5 11015/4/5
f 11021/5/5 11018/5/5 11017/5/5
f 11022/5/5 11018/5/5 11021/5/5
f 11027/11/5 11020/11/5 11019/11/5
f 11028/11/5 11020/11/5 11027/11/5
f 11030/10/5 11024/10/5 11023/10/5
f 11031/10/5 11024/10/5 11030/10/5
f 11032/10/5 11026/10/5 11025/10/5
f 11033/10/5 11026/10/5 11032/10/5
f 11034/11/5 11029/11/5 11028/11/5
f 11035/11/5 11029/11/5 11034/11/5
f 11038/8/5 11031/8/5 11030/8/5
f 11039/8/5 11031/8/5 11038/8/5
f 11040/8/5 11033/8/5 11032/8/5
f 11041/8/5 11033/8/5 11040/8/5
f 11042/8/5 11033/8/5 11041/8/5
f 11043/5/5 11035/5/5 11034/5/5
f 11044/5/5 11035/5/5 11043/5/5
f 11045/11/5 11037/11/5 11036/11/5
f 11046/11/5 11037/11/5 11045/11/5
f 11049/11/5 11048/11/5 11047/11/5
f 11050/11/5 11048/11/5 11049/11/5
f 11061/8/5 11054/8/5 11053/8/5
f 11062/6/5 11055/6/5 11054/6/5
f 11062/8/5 11054/8/5 11061/8/5
f 11063/6/5 11055/6/5 11062/6/5
f 11071/8/5 11057/8/5 11056/8/5
f 11072/6/5 11058/6/5 11057/6/5
f 11072/8/5 11057/8/5 11071/8/5
f 11073/8/5 11059/8/5 11058/8/5
f 11073/6/5 11058/6/5 11072/6/5
f 11074/8/5 11059/8/5 11073/8/5
f 11078/5/5 11052/5/5 11051/5/5
f 11080/10/5 11061/10/5 11060/10/5
f 11081/10/5 11061/10/5 11080/10/5
f 11082/8/5 11064/8/5 11063/8/5
f 11083/13/5 11071/13/5 11070/13/5
f 11084/8/5 11074/8/5 11073/8/5
f 11085/10/5 11075/10/5 11074/10/5
f 11085/8/5 11074/8/5 11084/8/5
f 11086/10/5 11075/10/5 11085/10/5
f 11087/11/5 11077/11/5 11076/11/5
f 11088/11/5 11077/11/5 11087/11/5
f 11089/5/5 11079/5/5 11078/5/5
f 11089/5/5 11078/5/5 11051/5/5
f 11090/5/5 11079/5/5 11089/5/5
f 11091/5/5 11079/5/5 11090/5/5
f 11092/8/5 11081/8/5 11080/8/5
f 11093/8/5 11081/8/5 11092/8/5
f 11094/8/5 11064/8/5 11082/8/5
f 11095/13/5 11065/13/5 11064/13/5
f 11095/8/5 11064/8/5 11094/8/5
f 11096/3/5 11066/3/5 11065/3/5
f 11096/13/5 11065/13/5 11095/13/5
f 11097/13/5 11067/13/5 11066/13/5
f 11097/3/5 11066/3/5 11096/3/5
f 11098/3/5 11068/3/5 11067/3/5
f 11098/13/5 11067/13/5 11097/13/5
f 11099/13/5 11069/13/5 11068/13/5
f 11099/3/5 11068/3/5 11098/3/5
f 11100/3/5 11070/3/5 11069/3/5
f 11100/13/5 11069/13/5 11099/13/5
f 11101/13/5 11083/13/5 11070/13/5
f 11101/3/5 11070/3/5 11100/3/5
f 11102/13/5 11083/13/5 11101/13/5
f 11104/8/5 11085/8/5 11084/8/5
f 11104/8/5 11086/8/5 11085/8/5
f 11105/8/5 11086/8/5 11104/8/5
f 11106/8/5 11086/8/5 11105/8/5
f 11107/8/5 11094/8/5 11093/8/5
f 11108/8/5 11094/8/5 11107/8/5
f 11109/8/5 11094/8/5 11108/8/5
f 11110/3/5 11102/3/5 11101/3/5
f 11111/3/5 11102/3/5 11110/3/5
f 11112/8/5 11105/8/5 11104/8/5
f 11112/8/5 11104/8/5 11103/8/5
f 11113/8/5 11105/8/5 11112/8/5
f 11114/8/5 11105/8/5 11113/8/5
f 11117/11/5 11116/11/5 11115/11/5
f 11118/11/5 11116/11/5 11117/11/5
f 11121/2/5 11120/2/5 11119/2/5
f 11122/2/5 11120/2/5 11121/2/5
f 11125/8/5 11124/8/5 11123/8/5
f 11126/8/5 11124/8/5 11125/8/5
f 11129/11/5 11128/11/5 11127/11/5
f 11134/11/5 11128/11/5 11129/11/5
f 11135/11/5 11128/11/5 11134/11/5
f 11137/3/5 11131/3/5 11130/3/5
f 11138/3/5 11131/3/5 11137/3/5
f 11139/3/5 11133/3/5 11132/3/5
f 11140/3/5 11133/3/5 11139/3/5
f 11143/3/5 11137/3/5 11136/3/5
f 11144/3/5 11137/3/5 11143/3/5
f 11147/11/5 11142/11/5 11141/11/5
f 11148/11/5 11147/11/5 11141/11/5
f 11149/11/5 11147/11/5 11148/11/5
f 11150/3/5 11143/3/5 11136/3/5
f 11151/3/5 11143/3/5 11150/3/5
f 11152/3/5 11146/3/5 11145/3/5
f 11153/3/5 11146/3/5 11152/3/5
f 11156/3/5 11155/3/5 11154/3/5
f 11157/3/5 11155/3/5 11156/3/5
f 11160/4/5 11159/4/5 11158/4/5
f 11161/4/5 11159/4/5 11160/4/5
f 11166/2/5 11163/2/5 11162/2/5
f 11167/2/5 11163/2/5 11166/2/5
f 11168/2/5 11165/2/5 11164/2/5
f 11169/2/5 11165/2/5 11168/2/5
f 11170/2/5 11168/2/5 11167/2/5
f 11171/2/5 11168/2/5 11170/2/5
f 11174/11/5 11173/11/5 11172/11/5
f 11175/11/5 11173/11/5 11174/11/5
f 11179/11/5 11175/11/5 11174/11/5
f 11179/11/5 11176/11/5 11175/11/5
f 11180/11/5 11176/11/5 11179/11/5
f 11181/11/5 11176/11/5 11180/11/5
f 11182/3/5 11178/3/5 11177/3/5
f 11183/3/5 11178/3/5 11182/3/5
f 11184/11/5 11181/11/5 11180/11/5
f 11185/11/5 11181/11/5 11184/11/5
f 11188/3/5 11187/3/5 11186/3/5
f 11189/3/5 11187/3/5 11188/3/5
f 11193/3/5 11192/3/5 11191/3/5
f 11193/3/5 11191/3/5 11190/3/5
f 11193/3/5 11190/3/5 11189/3/5
f 11194/3/5 11192/3/5 11193/3/5
f 11195/3/5 11192/3/5 11194/3/5
f 11196/3/5 11192/3/5 11195/3/5
f 11201/2/5 11198/2/5 11197/2/5
f 11202/2/5 11198/2/5 11201/2/5
f 11203/2/5 11200/2/5 11199/2/5
f 11204/2/5 11200/2/5 11203/2/5
f 11205/2/5 11203/2/5 11202/2/5
f 11206/2/5 11203/2/5 11205/2/5
f 11209/3/5 11208/3/5 11207/3/5
f 11210/3/5 11208/3/5 11209/3/5
f 11213/3/5 11212/3/5 11211/3/5
f 11214/3/5 11212/3/5 11213/3/5
f 11219/3/5 11216/3/5 11215/3/5
f 11219/3/5 11217/3/5 11216/3/5
f 11220/3/5 11217/3/5 11219/3/5
f 11220/3/5 11219/3/5 11218/3/5
f 11221/3/5 11217/3/5 11220/3/5
f 11223/3/5 11220/3/5 11218/3/5
f 11224/3/5 11220/3/5 11223/3/5
f 11225/3/5 11222/3/5 11221/3/5
f 11226/3/5 11222/3/5 11225/3/5
f 11227/3/5 11220/3/5 11224/3/5
f 11228/3/5 11220/3/5 11227/3/5
f 11231/2/5 11230/2/5 11229/2/5
f 11232/2/5 11230/2/5 11231/2/5
f 11235/3/5 11234/3/5 11233/3/5
f 11236/3/5 11234/3/5 11235/3/5
f 11240/2/5 11238/2/5 11237/2/5
f 11241/2/5 11238/2/5 11240/2/5
f 11243/2/5 11240/2/5 11239/2/5
f 11244/2/5 11240/2/5 11243/2/5
f 11245/2/5 11242/2/5 11241/2/5
f 11246/2/5 11242/2/5 11245/2/5
f 11247/2/5 11245/2/5 11244/2/5
f 11248/2/5 11245/2/5 11247/2/5
f 11251/3/5 11250/3/5 11249/3/5
f 11252/3/5 11250/3/5 11251/3/5
f 11255/3/5 11254/3/5 11253/3/5
f 11256/3/5 11254/3/5 11255/3/5
f 11259/3/5 11258/3/5 11257/3/5
f 11260/3/5 11258/3/5 11259/3/5
f 11263/3/5 11262/3/5 11261/3/5
f 11264/3/5 11262/3/5 11263/3/5
f 11268/3/5 11266/3/5 11265/3/5
f 11269/3/5 11266/3/5 11268/3/5
f 11272/3/5 11268/3/5 11267/3/5
f 11273/3/5 11268/3/5 11272/3/5
f 11274/3/5 11271/3/5 11270/3/5
f 11275/3/5 11271/3/5 11274/3/5
f 11276/3/5 11271/3/5 11275/3/5
f 11279/3/5 11278/3/5 11277/3/5
f 11280/3/5 11278/3/5 11279/3/5
f 11283/3/5 11282/3/5 11281/3/5
f 11284/3/5 11282/3/5 11283/3/5
f 11287/3/5 11286/3/5 11285/3/5
f 11288/3/5 11286/3/5 11287/3/5
f 11289/3/5 11286/3/5 11288/3/5
f 11292/3/5 11291/3/5 11290/3/5
f 11293/3/5 11291/3/5 11292/3/5
f 11295/3/5 11293/3/5 11292/3/5
f 11295/3/5 11294/3/5 11293/3/5
f 11296/3/5 11294/3/5 11295/3/5
f 11297/3/5 11294/3/5 11296/3/5
f 11298/6/6 11299/6/6 11302/6/6
f 11302/6/6 11299/6/6 11303/6/6
f 11300/6/6 11301/6/6 11304/6/6
f 11304/6/6 11301/6/6 11305/6/6
f 11305/6/6 11301/6/6 11306/6/6
f 11306/6/6 11301/6/6 11307/6/6
f 11308/9/6 11309/9/6 11310/9/6
f 11310/9/6 11309/9/6 11311/9/6
f 11312/6/6 11313/6/6 11316/6/6
f 11316/6/6 11313/6/6 11317/6/6
f 11314/6/6 11315/6/6 11318/6/6
f 11318/6/6 11315/6/6 11319/6/6
f 11320/6/6 11321/6/6 11322/6/6
f 11322/6/6 11321/6/6 11323/6/6
f 11324/6/6 11325/6/6 11329/6/6
f 11329/6/6 11325/6/6 11330/6/6
f 11326/6/6 11327/6/6 11331/6/6
f 11331/6/6 11327/6/6 11332/6/6
f 11328/6/6 11329/6/6 11333/6/6
f 11333/6/6 11329/6/6 11334/6/6
f 11335/13/6 11336/13/6 11337/13/6
f 11337/13/6 11336/13/6 11338/13/6
f 11339/6/6 11340/6/6 11343/6/6
f 11343/6/6 11340/6/6 11344/6/6
f 11341/6/6 11342/6/6 11345/6/6
f 11344/6/6 11345/6/6 11346/6/6
f 11345/6/6 11342/6/6 11347/6/6
f 11346/6/6 11345/6/6 11347/6/6
f 11348/6/6 11349/6/6 11352/6/6
f 11352/6/6 11349/6/6 11353/6/6
f 11350/6/6 11351/6/6 11355/6/6
f 11355/6/6 11351/6/6 11356/6/6
f 11348/6/6 11352/6/6 11357/6/6
f 11357/6/6 11352/6/6 11358/6/6
f 11354/13/6 11355/13/6 11359/13/6
f 11359/13/6 11355/13/6 11360/13/6
f 11356/6/6 11351/6/6 11361/6/6
f 11361/6/6 11351/6/6 11362/6/6
f 11363/13/6 11364/13/6 11365/13/6
f 11365/13/6 11364/13/6 11366/13/6
f 11367/6/6 11368/6/6 11369/6/6
f 11369/6/6 11368/6/6 11370/6/6
f 11371/6/6 11372/6/6 11378/6/6
f 11378/6/6 11372/6/6 11379/6/6
f 11373/6/6 11374/6/6 11382/6/6
f 11382/6/6 11374/6/6 11383/6/6
f 11375/6/6 11376/6/6 11385/6/6
f 11385/6/6 11376/6/6 11386/6/6
f 11377/6/6 11378/6/6 11387/6/6
f 11387/6/6 11378/6/6 11388/6/6
f 11379/6/6 11380/6/6 11389/6/6
f 11380/13/6 11381/13/6 11390/13/6
f 11389/6/6 11380/6/6 11390/6/6
f 11390/13/6 11381/13/6 11391/13/6
f 11391/13/6 11381/13/6 11392/13/6
f 11383/6/6 11384/6/6 11393/6/6
f 11393/6/6 11384/6/6 11394/6/6
f 11387/13/6 11388/13/6 11401/13/6
f 11388/6/6 11389/6/6 11402/6/6
f 11401/13/6 11388/13/6 11402/13/6
f 11402/6/6 11389/6/6 11403/6/6
f 11395/6/6 11396/6/6 11404/6/6
f 11404/6/6 11396/6/6 11405/6/6
f 11398/6/6 11399/6/6 11406/6/6
f 11397/6/6 11398/6/6 11406/6/6
f 11406/6/6 11399/6/6 11407/6/6
f 11400/6/6 11401/6/6 11409/6/6
f 11409/6/6 11401/6/6 11410/6/6
f 11408/6/6 11409/6/6 11411/6/6
f 11409/6/6 11410/6/6 11411/6/6
f 11411/6/6 11410/6/6 11412/6/6
f 11412/6/6 11410/6/6 11413/6/6
f 11412/6/6 11413/6/6 11414/6/6
f 11414/6/6 11413/6/6 11415/6/6
f 11415/13/6 11416/13/6 11417/13/6
f 11417/13/6 11416/13/6 11418/13/6
f 11421/6/6 11422/6/6 11423/6/6
f 11423/6/6 11422/6/6 11424/6/6
f 11419/6/6 11420/6/6 11426/6/6
f 11426/6/6 11420/6/6 11427/6/6
f 11425/6/6 11426/6/6 11428/6/6
f 11428/6/6 11426/6/6 11429/6/6
f 11430/6/6 11431/6/6 11433/6/6
f 11433/6/6 11431/6/6 11434/6/6
f 11432/6/6 11433/6/6 11438/6/6
f 11433/13/6 11434/13/6 11439/13/6
f 11438/6/6 11433/6/6 11439/6/6
f 11439/13/6 11434/13/6 11440/13/6
f 11435/6/6 11436/6/6 11441/6/6
f 11441/6/6 11436/6/6 11442/6/6
f 11437/13/6 11438/13/6 11444/13/6
f 11438/13/6 11439/13/6 11444/13/6
f 11444/13/6 11439/13/6 11445/13/6
f 11445/13/6 11439/13/6 11446/13/6
f 11442/6/6 11443/6/6 11447/6/6
f 11441/6/6 11442/6/6 11447/6/6
f 11447/6/6 11443/6/6 11448/6/6
f 11448/6/6 11443/6/6 11449/6/6
f 11448/13/6 11449/13/6 11450/13/6
f 11450/13/6 11449/13/6 11451/13/6
f 11450/13/6 11451/13/6 11453/13/6
f 11451/13/6 11452/13/6 11453/13/6
f 11453/13/6 11452/13/6 11454/13/6
f 11454/13/6 11452/13/6 11455/13/6
f 11455/13/6 11456/13/6 11457/13/6
f 11457/13/6 11456/13/6 11458/13/6
f 11459/13/6 11460/13/6 11461/13/6
f 11461/13/6 11460/13/6 11462/13/6
f 11463/13/6 11464/13/6 11465/13/6
f 11465/13/6 11464/13/6 11466/13/6
f 11467/13/6 11468/13/6 11469/13/6
f 11469/13/6 11468/13/6 11470/13/6
f 11471/6/6 11472/6/6 11480/6/6
f 11472/13/6 11473/13/6 11481/13/6
f 11480/6/6 11472/6/6 11481/6/6
f 11481/13/6 11473/13/6 11482/13/6
f 11474/6/6 11475/6/6 11483/6/6
f 11483/6/6 11475/6/6 11484/6/6
f 11476/13/6 11477/13/6 11486/13/6
f 11477/6/6 11478/6/6 11487/6/6
f 11486/13/6 11477/13/6 11487/13/6
f 11487/6/6 11478/6/6 11488/6/6
f 11479/6/6 11480/6/6 11489/6/6
f 11489/6/6 11480/6/6 11490/6/6
f 11484/6/6 11485/6/6 11492/6/6
f 11492/6/6 11485/6/6 11493/6/6
f 11485/13/6 11486/13/6 11494/13/6
f 11493/6/6 11485/6/6 11494/6/6
f 11494/13/6 11486/13/6 11495/13/6
f 11488/6/6 11478/6/6 11496/6/6
f 11496/6/6 11478/6/6 11497/6/6
f 11479/6/6 11489/6/6 11500/6/6
f 11500/6/6 11489/6/6 11501/6/6
f 11492/13/6 11493/13/6 11502/13/6
f 11491/13/6 11492/13/6 11502/13/6
f 11502/13/6 11493/13/6 11503/13/6
f 11503/13/6 11493/13/6 11504/13/6
f 11504/13/6 11493/13/6 11505/13/6
f 11502/6/6 11503/6/6 11506/6/6
f 11503/13/6 11504/13/6 11507/13/6
f 11506/6/6 11503/6/6 11507/6/6
f 11507/13/6 11504/13/6 11508/13/6
f 11498/13/6 11499/13/6 11509/13/6
f 11509/13/6 11499/13/6 11510/13/6
f 11506/13/6 11507/13/6 11511/13/6
f 11511/13/6 11507/13/6 11512/13/6
f 11513/13/6 11514/13/6 11515/13/6
f 11515/13/6 11514/13/6 11516/13/6
f 11517/13/6 11518/13/6 11522/13/6
f 11522/13/6 11518/13/6 11523/13/6
f 11519/13/6 11520/13/6 11524/13/6
f 11521/13/6 11522/13/6 11526/13/6
f 11522/6/6 11523/6/6 11527/6/6
f 11526/13/6 11522/13/6 11527/13/6
f 11524/13/6 11525/13/6 11528/13/6
f 11519/13/6 11524/13/6 11528/13/6
f 11528/13/6 11525/13/6 11529/13/6
f 11527/6/6 11523/6/6 11532/6/6
f 11529/13/6 11530/13/6 11533/13/6
f 11533/13/6 11530/13/6 11534/13/6
f 11531/6/6 11532/6/6 11535/6/6
f 11532/6/6 11523/6/6 11536/6/6
f 11535/6/6 11532/6/6 11536/6/6
f 11537/9/6 11538/9/6 11541/9/6
f 11541/9/6 11538/9/6 11542/9/6
f 11539/13/6 11540/13/6 11545/13/6
f 11540/9/6 11541/9/6 11546/9/6
f 11545/13/6 11540/13/6 11546/13/6
f 11546/9/6 11541/9/6 11547/9/6
f 11543/13/6 11544/13/6 11548/13/6
f 11548/13/6 11544/13/6 11549/13/6
f 11550/9/6 11551/9/6 11555/9/6
f 11555/9/6 11551/9/6 11556/9/6
f 11552/9/6 11553/9/6 11557/9/6
f 11553/13/6 11554/13/6 11558/13/6
f 11557/9/6 11553/9/6 11558/9/6
f 11558/13/6 11554/13/6 11559/13/6
f 11560/13/6 11561/13/6 11562/13/6
f 11562/13/6 11561/13/6 11563/13/6
f 11563/13/6 11561/13/6 11564/13/6
f 11565/13/6 11566/13/6 11567/13/6
f 11567/13/6 11566/13/6 11568/13/6
f 11569/13/6 11570/13/6 11573/13/6
f 11573/13/6 11570/13/6 11574/13/6
f 11571/13/6 11572/13/6 11575/13/6
f 11575/13/6 11572/13/6 11576/13/6
f 11577/13/6 11578/13/6 11583/13/6
f 11583/13/6 11578/13/6 11584/13/6
f 11579/13/6 11580/13/6 11585/13/6
f 11585/13/6 11580/13/6 11586/13/6
f 11581/13/6 11582/13/6 11587/13/6
f 11585/13/6 11586/13/6 11588/13/6
f 11586/13/6 11587/13/6 11588/13/6
f 11584/13/6 11585/13/6 11588/13/6
f 11587/13/6 11582/13/6 11589/13/6
f 11588/13/6 11587/13/6 11589/13/6
f 11584/13/6 11588/13/6 11590/13/6
f 11590/13/6 11588/13/6 11591/13/6
f 11592/13/6 11593/13/6 11596/13/6
f 11596/13/6 11593/13/6 11597/13/6
f 11594/13/6 11595/13/6 11599/13/6
f 11599/13/6 11595/13/6 11600/13/6
f 11597/13/6 11598/13/6 11603/13/6
f 11603/13/6 11598/13/6 11604/13/6
f 11604/13/6 11598/13/6 11605/13/6
f 11605/13/6 11606/13/6 11607/13/6
f 11604/13/6 11605/13/6 11607/13/6
f 11607/13/6 11606/13/6 11608/13/6
f 11601/13/6 11602/13/6 11609/13/6
f 11609/13/6 11602/13/6 11610/13/6
f 11604/13/6 11607/13/6 11611/13/6
f 11611/13/6 11607/13/6 11612/13/6
f 11612/13/6 11613/13/6 11616/13/6
f 11616/13/6 11613/13/6 11617/13/6
f 11614/13/6 11615/13/6 11618/13/6
f 11618/13/6 11615/13/6 11619/13/6
f 11620/13/6 11621/13/6 11625/13/6
f 11621/13/6 11622/13/6 11625/13/6
f 11625/13/6 11622/13/6 11626/13/6
f 11623/13/6 11624/13/6 11627/13/6
f 11627/13/6 11624/13/6 11628/13/6
f 11626/13/6 11622/13/6 11630/13/6
f 11630/13/6 11622/13/6 11631/13/6
f 11629/13/6 11630/13/6 11633/13/6
f 11633/13/6 11630/13/6 11634/13/6
f 11632/13/6 11633/13/6 11636/13/6
f 11633/6/6 11634/6/6 11637/6/6
f 11636/13/6 11633/13/6 11637/13/6
f 11634/13/6 11635/13/6 11638/13/6
f 11637/6/6 11634/6/6 11638/6/6
f 11638/13/6 11635/13/6 11639/13/6
f 11640/9/6 11641/9/6 11643/9/6
f 11643/9/6 11641/9/6 11644/9/6
f 11642/13/6 11643/13/6 11645/13/6
f 11643/13/6 11644/13/6 11645/13/6
f 11645/13/6 11644/13/6 11646/13/6
f 11648/13/6 11649/13/6 11652/13/6
f 11649/13/6 11650/13/6 11652/13/6
f 11652/13/6 11650/13/6 11653/13/6
f 11653/13/6 11650/13/6 11654/13/6
f 11646/9/6 11647/9/6 11655/9/6
f 11655/9/6 11647/9/6 11656/9/6
f 11651/9/6 11652/9/6 11657/9/6
f 11652/13/6 11653/13/6 11658/13/6
f 11657/9/6 11652/9/6 11658/9/6
f 11657/13/6 11658/13/6 11662/13/6
f 11658/13/6 11653/13/6 11663/13/6
f 11662/13/6 11658/13/6 11663/13/6
f 11661/13/6 11662/13/6 11665/13/6
f 11659/13/6 11660/13/6 11667/13/6
f 11667/13/6 11660/13/6 11668/13/6
f 11665/13/6 11662/13/6 11669/13/6
f 11664/13/6 11665/13/6 11669/13/6
f 11669/13/6 11662/13/6 11670/13/6
f 11666/13/6 11667/13/6 11671/13/6
f 11671/13/6 11667/13/6 11672/13/6
f 11664/13/6 11669/13/6 11674/13/6
f 11674/13/6 11669/13/6 11675/13/6
f 11672/13/6 11673/13/6 11678/13/6
f 11671/13/6 11672/13/6 11678/13/6
f 11678/13/6 11673/13/6 11679/13/6
f 11675/13/6 11676/13/6 11681/13/6
f 11681/13/6 11676/13/6 11682/13/6
f 11677/9/6 11678/9/6 11684/9/6
f 11684/9/6 11678/9/6 11685/9/6
f 11682/13/6 11683/13/6 11686/13/6
f 11680/13/6 11681/13/6 11686/13/6
f 11684/13/6 11685/13/6 11686/13/6
f 11683/13/6 11684/13/6 11686/13/6
f 11681/13/6 11682/13/6 11686/13/6
f 11686/13/6 11685/13/6 11687/13/6
f 11687/13/6 11685/13/6 11688/13/6
f 11688/13/6 11685/13/6 11689/13/6
f 11680/13/6 11686/13/6 11690/13/6
f 11690/13/6 11686/13/6 11691/13/6
f 11687/13/6 11688/13/6 11692/13/6
f 11692/13/6 11688/13/6 11693/13/6
f 11694/13/6 11695/13/6 11698/13/6
f 11698/13/6 11695/13/6 11699/13/6
f 11699/13/6 11695/13/6 11700/13/6
f 11696/13/6 11697/13/6 11701/13/6
f 11701/13/6 11697/13/6 11702/13/6
f 11700/13/6 11695/13/6 11703/13/6
f 11703/13/6 11695/13/6 11704/13/6
f 11704/13/6 11705/13/6 11708/13/6
f 11708/13/6 11705/13/6 11709/13/6
f 11706/13/6 11707/13/6 11710/13/6
f 11710/13/6 11707/13/6 11711/13/6
f 11712/9/6 11713/9/6 11714/9/6
f 11714/9/6 11713/9/6 11715/9/6
f 11716/13/6 11717/13/6 11719/13/6
f 11719/13/6 11717/13/6 11720/13/6
f 11719/9/6 11720/9/6 11723/9/6
f 11718/9/6 11719/9/6 11723/9/6
f 11723/9/6 11720/9/6 11724/9/6
f 11724/9/6 11720/9/6 11725/9/6
f 11725/9/6 11720/9/6 11726/9/6
f 11721/13/6 11722/13/6 11729/13/6
f 11729/13/6 11722/13/6 11730/13/6
f 11724/9/6 11725/9/6 11731/9/6
f 11731/9/6 11725/9/6 11732/9/6
f 11726/9/6 11727/9/6 11733/9/6
f 11733/9/6 11727/9/6 11734/9/6
f 11728/13/6 11729/13/6 11736/13/6
f 11736/13/6 11729/13/6 11737/13/6
f 11733/13/6 11734/13/6 11739/13/6
f 11739/13/6 11734/13/6 11740/13/6
f 11737/13/6 11738/13/6 11741/13/6
f 11736/13/6 11737/13/6 11741/13/6
f 11735/13/6 11736/13/6 11741/13/6
f 11741/13/6 11738/13/6 11742/13/6
f 11735/13/6 11741/13/6 11743/13/6
f 11743/13/6 11741/13/6 11744/13/6
f 11745/9/6 11746/9/6 11748/9/6
f 11746/13/6 11747/13/6 11749/13/6
f 11748/9/6 11746/9/6 11749/9/6
f 11749/13/6 11747/13/6 11750/13/6
f 11750/13/6 11747/13/6 11751/13/6
f 11751/13/6 11747/13/6 11752/13/6
f 11753/13/6 11754/13/6 11756/13/6
f 11756/13/6 11754/13/6 11757/13/6
f 11755/13/6 11756/13/6 11758/13/6
f 11756/13/6 11757/13/6 11758/13/6
f 11758/13/6 11757/13/6 11759/13/6
f 11759/13/6 11757/13/6 11760/13/6
f 11760/9/6 11761/9/6 11762/9/6
f 11762/9/6 11761/9/6 11763/9/6
f 11764/13/6 11765/13/6 11768/13/6
f 11765/9/6 11766/9/6 11769/9/6
f 11768/13/6 11765/13/6 11769/13/6
f 11769/9/6 11766/9/6 11770/9/6
f 11767/13/6 11768/13/6 11772/13/6
f 11770/13/6 11771/13/6 11773/13/6
f 11773/13/6 11771/13/6 11774/13/6
f 11767/13/6 11772/13/6 11777/13/6
f 11777/13/6 11772/13/6 11778/13/6
f 11775/13/6 11776/13/6 11779/13/6
f 11779/13/6 11776/13/6 11780/13/6
f 11777/9/6 11778/9/6 11781/9/6
f 11781/9/6 11778/9/6 11782/9/6
f 11783/13/6 11784/13/6 11787/13/6
f 11785/9/6 11786/9/6 11789/9/6
f 11789/9/6 11786/9/6 11790/9/6
f 11783/13/6 11787/13/6 11791/13/6
f 11787/13/6 11788/13/6 11791/13/6
f 11791/13/6 11788/13/6 11792/13/6
f 11792/13/6 11788/13/6 11793/13/6
f 11794/13/6 11795/13/6 11796/13/6
f 11796/13/6 11795/13/6 11797/13/6
f 11798/9/6 11799/9/6 11802/9/6
f 11802/9/6 11799/9/6 11803/9/6
f 11800/9/6 11801/9/6 11804/9/6
f 11804/9/6 11801/9/6 11805/9/6
f 11806/13/6 11807/13/6 11810/13/6
f 11810/13/6 11807/13/6 11811/13/6
f 11808/9/6 11809/9/6 11815/9/6
f 11815/9/6 11809/9/6 11816/9/6
f 11811/13/6 11812/13/6 11817/13/6
f 11817/13/6 11812/13/6 11818/13/6
f 11813/13/6 11814/13/6 11819/13/6
f 11814/9/6 11815/9/6 11820/9/6
f 11819/13/6 11814/13/6 11820/13/6
f 11820/9/6 11815/9/6 11821/9/6
f 11821/9/6 11822/9/6 11824/9/6
f 11822/13/6 11823/13/6 11825/13/6
f 11824/9/6 11822/9/6 11825/9/6
f 11825/13/6 11823/13/6 11826/13/6
f 11826/13/6 11827/13/6 11830/13/6
f 11830/13/6 11827/13/6 11831/13/6
f 11828/13/6 11829/13/6 11832/13/6
f 11832/13/6 11829/13/6 11833/13/6
f 11831/9/6 11832/9/6 11834/9/6
f 11834/9/6 11832/9/6 11835/9/6
f 11836/9/6 11837/9/6 11838/9/6
f 11838/9/6 11837/9/6 11839/9/6
f 11840/13/6 11841/13/6 11842/13/6
f 11842/13/6 11841/13/6 11843/13/6
f 11844/9/6 11845/9/6 11847/9/6
f 11845/13/6 11846/13/6 11848/13/6
f 11847/9/6 11845/9/6 11848/9/6
f 11848/13/6 11846/13/6 11849/13/6
f 11850/9/6 11851/9/6 11852/9/6
f 11852/9/6 11851/9/6 11853/9/6
f 11854/7/6 11855/7/6 11856/7/6
f 11856/7/6 11855/7/6 11857/7/6
f 11857/7/6 11855/7/6 11858/7/6
f 11858/7/6 11855/7/6 11859/7/6
f 11860/13/6 11861/13/6 11862/13/6
f 11862/13/6 11861/13/6 11863/13/6
f 11864/9/6 11865/9/6 11866/9/6
f 11866/9/6 11865/9/6 11867/9/6
f 11868/9/6 11869/9/6 11872/9/6
f 11872/9/6 11869/9/6 11873/9/6
f 11870/13/6 11871/13/6 11874/13/6
f 11874/13/6 11871/13/6 11875/13/6
f 11875/13/6 11871/13/6 11876/13/6
f 11877/1/6 11878/1/6 11879/1/6
f 11879/1/6 11878/1/6 11880/1/6
f 11879/7/6 11880/7/6 11882/7/6
f 11882/7/6 11880/7/6 11883/7/6
f 11881/13/6 11882/13/6 11885/13/6
f 11885/13/6 11882/13/6 11886/13/6
f 11884/13/6 11885/13/6 11887/13/6
f 11887/13/6 11885/13/6 11888/13/6
f 11889/7/6 11890/7/6 11891/7/6
f 11891/7/6 11890/7/6 11892/7/6
f 11893/13/6 11894/13/6 11895/13/6
f 11895/13/6 11894/13/6 11896/13/6
f 11897/1/6 11898/1/6 11900/1/6
f 11898/3/6 11899/3/6 11901/3/6
f 11900/1/6 11898/1/6 11901/1/6
f 11901/3/6 11899/3/6 11902/3/6
f 11903/7/6 11904/7/6 11905/7/6
f 11905/7/6 11904/7/6 11906/7/6
f 11907/1/6 11908/1/6 11910/1/6
f 11910/1/6 11908/1/6 11911/1/6
f 11911/1/6 11908/1/6 11912/1/6
f 11909/1/6 11910/1/6 11913/1/6
f 11910/3/6 11911/3/6 11914/3/6
f 11913/1/6 11910/1/6 11914/1/6
f 11914/3/6 11911/3/6 11915/3/6
f 11916/13/6 11917/13/6 11918/13/6
f 11918/13/6 11917/13/6 11919/13/6
f 11920/1/6 11921/1/6 11924/1/6
f 11921/3/6 11922/3/6 11925/3/6
f 11924/1/6 11921/1/6 11925/1/6
f 11922/1/6 11923/1/6 11926/1/6
f 11925/3/6 11922/3/6 11926/3/6
f 11926/1/6 11923/1/6 11927/1/6
f 11928/3/6 11929/3/6 11930/3/6
f 11930/3/6 11929/3/6 11931/3/6
f 11930/7/6 11931/7/6 11932/7/6
f 11932/7/6 11931/7/6 11933/7/6
f 11934/3/6 11935/3/6 11937/3/6
f 11937/3/6 11935/3/6 11938/3/6
f 11936/7/6 11937/7/6 11939/7/6
f 11939/7/6 11937/7/6 11940/7/6
f 11941/7/6 11942/7/6 11943/7/6
f 11943/7/6 11942/7/6 11944/7/6
f 11945/7/6 11946/7/6 11947/7/6
f 11947/7/6 11946/7/6 11948/7/6
f 11947/13/6 11948/13/6 11951/13/6
f 11948/13/6 11949/13/6 11951/13/6
f 11949/9/6 11950/9/6 11952/9/6
f 11951/13/6 11949/13/6 11952/13/6
f 11952/9/6 11950/9/6 11953/9/6
f 11954/3/6 11955/3/6 11958/3/6
f 11958/3/6 11955/3/6 11959/3/6
f 11956/3/6 11957/3/6 11961/3/6
f 11961/3/6 11957/3/6 11962/3/6
f 11959/3/6 11955/3/6 11963/3/6
f 11963/3/6 11955/3/6 11964/3/6
f 11960/7/6 11961/7/6 11965/7/6
f 11965/7/6 11961/7/6 11966/7/6
f 11963/7/6 11964/7/6 11967/7/6
f 11967/7/6 11964/7/6 11968/7/6
f 11969/13/6 11970/13/6 11973/13/6
f 11973/13/6 11970/13/6 11974/13/6
f 11971/13/6 11972/13/6 11975/13/6
f 11975/13/6 11972/13/6 11976/13/6
f 11977/13/6 11978/13/6 11979/13/6
f 11979/13/6 11978/13/6 11980/13/6
f 11981/3/6 11982/3/6 11983/3/6
f 11983/3/6 11982/3/6 11984/3/6
f 11984/3/6 11985/3/6 11986/3/6
f 11986/3/6 11985/3/6 11987/3/6
f 11988/13/6 11989/13/6 11990/13/6
f 11990/13/6 11989/13/6 11991/13/6
f 11992/13/6 11993/13/6 11994/13/6
f 11994/13/6 11993/13/6 11995/13/6
f 11996/3/6 11997/3/6 11998/3/6
f 11998/3/6 11997/3/6 11999/3/6
f 12000/13/6 12001/13/6 12004/13/6
f 12004/13/6 12001/13/6 12005/13/6
f 12002/3/6 12003/3/6 12006/3/6
f 12006/3/6 12003/3/6 12007/3/6
f 12008/7/6 12009/7/6 12010/7/6
f 12010/7/6 12009/7/6 12011/7/6
f 12012/7/6 12013/7/6 12014/7/6
f 12014/7/6 12013/7/6 12015/7/6
f 12016/13/6 12017/13/6 12018/13/6
f 12018/13/6 12017/13/6 12022/13/6
f 12019/9/6 12020/9/6 12023/9/6
f 12020/13/6 12021/13/6 12024/13/6
f 12023/9/6 12020/9/6 12024/9/6
f 12021/9/6 12022/9/6 12025/9/6
f 12024/13/6 12021/13/6 12025/13/6
f 12022/13/6 12017/13/6 12026/13/6
f 12025/9/6 12022/9/6 12026/9/6
f 12026/13/6 12017/13/6 12027/13/6
f 12028/13/6 12029/13/6 12030/13/6
f 12030/13/6 12029/13/6 12031/13/6
f 12032/9/6 12033/9/6 12034/9/6
f 12034/9/6 12033/9/6 12035/9/6
f 12036/9/6 12037/9/6 12039/9/6
f 12037/13/6 12038/13/6 12040/13/6
f 12039/9/6 12037/9/6 12040/9/6
f 12040/13/6 12038/13/6 12041/13/6
f 12042/9/6 12043/9/6 12046/9/6
f 12046/9/6 12043/9/6 12047/9/6
f 12044/9/6 12045/9/6 12050/9/6
f 12050/9/6 12045/9/6 12051/9/6
f 12045/13/6 12046/13/6 12052/13/6
f 12051/9/6 12045/9/6 12052/9/6
f 12046/9/6 12047/9/6 12053/9/6
f 12052/13/6 12046/13/6 12053/13/6
f 12047/9/6 12048/9/6 12053/9/6
f 12048/13/6 12049/13/6 12054/13/6
f 12053/9/6 12048/9/6 12054/9/6
f 12054/13/6 12049/13/6 12055/13/6
f 12055/13/6 12056/13/6 12057/13/6
f 12057/13/6 12056/13/6 12058/13/6
f 12059/13/6 12060/13/6 12061/13/6
f 12061/13/6 12060/13/6 12062/13/6
f 12062/13/6 12063/13/6 12064/13/6
f 12064/13/6 12063/13/6 12065/13/6
f 12066/9/6 12067/9/6 12071/9/6
f 12067/13/6 12068/13/6 12072/13/6
f 12071/9/6 12067/9/6 12072/9/6
f 12072/13/6 12068/13/6 12073/13/6
f 12069/13/6 12070/13/6 12074/13/6
f 12074/13/6 12070/13/6 12075/13/6
f 12075/13/6 12070/13/6 12076/13/6
f 12077/9/6 12078/9/6 12081/9/6
f 12081/9/6 12078/9/6 12082/9/6
f 12079/13/6 12080/13/6 12083/13/6
f 12083/13/6 12080/13/6 12084/13/6
f 12085/13/6 12086/13/6 12091/13/6
f 12091/13/6 12086/13/6 12092/13/6
f 12087/13/6 12088/13/6 12093/13/6
f 12089/9/6 12090/9/6 12094/9/6
f 12093/13/6 12088/13/6 12094/13/6
f 12088/9/6 12089/9/6 12094/9/6
f 12090/13/6 12091/13/6 12095/13/6
f 12094/9/6 12090/9/6 12095/9/6
f 12095/13/6 12091/13/6 12096/13/6
f 12097/9/6 12098/9/6 12101/9/6
f 12101/9/6 12098/9/6 12102/9/6
f 12099/13/6 12100/13/6 12103/13/6
f 12103/13/6 12100/13/6 12104/13/6
f 12105/13/6 12106/13/6 12109/13/6
f 12109/13/6 12106/13/6 12110/13/6
f 12107/13/6 12108/13/6 12111/13/6
f 12111/13/6 12108/13/6 12112/13/6
f 12113/13/6 12114/13/6 12118/13/6
f 12118/13/6 12114/13/6 12119/13/6
f 12115/13/6 12116/13/6 12120/13/6
f 12120/13/6 12116/13/6 12121/13/6
f 12117/9/6 12118/9/6 12122/9/6
f 12122/9/6 12118/9/6 12123/9/6
f 12124/13/6 12125/13/6 12126/13/6
f 12126/13/6 12125/13/6 12127/13/6
f 12128/13/6 12129/13/6 12130/13/6
f 12130/13/6 12129/13/6 12131/13/6
f 12132/13/6 12133/13/6 12134/13/6
f 12134/13/6 12133/13/6 12135/13/6
f 12136/13/6 12137/13/6 12139/13/6
f 12139/13/6 12137/13/6 12140/13/6
f 12138/13/6 12139/13/6 12143/13/6
f 12141/13/6 12142/13/6 12144/13/6
f 12142/9/6 12143/9/6 12145/9/6
f 12144/13/6 12142/13/6 12145/13/6
f 12143/13/6 12139/13/6 12146/13/6
f 12145/9/6 12143/9/6 12146/9/6
f 12146/13/6 12139/13/6 12147/13/6
f 12148/13/6 12149/13/6 12154/13/6
f 12154/13/6 12149/13/6 12155/13/6
f 12150/13/6 12151/13/6 12156/13/6
f 12156/13/6 12151/13/6 12157/13/6
f 12157/13/6 12151/13/6 12158/13/6
f 12158/13/6 12151/13/6 12159/13/6
f 12152/13/6 12153/13/6 12160/13/6
f 12160/13/6 12153/13/6 12161/13/6
f 12162/13/6 12163/13/6 12164/13/6
f 12164/13/6 12163/13/6 12165/13/6
f 12165/13/6 12166/13/6 12168/13/6
f 12166/9/6 12167/9/6 12169/9/6
f 12168/13/6 12166/13/6 12169/13/6
f 12169/9/6 12167/9/6 12170/9/6
f 12171/7/6 12172/7/6 12173/7/6
f 12173/7/6 12172/7/6 12174/7/6
f 12175/13/6 12176/13/6 12177/13/6
f 12177/13/6 12176/13/6 12178/13/6
f 12179/13/6 12180/13/6 12181/13/6
f 12181/13/6 12180/13/6 12182/13/6
f 12179/13/6 12181/13/6 12183/13/6
f 12179/13/6 12183/13/6 12184/13/6
f 12184/13/6 12183/13/6 12185/13/6
f 12186/1/6 12187/1/6 12190/1/6
f 12188/7/6 12189/7/6 12191/7/6
f 12186/1/6 12190/1/6 12192/1/6
f 12192/1/6 12190/1/6 12193/1/6
f 12191/7/6 12189/7/6 12194/7/6
f 12193/1/6 12194/1/6 12195/1/6
f 12194/7/6 12189/7/6 12196/7/6
f 12195/1/6 12194/1/6 12196/1/6
f 12196/7/6 12189/7/6 12197/7/6
f 12200/7/6 12201/7/6 12202/7/6
f 12202/7/6 12201/7/6 12203/7/6
f 12198/7/6 12199/7/6 12206/7/6
f 12204/7/6 12205/7/6 12209/7/6
f 12209/7/6 12205/7/6 12210/7/6
f 12206/7/6 12199/7/6 12213/7/6
f 12213/7/6 12199/7/6 12214/7/6
f 12207/13/6 12208/13/6 12216/13/6
f 12216/13/6 12208/13/6 12217/13/6
f 12210/7/6 12211/7/6 12218/7/6
f 12218/7/6 12211/7/6 12219/7/6
f 12212/7/6 12213/7/6 12220/7/6
f 12220/7/6 12213/7/6 12221/7/6
f 12215/13/6 12216/13/6 12222/13/6
f 12222/13/6 12216/13/6 12223/13/6
f 12219/7/6 12220/7/6 12226/7/6
f 12226/7/6 12220/7/6 12227/7/6
f 12224/7/6 12225/7/6 12230/7/6
f 12230/7/6 12225/7/6 12231/7/6
f 12228/3/6 12229/3/6 12232/3/6
f 12232/3/6 12229/3/6 12233/3/6
f 12234/1/6 12235/1/6 12236/1/6
f 12236/1/6 12235/1/6 12237/1/6
f 12238/3/6 12239/3/6 12241/3/6
f 12241/3/6 12239/3/6 12242/3/6
f 12239/1/6 12240/1/6 12243/1/6
f 12242/3/6 12239/3/6 12243/3/6
f 12243/1/6 12240/1/6 12244/1/6
f 12245/1/6 12246/1/6 12247/1/6
f 12247/1/6 12246/1/6 12248/1/6
f 12247/7/6 12248/7/6 12253/7/6
f 12253/7/6 12248/7/6 12254/7/6
f 12249/13/6 12250/13/6 12255/13/6
f 12250/7/6 12251/7/6 12256/7/6
f 12255/13/6 12250/13/6 12256/13/6
f 12256/7/6 12251/7/6 12257/7/6
f 12252/7/6 12253/7/6 12258/7/6
f 12258/7/6 12253/7/6 12259/7/6
f 12260/7/6 12261/7/6 12262/7/6
f 12262/7/6 12261/7/6 12263/7/6
f 12264/3/6 12265/3/6 12267/3/6
f 12265/1/6 12266/1/6 12268/1/6
f 12267/3/6 12265/3/6 12268/3/6
f 12268/1/6 12266/1/6 12269/1/6
f 12270/3/6 12271/3/6 12274/3/6
f 12274/3/6 12271/3/6 12275/3/6
f 12272/1/6 12273/1/6 12276/1/6
f 12276/1/6 12273/1/6 12277/1/6
f 12276/3/6 12277/3/6 12278/3/6
f 12278/3/6 12277/3/6 12279/3/6
f 12280/1/6 12281/1/6 12284/1/6
f 12284/1/6 12281/1/6 12285/1/6
f 12282/3/6 12283/3/6 12286/3/6
f 12282/3/6 12286/3/6 12289/3/6
f 12287/3/6 12288/3/6 12289/3/6
f 12286/3/6 12287/3/6 12289/3/6
f 12289/3/6 12288/3/6 12290/3/6
f 12291/7/6 12292/7/6 12293/7/6
f 12293/7/6 12292/7/6 12294/7/6
f 12294/3/6 12295/3/6 12296/3/6
f 12296/3/6 12295/3/6 12297/3/6
f 12298/3/6 12299/3/6 12301/3/6
f 12299/1/6 12300/1/6 12302/1/6
f 12301/3/6 12299/3/6 12302/3/6
f 12302/1/6 12300/1/6 12303/1/6
f 12304/3/6 12305/3/6 12306/3/6
f 12306/3/6 12305/3/6 12307/3/6
f 12308/3/6 12309/3/6 12310/3/6
f 12310/3/6 12309/3/6 12311/3/6
f 12312/7/6 12313/7/6 12314/7/6
f 12314/7/6 12313/7/6 12315/7/6
f 12316/3/6 12317/3/6 12318/3/6
f 12318/3/6 12317/3/6 12319/3/6
f 12320/3/6 12321/3/6 12322/3/6
f 12322/3/6 12321/3/6 12323/3/6
f 12324/7/6 12325/7/6 12327/7/6
f 12326/7/6 12327/7/6 12328/7/6
f 12327/7/6 12325/7/6 12329/7/6
f 12328/7/6 12327/7/6 12329/7/6
f 12329/7/6 12325/7/6 12330/7/6
f 12328/3/6 12329/3/6 12331/3/6
f 12331/3/6 12329/3/6 12332/3/6
f 12333/3/6 12334/3/6 12335/3/6
f 12335/3/6 12334/3/6 12336/3/6
f 12337/6/6 12338/6/6 12339/6/6
f 12339/6/6 12338/6/6 12340/6/6
f 12341/3/6 12342/3/6 12345/3/6
f 12342/7/6 12343/7/6 12346/7/6
f 12345/3/6 12342/3/6 12346/3/6
f 12346/7/6 12343/7/6 12347/7/6
f 12344/3/6 12345/3/6 12348/3/6
f 12348/3/6 12345/3/6 12349/3/6
f 12350/3/6 12351/3/6 12355/3/6
f 12355/3/6 12351/3/6 12356/3/6
f 12352/1/6 12353/1/6 12357/1/6
f 12353/3/6 12354/3/6 12358/3/6
f 12357/1/6 12353/1/6 12358/1/6
f 12358/3/6 12354/3/6 12359/3/6
f 12355/7/6 12356/7/6 12360/7/6
f 12360/7/6 12356/7/6 12361/7/6
f 12357/7/6 12358/7/6 12364/7/6
f 12364/7/6 12358/7/6 12365/7/6
f 12362/7/6 12363/7/6 12367/7/6
f 12367/7/6 12363/7/6 12368/7/6
f 12365/7/6 12366/7/6 12369/7/6
f 12369/7/6 12366/7/6 12370/7/6
f 12371/3/6 12372/3/6 12375/3/6
f 12375/3/6 12372/3/6 12376/3/6
f 12373/7/6 12374/7/6 12377/7/6
f 12377/7/6 12374/7/6 12378/7/6
f 12379/6/6 12380/6/6 12383/6/6
f 12383/6/6 12380/6/6 12384/6/6
f 12381/6/6 12382/6/6 12385/6/6
f 12385/6/6 12382/6/6 12386/6/6
f 12384/6/6 12385/6/6 12389/6/6
f 12389/6/6 12385/6/6 12390/6/6
f 12387/7/6 12388/7/6 12393/7/6
f 12393/7/6 12388/7/6 12394/7/6
f 12394/7/6 12388/7/6 12395/7/6
f 12391/7/6 12392/7/6 12397/7/6
f 12397/7/6 12392/7/6 12398/7/6
f 12395/7/6 12396/7/6 12399/7/6
f 12394/7/6 12395/7/6 12399/7/6
f 12399/7/6 12396/7/6 12400/7/6
f 12400/7/6 12396/7/6 12401/7/6
f 12401/7/6 12396/7/6 12402/7/6
f 12403/7/6 12404/7/6 12405/7/6
f 12405/7/6 12404/7/6 12406/7/6
f 12407/6/6 12408/6/6 12409/6/6
f 12409/6/6 12408/6/6 12410/6/6
f 12411/6/6 12412/6/6 12413/6/6
f 12413/6/6 12412/6/6 12414/6/6
f 12415/9/6 12416/9/6 12420/9/6
f 12420/9/6 12416/9/6 12421/9/6
f 12417/9/6 12418/9/6 12422/9/6
f 12422/9/6 12418/9/6 12423/9/6
f 12419/9/6 12420/9/6 12425/9/6
f 12425/9/6 12420/9/6 12426/9/6
f 12423/13/6 12424/13/6 12427/13/6
f 12427/13/6 12424/13/6 12428/13/6
f 12429/6/6 12430/6/6 12432/6/6
f 12432/6/6 12430/6/6 12433/6/6
f 12431/6/6 12432/6/6 12435/6/6
f 12433/13/6 12434/13/6 12436/13/6
f 12435/6/6 12432/6/6 12436/6/6
f 12432/13/6 12433/13/6 12436/13/6
f 12436/13/6 12434/13/6 12437/13/6
f 12438/13/6 12439/13/6 12440/13/6
f 12440/13/6 12439/13/6 12441/13/6
f 12442/6/6 12443/6/6 12444/6/6
f 12444/6/6 12443/6/6 12445/6/6
f 12446/13/6 12447/13/6 12448/13/6
f 12448/13/6 12447/13/6 12449/13/6
f 12450/13/6 12451/13/6 12452/13/6
f 12452/13/6 12451/13/6 12453/13/6
f 12452/7/6 12453/7/6 12454/7/6
f 12454/7/6 12453/7/6 12455/7/6
f 12456/7/6 12457/7/6 12460/7/6
f 12458/7/6 12459/7/6 12460/7/6
f 12457/7/6 12458/7/6 12460/7/6
f 12460/7/6 12459/7/6 12461/7/6
f 12462/6/6 12463/6/6 12465/6/6
f 12465/6/6 12463/6/6 12466/6/6
f 12464/6/6 12465/6/6 12468/6/6
f 12468/6/6 12465/6/6 12469/6/6
f 12466/6/6 12467/6/6 12470/6/6
f 12470/6/6 12467/6/6 12471/6/6
f 12472/7/6 12473/7/6 12477/7/6
f 12473/3/6 12474/3/6 12478/3/6
f 12477/7/6 12473/7/6 12478/7/6
f 12474/7/6 12475/7/6 12479/7/6
f 12478/3/6 12474/3/6 12479/3/6
f 12475/3/6 12476/3/6 12480/3/6
f 12479/7/6 12475/7/6 12480/7/6
f 12480/3/6 12476/3/6 12481/3/6
f 12482/7/6 12483/7/6 12484/7/6
f 12484/7/6 12483/7/6 12485/7/6
f 12486/6/6 12487/6/6 12488/6/6
f 12488/6/6 12487/6/6 12489/6/6
f 12488/13/6 12489/13/6 12491/13/6
f 12489/13/6 12490/13/6 12491/13/6
f 12488/13/6 12491/13/6 12493/13/6
f 12491/13/6 12492/13/6 12493/13/6
f 12493/13/6 12492/13/6 12494/13/6
f 12494/13/6 12492/13/6 12495/13/6
f 12496/13/6 12497/13/6 12498/13/6
f 12498/13/6 12497/13/6 12499/13/6
f 12502/13/6 12503/13/6 12504/13/6
f 12504/13/6 12503/13/6 12505/13/6
f 12500/13/6 12501/13/6 12506/13/6
f 12506/13/6 12501/13/6 12507/13/6
f 12508/3/6 12509/3/6 12510/3/6
f 12510/3/6 12509/3/6 12511/3/6
f 12512/13/6 12513/13/6 12515/13/6
f 12514/13/6 12515/13/6 12516/13/6
f 12515/13/6 12513/13/6 12517/13/6
f 12516/13/6 12515/13/6 12517/13/6
f 12518/13/6 12519/13/6 12522/13/6
f 12520/13/6 12521/13/6 12524/13/6
f 12524/13/6 12521/13/6 12525/13/6
f 12522/13/6 12523/13/6 12526/13/6
f 12518/13/6 12522/13/6 12526/13/6
f 12526/13/6 12523/13/6 12527/13/6
f 12527/13/6 12523/13/6 12528/13/6
f 12529/6/6 12530/6/6 12532/6/6
f 12532/6/6 12530/6/6 12533/6/6
f 12531/6/6 12532/6/6 12534/6/6
f 12531/6/6 12534/6/6 12537/6/6
f 12537/6/6 12534/6/6 12538/6/6
f 12535/13/6 12536/13/6 12539/13/6
f 12539/13/6 12536/13/6 12540/13/6
f 12538/13/6 12539/13/6 12541/13/6
f 12541/13/6 12539/13/6 12542/13/6
f 12543/13/6 12544/13/6 12545/13/6
f 12545/13/6 12544/13/6 12546/13/6
f 12543/13/6 12545/13/6 12549/13/6
f 12549/13/6 12545/13/6 12550/13/6
f 12547/13/6 12548/13/6 12551/13/6
f 12551/13/6 12548/13/6 12552/13/6
f 12553/13/6 12554/13/6 12557/13/6
f 12557/13/6 12554/13/6 12558/13/6
f 12555/13/6 12556/13/6 12559/13/6
f 12559/13/6 12556/13/6 12560/13/6
f 12561/11/6 12562/11/6 12565/11/6
f 12565/11/6 12562/11/6 12566/11/6
f 12563/6/6 12564/6/6 12567/6/6
f 12567/6/6 12564/6/6 12568/6/6
f 12568/6/6 12569/6/6 12570/6/6
f 12570/6/6 12569/6/6 12571/6/6
f 12570/13/6 12571/13/6 12572/13/6
f 12572/13/6 12571/13/6 12573/13/6
f 12574/13/6 12575/13/6 12577/13/6
f 12577/13/6 12575/13/6 12578/13/6
f 12579/13/6 12580/13/6 12581/13/6
f 12581/13/6 12580/13/6 12582/13/6
f 12576/13/6 12577/13/6 12583/13/6
f 12583/13/6 12577/13/6 12584/13/6
f 12585/13/6 12586/13/6 12595/13/6
f 12587/7/6 12588/7/6 12597/7/6
f 12588/1/6 12589/1/6 12598/1/6
f 12597/7/6 12588/7/6 12598/7/6
f 12589/7/6 12590/7/6 12599/7/6
f 12598/1/6 12589/1/6 12599/1/6
f 12590/1/6 12591/1/6 12600/1/6
f 12599/7/6 12590/7/6 12600/7/6
f 12591/7/6 12592/7/6 12601/7/6
f 12600/1/6 12591/1/6 12601/1/6
f 12592/1/6 12593/1/6 12602/1/6
f 12601/7/6 12592/7/6 12602/7/6
f 12593/7/6 12594/7/6 12603/7/6
f 12602/1/6 12593/1/6 12603/1/6
f 12603/7/6 12594/7/6 12604/7/6
f 12595/13/6 12596/13/6 12605/13/6
f 12585/13/6 12595/13/6 12605/13/6
f 12605/13/6 12596/13/6 12606/13/6
f 12607/11/6 12608/11/6 12610/11/6
f 12608/11/6 12609/11/6 12610/11/6
f 12610/11/6 12609/11/6 12611/11/6
f 12612/11/6 12613/11/6 12614/11/6
f 12614/11/6 12613/11/6 12615/11/6
f 12615/11/6 12613/11/6 12616/11/6
f 12616/11/6 12613/11/6 12617/11/6
f 12618/13/6 12619/13/6 12620/13/6
f 12620/13/6 12619/13/6 12621/13/6
f 12622/11/6 12623/11/6 12624/11/6
f 12622/11/6 12624/11/6 12626/11/6
f 12624/11/6 12625/11/6 12626/11/6
f 12626/11/6 12625/11/6 12627/11/6
f 12627/11/6 12625/11/6 12628/11/6
f 12627/11/6 12628/11/6 12630/11/6
f 12628/11/6 12629/11/6 12630/11/6
f 12630/11/6 12629/11/6 12631/11/6
f 12632/11/6 12633/11/6 12634/11/6
f 12634/11/6 12633/11/6 12635/11/6
f 12636/9/6 12637/9/6 12638/9/6
f 12638/9/6 12637/9/6 12639/9/6
f 12640/11/6 12641/11/6 12642/11/6
f 12642/11/6 12641/11/6 12643/11/6
f 12644/11/6 12645/11/6 12646/11/6
f 12646/11/6 12645/11/6 12647/11/6
f 12648/5/6 12649/5/6 12650/5/6
f 12650/5/6 12649/5/6 12651/5/6
f 12652/11/6 12653/11/6 12656/11/6
f 12656/11/6 12653/11/6 12657/11/6
f 12658/13/6 12659/13/6 12660/13/6
f 12660/13/6 12659/13/6 12661/13/6
f 12661/13/6 12662/13/6 12663/13/6
f 12663/13/6 12662/13/6 12664/13/6
f 12654/7/6 12655/7/6 12666/7/6
f 12666/7/6 12655/7/6 12667/7/6
f 12665/7/6 12666/7/6 12671/7/6
f 12671/7/6 12666/7/6 12672/7/6
f 12668/13/6 12669/13/6 12675/13/6
f 12675/13/6 12669/13/6 12676/13/6
f 12670/7/6 12671/7/6 12677/7/6
f 12677/7/6 12671/7/6 12678/7/6
f 12673/9/6 12674/9/6 12679/9/6
f 12679/9/6 12674/9/6 12680/9/6
f 12681/11/6 12682/11/6 12685/11/6
f 12685/11/6 12682/11/6 12686/11/6
f 12683/11/6 12684/11/6 12687/11/6
f 12687/11/6 12684/11/6 12688/11/6
f 12686/10/6 12687/10/6 12689/10/6
f 12689/10/6 12687/10/6 12690/10/6
f 12691/5/6 12692/5/6 12693/5/6
f 12693/5/6 12692/5/6 12694/5/6
f 12695/5/6 12696/5/6 12697/5/6
f 12695/5/6 12697/5/6 12698/5/6
f 12698/5/6 12697/5/6 12699/5/6
f 12700/11/6 12701/11/6 12702/11/6
f 12702/11/6 12701/11/6 12703/11/6
f 12704/13/6 12705/13/6 12706/13/6
f 12706/13/6 12705/13/6 12707/13/6
f 12708/9/6 12709/9/6 12710/9/6
f 12710/9/6 12709/9/6 12711/9/6
f 12712/11/6 12713/11/6 12715/11/6
f 12715/11/6 12713/11/6 12716/11/6
f 12714/10/6 12715/10/6 12717/10/6
f 12717/10/6 12715/10/6 12718/10/6
f 12719/5/6 12720/5/6 12721/5/6
f 12721/5/6 12720/5/6 12722/5/6
f 12725/13/6 12726/13/6 12727/13/6
f 12727/13/6 12726/13/6 12728/13/6
f 12723/13/6 12724/13/6 12730/13/6
f 12730/13/6 12724/13/6 12731/13/6
f 12729/13/6 12730/13/6 12732/13/6
f 12732/13/6 12730/13/6 12733/13/6
f 12734/11/6 12735/11/6 12736/11/6
f 12736/11/6 12735/11/6 12737/11/6
f 12738/13/6 12739/13/6 12740/13/6
f 12740/13/6 12739/13/6 12741/13/6
f 12742/5/6 12743/5/6 12744/5/6
f 12744/5/6 12743/5/6 12745/5/6
f 12745/5/6 12746/5/6 12747/5/6
f 12747/5/6 12746/5/6 12748/5/6
f 12749/13/6 12750/13/6 12751/13/6
f 12751/13/6 12750/13/6 12752/13/6
f 12753/13/6 12754/13/6 12755/13/6
f 12755/13/6 12754/13/6 12756/13/6
f 12757/13/6 12758/13/6 12759/13/6
f 12759/13/6 12758/13/6 12760/13/6
f 12761/11/6 12762/11/6 12763/11/6
f 12763/11/6 12762/11/6 12764/11/6
f 12764/11/6 12762/11/6 12765/11/6
f 12765/11/6 12762/11/6 12766/11/6
f 12767/11/6 12768/11/6 12771/11/6
f 12771/11/6 12768/11/6 12772/11/6
f 12769/11/6 12770/11/6 12775/11/6
f 12775/11/6 12770/11/6 12776/11/6
f 12772/11/6 12773/11/6 12777/11/6
f 12773/13/6 12774/13/6 12778/13/6
f 12777/11/6 12773/11/6 12778/11/6
f 12778/13/6 12774/13/6 12779/13/6
f 12780/13/6 12781/13/6 12782/13/6
f 12782/13/6 12781/13/6 12786/13/6
f 12786/13/6 12781/13/6 12787/13/6
f 12784/11/6 12785/11/6 12789/11/6
f 12783/11/6 12784/11/6 12789/11/6
f 12789/11/6 12785/11/6 12790/11/6
f 12788/11/6 12789/11/6 12791/11/6
f 12791/11/6 12789/11/6 12792/11/6
f 12793/13/6 12794/13/6 12795/13/6
f 12795/13/6 12794/13/6 12796/13/6
f 12796/7/6 12797/7/6 12798/7/6
f 12798/7/6 12797/7/6 12799/7/6
f 12799/7/6 12800/7/6 12801/7/6
f 12801/7/6 12800/7/6 12802/7/6
f 12803/7/6 12804/7/6 12807/7/6
f 12807/7/6 12804/7/6 12808/7/6
f 12805/13/6 12806/13/6 12811/13/6
f 12811/13/6 12806/13/6 12812/13/6
f 12813/11/6 12814/11/6 12815/11/6
f 12815/11/6 12814/11/6 12816/11/6
f 12809/9/6 12810/9/6 12818/9/6
f 12818/9/6 12810/9/6 12819/9/6
f 12816/11/6 12817/11/6 12822/11/6
f 12822/11/6 12817/11/6 12823/11/6
f 12820/3/6 12821/3/6 12824/3/6
f 12824/3/6 12821/3/6 12825/3/6
f 12826/11/6 12827/11/6 12828/11/6
f 12828/11/6 12827/11/6 12829/11/6
f 12830/11/6 12831/11/6 12833/11/6
f 12833/11/6 12831/11/6 12834/11/6
f 12832/10/6 12833/10/6 12835/10/6
f 12835/10/6 12833/10/6 12836/10/6
f 12835/3/6 12836/3/6 12838/3/6
f 12837/3/6 12838/3/6 12839/3/6
f 12838/3/6 12836/3/6 12840/3/6
f 12839/3/6 12838/3/6 12840/3/6
f 12840/3/6 12836/3/6 12841/3/6
f 12841/3/6 12836/3/6 12842/3/6
f 12841/11/6 12842/11/6 12845/11/6
f 12845/11/6 12842/11/6 12846/11/6
f 12843/11/6 12844/11/6 12848/11/6
f 12848/11/6 12844/11/6 12849/11/6
f 12847/11/6 12848/11/6 12852/11/6
f 12850/13/6 12851/13/6 12855/13/6
f 12855/13/6 12851/13/6 12856/13/6
f 12852/11/6 12848/11/6 12857/11/6
f 12857/11/6 12848/11/6 12858/11/6
f 12853/13/6 12854/13/6 12859/13/6
f 12859/13/6 12854/13/6 12860/13/6
f 12861/9/6 12862/9/6 12864/9/6
f 12864/9/6 12862/9/6 12865/9/6
f 12862/13/6 12863/13/6 12866/13/6
f 12865/9/6 12862/9/6 12866/9/6
f 12866/13/6 12863/13/6 12869/13/6
f 12869/13/6 12863/13/6 12870/13/6
f 12869/11/6 12870/11/6 12872/11/6
f 12870/11/6 12871/11/6 12872/11/6
f 12872/11/6 12871/11/6 12873/11/6
f 12873/11/6 12871/11/6 12874/11/6
f 12874/11/6 12871/11/6 12875/11/6
f 12867/13/6 12868/13/6 12876/13/6
f 12872/9/6 12873/9/6 12878/9/6
f 12874/11/6 12875/11/6 12879/11/6
f 12879/11/6 12875/11/6 12880/11/6
f 12876/13/6 12877/13/6 12881/13/6
f 12867/13/6 12876/13/6 12881/13/6
f 12881/13/6 12877/13/6 12882/13/6
f 12882/13/6 12877/13/6 12883/13/6
f 12878/9/6 12873/9/6 12884/9/6
f 12884/9/6 12873/9/6 12885/9/6
f 12886/11/6 12887/11/6 12888/11/6
f 12888/11/6 12887/11/6 12889/11/6
f 12890/11/6 12891/11/6 12892/11/6
f 12892/11/6 12891/11/6 12893/11/6
f 12894/3/6 12895/3/6 12901/3/6
f 12901/3/6 12895/3/6 12902/3/6
f 12896/12/6 12897/12/6 12903/12/6
f 12898/3/6 12899/3/6 12904/3/6
f 12903/12/6 12897/12/6 12904/12/6
f 12897/3/6 12898/3/6 12904/3/6
f 12904/3/6 12899/3/6 12905/3/6
f 12900/6/6 12901/6/6 12906/6/6
f 12906/6/6 12901/6/6 12907/6/6
f 12903/11/6 12904/11/6 12909/11/6
f 12909/11/6 12904/11/6 12910/11/6
f 12908/11/6 12909/11/6 12911/11/6
f 12911/11/6 12909/11/6 12912/11/6
f 12913/11/6 12914/11/6 12917/11/6
f 12917/11/6 12914/11/6 12918/11/6
f 12915/11/6 12916/11/6 12921/11/6
f 12921/11/6 12916/11/6 12922/11/6
f 12918/10/6 12919/10/6 12923/10/6
f 12923/10/6 12919/10/6 12924/10/6
f 12920/10/6 12921/10/6 12925/10/6
f 12925/10/6 12921/10/6 12926/10/6
f 12925/3/6 12926/3/6 12927/3/6
f 12927/3/6 12926/3/6 12928/3/6
f 12923/3/6 12924/3/6 12931/3/6
f 12931/3/6 12924/3/6 12932/3/6
f 12929/3/6 12930/3/6 12933/3/6
f 12933/3/6 12930/3/6 12934/3/6
f 12931/11/6 12932/11/6 12935/11/6
f 12935/11/6 12932/11/6 12936/11/6
f 12936/11/6 12937/11/6 12938/11/6
f 12938/11/6 12937/11/6 12939/11/6
f 12933/11/6 12934/11/6 12942/11/6
f 12942/11/6 12934/11/6 12943/11/6
f 12940/13/6 12941/13/6 12946/13/6
f 12939/13/6 12940/13/6 12946/13/6
f 12941/13/6 12942/13/6 12946/13/6
f 12946/13/6 12942/13/6 12947/13/6
f 12947/13/6 12942/13/6 12948/13/6
f 12944/11/6 12945/11/6 12949/11/6
f 12949/11/6 12945/11/6 12950/11/6
f 12946/5/6 12947/5/6 12951/5/6
f 12951/5/6 12947/5/6 12952/5/6
f 12951/13/6 12952/13/6 12955/13/6
f 12952/13/6 12953/13/6 12955/13/6
f 12953/9/6 12954/9/6 12956/9/6
f 12955/13/6 12953/13/6 12956/13/6
f 12956/9/6 12954/9/6 12957/9/6
f 12958/11/6 12959/11/6 12960/11/6
f 12958/11/6 12960/11/6 12964/11/6
f 12964/11/6 12960/11/6 12965/11/6
f 12962/13/6 12963/13/6 12966/13/6
f 12961/13/6 12962/13/6 12966/13/6
f 12966/13/6 12963/13/6 12967/13/6
f 12967/13/6 12963/13/6 12968/13/6
f 12967/13/6 12968/13/6 12973/13/6
f 12969/13/6 12970/13/6 12974/13/6
f 12974/13/6 12970/13/6 12975/13/6
f 12971/12/6 12972/12/6 12976/12/6
f 12976/12/6 12972/12/6 12977/12/6
f 12967/13/6 12973/13/6 12978/13/6
f 12978/13/6 12973/13/6 12979/13/6
f 12982/13/6 12983/13/6 12986/13/6
f 12986/13/6 12983/13/6 12987/13/6
f 12984/11/6 12985/11/6 12990/11/6
f 12990/11/6 12985/11/6 12991/11/6
f 12979/7/6 12980/7/6 12993/7/6
f 12980/3/6 12981/3/6 12994/3/6
f 12993/7/6 12980/7/6 12994/7/6
f 12994/3/6 12981/3/6 12995/3/6
f 12988/7/6 12989/7/6 12996/7/6
f 12996/7/6 12989/7/6 12997/7/6
f 12991/11/6 12992/11/6 12998/11/6
f 12998/11/6 12992/11/6 12999/11/6
f 12994/1/6 12995/1/6 13000/1/6
f 13000/1/6 12995/1/6 13001/1/6
f 12999/11/6 12992/11/6 13002/11/6
f 13002/11/6 13003/11/6 13006/11/6
f 12999/11/6 13002/11/6 13006/11/6
f 13006/11/6 13003/11/6 13007/11/6
f 13007/11/6 13003/11/6 13008/11/6
f 13004/3/6 13005/3/6 13010/3/6
f 13010/3/6 13005/3/6 13011/3/6
f 13008/11/6 13009/11/6 13019/11/6
f 13007/11/6 13008/11/6 13019/11/6
f 13019/11/6 13009/11/6 13020/11/6
f 13012/12/6 13013/12/6 13021/12/6
f 13021/12/6 13013/12/6 13022/12/6
f 13014/12/6 13015/12/6 13023/12/6
f 13023/12/6 13015/12/6 13024/12/6
f 13017/3/6 13018/3/6 13027/3/6
f 13016/3/6 13017/3/6 13027/3/6
f 13027/3/6 13018/3/6 13028/3/6
f 13023/13/6 13024/13/6 13029/13/6
f 13024/7/6 13025/7/6 13030/7/6
f 13029/13/6 13024/13/6 13030/13/6
f 13025/3/6 13026/3/6 13031/3/6
f 13030/7/6 13025/7/6 13031/7/6
f 13031/3/6 13026/3/6 13032/3/6
f 13016/3/6 13027/3/6 13033/3/6
f 13033/3/6 13027/3/6 13034/3/6
f 13020/11/6 13009/11/6 13035/11/6
f 13035/11/6 13009/11/6 13036/11/6
f 13021/13/6 13022/13/6 13037/13/6
f 13037/13/6 13022/13/6 13038/13/6
f 13031/7/6 13032/7/6 13041/7/6
f 13032/3/6 13033/3/6 13042/3/6
f 13041/7/6 13032/7/6 13042/7/6
f 13042/3/6 13033/3/6 13043/3/6
f 13039/12/6 13040/12/6 13044/12/6
f 13039/12/6 13044/12/6 13051/12/6
f 13044/3/6 13045/3/6 13052/3/6
f 13051/12/6 13044/12/6 13052/12/6
f 13045/6/6 13046/6/6 13053/6/6
f 13052/3/6 13045/3/6 13053/3/6
f 13053/6/6 13046/6/6 13054/6/6
f 13046/3/6 13047/3/6 13055/3/6
f 13054/6/6 13046/6/6 13055/6/6
f 13055/3/6 13047/3/6 13056/3/6
f 13047/6/6 13048/6/6 13057/6/6
f 13056/3/6 13047/3/6 13057/3/6
f 13057/6/6 13048/6/6 13058/6/6
f 13049/3/6 13050/3/6 13059/3/6
f 13059/3/6 13050/3/6 13060/3/6
f 13055/6/6 13056/6/6 13061/6/6
f 13054/6/6 13055/6/6 13061/6/6
f 13056/3/6 13057/3/6 13062/3/6
f 13061/6/6 13056/6/6 13062/6/6
f 13062/3/6 13057/3/6 13063/3/6
f 13064/11/6 13065/11/6 13068/11/6
f 13068/11/6 13065/11/6 13069/11/6
f 13066/11/6 13067/11/6 13071/11/6
f 13071/11/6 13067/11/6 13072/11/6
f 13069/11/6 13065/11/6 13073/11/6
f 13073/11/6 13065/11/6 13074/11/6
f 13070/10/6 13071/10/6 13075/10/6
f 13075/10/6 13071/10/6 13076/10/6
f 13075/3/6 13076/3/6 13078/3/6
f 13073/3/6 13074/3/6 13079/3/6
f 13079/3/6 13074/3/6 13080/3/6
f 13077/3/6 13078/3/6 13081/3/6
f 13078/3/6 13076/3/6 13082/3/6
f 13081/3/6 13078/3/6 13082/3/6
f 13079/11/6 13080/11/6 13083/11/6
f 13083/11/6 13080/11/6 13084/11/6
f 13084/11/6 13085/11/6 13086/11/6
f 13086/11/6 13085/11/6 13087/11/6
f 13081/11/6 13082/11/6 13088/11/6
f 13088/11/6 13082/11/6 13089/11/6
f 13090/11/6 13091/11/6 13092/11/6
f 13092/11/6 13091/11/6 13093/11/6
f 13094/13/6 13095/13/6 13097/13/6
f 13097/13/6 13095/13/6 13098/13/6
f 13098/13/6 13095/13/6 13099/13/6
f 13095/9/6 13096/9/6 13100/9/6
f 13099/13/6 13095/13/6 13100/13/6
f 13100/9/6 13096/9/6 13101/9/6
f 13101/9/6 13102/9/6 13103/9/6
f 13100/9/6 13101/9/6 13103/9/6
f 13103/9/6 13102/9/6 13104/9/6
f 13104/9/6 13102/9/6 13105/9/6
f 13103/13/6 13104/13/6 13112/13/6
f 13112/13/6 13104/13/6 13113/13/6
f 13106/3/6 13107/3/6 13116/3/6
f 13116/3/6 13107/3/6 13117/3/6
f 13117/3/6 13107/3/6 13118/3/6
f 13118/3/6 13107/3/6 13119/3/6
f 13108/12/6 13109/12/6 13120/12/6
f 13120/12/6 13109/12/6 13121/12/6
f 13110/3/6 13111/3/6 13122/3/6
f 13122/3/6 13111/3/6 13123/3/6
f 13123/3/6 13111/3/6 13124/3/6
f 13124/3/6 13111/3/6 13125/3/6
f 13113/7/6 13114/7/6 13127/7/6
f 13112/7/6 13113/7/6 13127/7/6
f 13127/7/6 13114/7/6 13128/7/6
f 13115/12/6 13116/12/6 13129/12/6
f 13116/12/6 13117/12/6 13129/12/6
f 13129/12/6 13117/12/6 13130/12/6
f 13124/3/6 13125/3/6 13131/3/6
f 13125/12/6 13126/12/6 13132/12/6
f 13131/3/6 13125/3/6 13132/3/6
f 13132/12/6 13126/12/6 13135/12/6
f 13131/12/6 13132/12/6 13135/12/6
f 13135/12/6 13126/12/6 13136/12/6
f 13133/3/6 13134/3/6 13138/3/6
f 13138/3/6 13134/3/6 13139/3/6
f 13130/12/6 13117/12/6 13140/12/6
f 13136/7/6 13137/7/6 13141/7/6
f 13135/7/6 13136/7/6 13141/7/6
f 13141/7/6 13137/7/6 13142/7/6
f 13143/3/6 13144/3/6 13145/3/6
f 13139/7/6 13140/7/6 13148/7/6
f 13140/12/6 13117/12/6 13149/12/6
f 13148/7/6 13140/7/6 13149/7/6
f 13145/3/6 13146/3/6 13150/3/6
f 13143/3/6 13145/3/6 13150/3/6
f 13150/3/6 13146/3/6 13151/3/6
f 13147/7/6 13148/7/6 13152/7/6
f 13148/12/6 13149/12/6 13153/12/6
f 13152/7/6 13148/7/6 13153/7/6
f 13149/12/6 13117/12/6 13154/12/6
f 13153/12/6 13149/12/6 13154/12/6
f 13135/7/6 13141/7/6 13155/7/6
f 13131/12/6 13135/12/6 13155/12/6
f 13155/7/6 13141/7/6 13156/7/6
f 13151/3/6 13146/3/6 13157/3/6
f 13157/3/6 13146/3/6 13158/3/6
f 13154/12/6 13117/12/6 13159/12/6
f 13159/12/6 13117/12/6 13160/12/6
f 13159/13/6 13160/13/6 13163/13/6
f 13131/12/6 13155/12/6 13168/12/6
f 13161/3/6 13162/3/6 13169/3/6
f 13169/3/6 13162/3/6 13170/3/6
f 13159/13/6 13163/13/6 13171/13/6
f 13163/12/6 13164/12/6 13172/12/6
f 13171/13/6 13163/13/6 13172/13/6
f 13164/12/6 13165/12/6 13172/12/6
f 13172/12/6 13165/12/6 13173/12/6
f 13173/12/6 13165/12/6 13174/12/6
f 13166/12/6 13167/12/6 13177/12/6
f 13167/12/6 13168/12/6 13177/12/6
f 13177/12/6 13168/12/6 13178/12/6
f 13168/12/6 13155/12/6 13179/12/6
f 13178/12/6 13168/12/6 13179/12/6
f 13179/12/6 13155/12/6 13180/12/6
f 13173/3/6 13174/3/6 13181/3/6
f 13174/6/6 13175/6/6 13182/6/6
f 13181/3/6 13174/3/6 13182/3/6
f 13175/3/6 13176/3/6 13183/3/6
f 13182/6/6 13175/6/6 13183/6/6
f 13176/6/6 13177/6/6 13184/6/6
f 13183/3/6 13176/3/6 13184/3/6
f 13177/3/6 13178/3/6 13185/3/6
f 13184/6/6 13177/6/6 13185/6/6
f 13178/12/6 13179/12/6 13186/12/6
f 13185/3/6 13178/3/6 13186/3/6
f 13186/12/6 13179/12/6 13187/12/6
f 13188/11/6 13189/11/6 13190/11/6
f 13190/11/6 13189/11/6 13191/11/6
f 13188/11/6 13190/11/6 13192/11/6
f 13192/11/6 13190/11/6 13193/11/6
f 13192/3/6 13193/3/6 13194/3/6
f 13194/3/6 13193/3/6 13195/3/6
f 13192/3/6 13194/3/6 13196/3/6
f 13196/3/6 13194/3/6 13197/3/6
f 13196/11/6 13197/11/6 13198/11/6
f 13198/11/6 13197/11/6 13199/11/6
f 13199/11/6 13197/11/6 13200/11/6
f 13200/11/6 13197/11/6 13201/11/6
f 13202/5/6 13203/5/6 13204/5/6
f 13204/5/6 13203/5/6 13205/5/6
f 13206/11/6 13207/11/6 13208/11/6
f 13208/11/6 13207/11/6 13209/11/6
f 13210/11/6 13211/11/6 13213/11/6
f 13212/11/6 13213/11/6 13217/11/6
f 13213/11/6 13211/11/6 13218/11/6
f 13217/11/6 13213/11/6 13218/11/6
f 13214/9/6 13215/9/6 13219/9/6
f 13219/9/6 13215/9/6 13220/9/6
f 13216/11/6 13217/11/6 13221/11/6
f 13221/11/6 13217/11/6 13222/11/6
f 13221/7/6 13222/7/6 13227/7/6
f 13220/7/6 13221/7/6 13227/7/6
f 13227/7/6 13222/7/6 13228/7/6
f 13228/7/6 13222/7/6 13229/7/6
f 13223/7/6 13224/7/6 13232/7/6
f 13232/7/6 13224/7/6 13233/7/6
f 13225/7/6 13226/7/6 13234/7/6
f 13234/7/6 13226/7/6 13235/7/6
f 13227/3/6 13228/3/6 13236/3/6
f 13236/3/6 13228/3/6 13237/3/6
f 13230/7/6 13231/7/6 13240/7/6
f 13240/7/6 13231/7/6 13241/7/6
f 13238/5/6 13239/5/6 13244/5/6
f 13244/5/6 13239/5/6 13245/5/6
f 13242/3/6 13243/3/6 13248/3/6
f 13248/3/6 13243/3/6 13249/3/6
f 13246/3/6 13247/3/6 13250/3/6
f 13250/3/6 13247/3/6 13251/3/6
f 13242/3/6 13248/3/6 13254/3/6
f 13254/3/6 13248/3/6 13255/3/6
f 13254/7/6 13255/7/6 13256/7/6
f 13256/7/6 13255/7/6 13257/7/6
f 13252/3/6 13253/3/6 13258/3/6
f 13258/3/6 13253/3/6 13259/3/6
f 13223/7/6 13232/7/6 13260/7/6
f 13260/7/6 13232/7/6 13261/7/6
f 13235/7/6 13226/7/6 13262/7/6
f 13262/7/6 13226/7/6 13263/7/6
f 13264/5/6 13265/5/6 13266/5/6
f 13266/5/6 13265/5/6 13267/5/6
f 13268/4/6 13269/4/6 13274/4/6
f 13274/4/6 13269/4/6 13275/4/6
f 13275/4/6 13269/4/6 13276/4/6
f 13270/7/6 13271/7/6 13278/7/6
f 13278/7/6 13271/7/6 13279/7/6
f 13272/4/6 13273/4/6 13280/4/6
f 13280/4/6 13273/4/6 13281/4/6
f 13276/4/6 13277/4/6 13282/4/6
f 13275/4/6 13276/4/6 13282/4/6
f 13282/4/6 13277/4/6 13283/4/6
f 13278/3/6 13279/3/6 13288/3/6
f 13288/3/6 13279/3/6 13289/3/6
f 13284/5/6 13285/5/6 13290/5/6
f 13290/5/6 13285/5/6 13291/5/6
f 13286/3/6 13287/3/6 13292/3/6
f 13286/3/6 13292/3/6 13293/3/6
f 13293/3/6 13292/3/6 13294/3/6
f 13289/3/6 13279/3/6 13295/3/6
f 13295/3/6 13279/3/6 13296/3/6
f 13293/11/6 13294/11/6 13299/11/6
f 13294/3/6 13295/3/6 13300/3/6
f 13299/11/6 13294/11/6 13300/11/6
f 13300/3/6 13295/3/6 13301/3/6
f 13299/11/6 13300/11/6 13302/11/6
f 13302/11/6 13300/11/6 13303/11/6
f 13297/3/6 13298/3/6 13308/3/6
f 13308/3/6 13298/3/6 13309/3/6
f 13304/12/6 13305/12/6 13310/12/6
f 13310/12/6 13305/12/6 13311/12/6
f 13306/12/6 13307/12/6 13312/12/6
f 13312/12/6 13307/12/6 13313/12/6
f 13314/5/6 13315/5/6 13318/5/6
f 13318/5/6 13315/5/6 13319/5/6
f 13316/11/6 13317/11/6 13320/11/6
f 13320/11/6 13317/11/6 13321/11/6
f 13322/5/6 13323/5/6 13330/5/6
f 13330/5/6 13323/5/6 13331/5/6
f 13324/5/6 13325/5/6 13332/5/6
f 13326/4/6 13327/4/6 13334/4/6
f 13334/4/6 13327/4/6 13335/4/6
f 13328/4/6 13329/4/6 13336/4/6
f 13336/4/6 13329/4/6 13337/4/6
f 13324/5/6 13332/5/6 13338/5/6
f 13332/3/6 13333/3/6 13339/3/6
f 13338/5/6 13332/5/6 13339/5/6
f 13338/3/6 13339/3/6 13340/3/6
f 13339/3/6 13333/3/6 13341/3/6
f 13340/3/6 13339/3/6 13341/3/6
f 13342/11/6 13343/11/6 13344/11/6
f 13344/11/6 13343/11/6 13345/11/6
f 13346/4/6 13347/4/6 13348/4/6
f 13348/4/6 13347/4/6 13349/4/6
f 13350/5/6 13351/5/6 13352/5/6
f 13352/5/6 13351/5/6 13353/5/6
f 13353/5/6 13354/5/6 13357/5/6
f 13355/11/6 13356/11/6 13359/11/6
f 13359/11/6 13356/11/6 13360/11/6
f 13357/5/6 13358/5/6 13361/5/6
f 13353/5/6 13357/5/6 13361/5/6
f 13361/5/6 13358/5/6 13362/5/6
f 13362/5/6 13358/5/6 13365/5/6
f 13365/5/6 13358/5/6 13366/5/6
f 13363/3/6 13364/3/6 13367/3/6
f 13367/3/6 13364/3/6 13368/3/6
f 13367/13/6 13368/13/6 13370/13/6
f 13370/13/6 13368/13/6 13371/13/6
f 13373/11/6 13374/11/6 13375/11/6
f 13375/11/6 13374/11/6 13376/11/6
f 13376/11/6 13374/11/6 13377/11/6
f 13370/13/6 13371/13/6 13378/13/6
f 13369/13/6 13370/13/6 13378/13/6
f 13371/13/6 13372/13/6 13378/13/6
f 13378/13/6 13372/13/6 13379/13/6
f 13380/4/6 13381/4/6 13384/4/6
f 13382/4/6 13383/4/6 13384/4/6
f 13381/4/6 13382/4/6 13384/4/6
f 13384/4/6 13383/4/6 13385/4/6
f 13385/4/6 13383/4/6 13386/4/6
f 13386/4/6 13383/4/6 13387/4/6
f 13388/10/6 13389/10/6 13394/10/6
f 13394/10/6 13389/10/6 13395/10/6
f 13390/10/6 13391/10/6 13400/10/6
f 13400/10/6 13391/10/6 13401/10/6
f 13392/11/6 13393/11/6 13402/11/6
f 13402/11/6 13393/11/6 13403/11/6
f 13403/11/6 13393/11/6 13404/11/6
f 13394/8/6 13395/8/6 13405/8/6
f 13405/8/6 13395/8/6 13406/8/6
f 13398/3/6 13399/3/6 13407/3/6
f 13396/3/6 13397/3/6 13407/3/6
f 13397/3/6 13398/3/6 13407/3/6
f 13407/3/6 13399/3/6 13408/3/6
f 13400/8/6 13401/8/6 13409/8/6
f 13409/8/6 13401/8/6 13410/8/6
f 13403/11/6 13404/11/6 13411/11/6
f 13411/11/6 13404/11/6 13412/11/6
f 13413/11/6 13414/11/6 13419/11/6
f 13419/11/6 13414/11/6 13420/11/6
f 13420/11/6 13414/11/6 13421/11/6
f 13415/3/6 13416/3/6 13422/3/6
f 13422/3/6 13416/3/6 13423/3/6
f 13417/3/6 13418/3/6 13424/3/6
f 13424/3/6 13418/3/6 13425/3/6
f 13426/4/6 13427/4/6 13428/4/6
f 13428/4/6 13427/4/6 13429/4/6
f 13430/2/6 13431/2/6 13433/2/6
f 13433/2/6 13431/2/6 13434/2/6
f 13432/2/6 13433/2/6 13436/2/6
f 13436/2/6 13433/2/6 13437/2/6
f 13434/2/6 13435/2/6 13438/2/6
f 13438/2/6 13435/2/6 13439/2/6
f 13440/10/6 13441/10/6 13448/10/6
f 13441/8/6 13442/8/6 13449/8/6
f 13448/10/6 13441/10/6 13449/10/6
f 13442/10/6 13443/10/6 13450/10/6
f 13449/8/6 13442/8/6 13450/8/6
f 13450/10/6 13443/10/6 13451/10/6
f 13444/10/6 13445/10/6 13452/10/6
f 13445/8/6 13446/8/6 13453/8/6
f 13452/10/6 13445/10/6 13453/10/6
f 13446/10/6 13447/10/6 13454/10/6
f 13453/8/6 13446/8/6 13454/8/6
f 13454/10/6 13447/10/6 13455/10/6
f 13448/8/6 13449/8/6 13456/8/6
f 13454/8/6 13455/8/6 13462/8/6
f 13448/8/6 13456/8/6 13465/8/6
f 13457/3/6 13458/3/6 13467/3/6
f 13463/11/6 13464/11/6 13468/11/6
f 13448/8/6 13465/8/6 13470/8/6
f 13470/8/6 13465/8/6 13471/8/6
f 13466/8/6 13467/8/6 13472/8/6
f 13467/3/6 13458/3/6 13473/3/6
f 13472/8/6 13467/8/6 13473/8/6
f 13460/8/6 13461/8/6 13474/8/6
f 13459/3/6 13460/3/6 13474/3/6
f 13474/8/6 13461/8/6 13475/8/6
f 13462/8/6 13455/8/6 13476/8/6
f 13476/8/6 13455/8/6 13477/8/6
f 13468/11/6 13469/11/6 13478/11/6
f 13463/11/6 13468/11/6 13478/11/6
f 13478/11/6 13469/11/6 13479/11/6
f 13472/3/6 13473/3/6 13480/3/6
f 13473/3/6 13458/3/6 13481/3/6
f 13480/3/6 13473/3/6 13481/3/6
f 13474/3/6 13475/3/6 13482/3/6
f 13459/3/6 13474/3/6 13482/3/6
f 13482/3/6 13475/3/6 13483/3/6
f 13479/11/6 13469/11/6 13484/11/6
f 13484/11/6 13469/11/6 13485/11/6
f 13486/3/6 13487/3/6 13488/3/6
f 13488/3/6 13487/3/6 13489/3/6
f 13489/3/6 13490/3/6 13491/3/6
f 13491/3/6 13490/3/6 13492/3/6
f 13493/2/6 13494/2/6 13496/2/6
f 13496/2/6 13494/2/6 13497/2/6
f 13495/2/6 13496/2/6 13499/2/6
f 13499/2/6 13496/2/6 13500/2/6
f 13497/2/6 13498/2/6 13501/2/6
f 13501/2/6 13498/2/6 13502/2/6
f 13503/10/6 13504/10/6 13509/10/6
f 13504/3/6 13505/3/6 13510/3/6
f 13509/10/6 13504/10/6 13510/10/6
f 13510/3/6 13505/3/6 13511/3/6
f 13506/3/6 13507/3/6 13512/3/6
f 13507/10/6 13508/10/6 13513/10/6
f 13512/3/6 13507/3/6 13513/3/6
f 13513/10/6 13508/10/6 13514/10/6
f 13515/2/6 13516/2/6 13517/2/6
f 13517/2/6 13516/2/6 13518/2/6
f 13519/3/6 13520/3/6 13523/3/6
f 13523/3/6 13520/3/6 13524/3/6
f 13521/3/6 13522/3/6 13527/3/6
f 13527/3/6 13522/3/6 13528/3/6
f 13521/3/6 13527/3/6 13529/3/6
f 13529/3/6 13527/3/6 13530/3/6
f 13525/3/6 13526/3/6 13532/3/6
f 13532/3/6 13526/3/6 13533/3/6
f 13530/3/6 13531/3/6 13534/3/6
f 13534/3/6 13531/3/6 13535/3/6
f 13535/3/6 13536/3/6 13537/3/6
f 13537/3/6 13536/3/6 13538/3/6
f 13539/3/6 13540/3/6 13541/3/6
f 13541/3/6 13540/3/6 13542/3/6
f 13543/3/6 13544/3/6 13546/3/6
f 13546/3/6 13544/3/6 13547/3/6
f 13545/3/6 13546/3/6 13548/3/6
f 13548/3/6 13546/3/6 13549/3/6
f 13547/3/6 13544/3/6 13550/3/6
f 13549/3/6 13550/3/6 13551/3/6
f 13550/3/6 13544/3/6 13552/3/6
f 13551/3/6 13550/3/6 13552/3/6
f 13553/3/6 13554/3/6 13555/3/6
f 13555/3/6 13554/3/6 13556/3/6
f 13557/3/6 13558/3/6 13559/3/6
f 13559/3/6 13558/3/6 13560/3/6
f 13557/3/6 13559/3/6 13561/3/6
f 13560/3/6 13558/3/6 13562/3/6
f 13557/3/6 13561/3/6 13563/3/6
f 13561/3/6 13562/3/6 13563/3/6
f 13562/3/6 13558/3/6 13564/3/6
f 13563/3/6 13562/3/6 13564/3/6
f 13565/2/6 13566/2/6 13568/2/6
f 13568/2/6 13566/2/6 13569/2/6
f 13567/2/6 13568/2/6 13571/2/6
f 13571/2/6 13568/2/6 13572/2/6
f 13569/2/6 13570/2/6 13573/2/6
f 13573/2/6 13570/2/6 13574/2/6
f 13572/2/6 13573/2/6 13575/2/6
f 13575/2/6 13573/2/6 13576/2/6
f 13577/3/6 13578/3/6 13579/3/6
f 13579/3/6 13578/3/6 13580/3/6
f 13581/3/6 13582/3/6 13587/3/6
f 13585/3/6 13586/3/6 13588/3/6
f 13583/3/6 13584/3/6 13588/3/6
f 13584/3/6 13585/3/6 13588/3/6
f 13581/3/6 13587/3/6 13589/3/6
f 13587/3/6 13588/3/6 13589/3/6
f 13588/3/6 13586/3/6 13590/3/6
f 13589/3/6 13588/3/6 13590/3/6
f 13591/3/6 13592/3/6 13593/3/6
f 13593/3/6 13592/3/6 13594/3/6
f 13595/3/6 13596/3/6 13599/3/6
f 13599/3/6 13596/3/6 13600/3/6
f 13597/3/6 13598/3/6 13601/3/6
f 13601/3/6 13598/3/6 13602/3/6
f 13603/3/6 13604/3/6 13606/3/6
f 13606/3/6 13604/3/6 13607/3/6
f 13605/3/6 13606/3/6 13610/3/6
f 13610/3/6 13606/3/6 13611/3/6
f 13608/3/6 13609/3/6 13612/3/6
f 13612/3/6 13609/3/6 13613/3/6
f 13614/3/6 13615/3/6 13616/3/6
f 13616/3/6 13615/3/6 13617/3/6
f 13618/3/6 13619/3/6 13620/3/6
f 13620/3/6 13619/3/6 13621/3/6
f 13622/3/6 13623/3/6 13624/3/6
f 13622/3/6 13624/3/6 13625/3/6
f 13625/3/6 13624/3/6 13626/3/6
f 13627/3/6 13628/3/6 13629/3/6
f 13629/3/6 13628/3/6 13630/3/6
f 13630/3/6 13628/3/6 13631/3/6
f 13632/3/6 13633/3/6 13634/3/6
f 13632/3/6 13634/3/6 13636/3/6
f 13634/3/6 13635/3/6 13636/3/6
f 13636/3/6 13635/3/6 13637/3/6
f 13637/3/6 13635/3/6 13638/3/6
f 13638/3/6 13635/3/6 13639/3/6
